sal_code_2021,name,state,population,suburb_area_sq_km,Median_rent_weekly_x,Median_rent_weekly_y,median_rent_weekly
SAL10001,Aarons Pass,NSW,33.0,117.67,0.0,0.0,0.0
SAL10002,Abbotsbury,NSW,4200.0,7.24,550.0,550.0,550.0
SAL10003,Abbotsford (Nsw),NSW,5431.0,1.48,550.0,550.0,550.0
SAL10004,Abercrombie,NSW,1127.0,4.28,393.0,393.0,393.0
SAL10005,Abercrombie River,NSW,21.0,185.11,300.0,300.0,300.0
SAL10006,Aberdare,NSW,2542.0,4.68,303.0,303.0,303.0
SAL10007,Aberdeen (Nsw),NSW,2051.0,58.28,280.0,280.0,280.0
SAL10008,Aberfoyle,NSW,121.0,457.67,210.0,210.0,210.0
SAL10009,Aberglasslyn,NSW,6552.0,8.8,430.0,430.0,430.0
SAL10010,Abermain,NSW,2544.0,21.84,320.0,320.0,320.0
SAL10011,Abernethy,NSW,317.0,11.95,360.0,360.0,360.0
SAL10012,Abington (Nsw),NSW,29.0,234.7,0.0,0.0,0.0
SAL10013,Acacia Creek,NSW,30.0,8.12,275.0,275.0,275.0
SAL10014,Acacia Gardens,NSW,3668.0,1.45,540.0,540.0,540.0
SAL10015,Adaminaby,NSW,339.0,545.98,300.0,300.0,300.0
SAL10016,Adamstown,NSW,6335.0,4.34,395.0,395.0,395.0
SAL10017,Adamstown Heights,NSW,5621.0,3.41,475.0,475.0,475.0
SAL10018,Adelong,NSW,938.0,30.5,205.0,205.0,205.0
SAL10019,Adjungbilly,NSW,101.0,655.06,150.0,150.0,150.0
SAL10020,Afterlee,NSW,32.0,45.27,0.0,0.0,0.0
SAL10021,Agnes Banks,NSW,996.0,22.38,440.0,440.0,440.0
SAL10022,Airds,NSW,3265.0,3.48,220.0,220.0,220.0
SAL10023,Akolele,NSW,165.0,9.19,240.0,240.0,240.0
SAL10024,Albert,NSW,77.0,971.16,0.0,0.0,0.0
SAL10025,Albion Park,NSW,13826.0,13.45,460.0,460.0,460.0
SAL10026,Albion Park Rail,NSW,6920.0,10.59,390.0,390.0,390.0
SAL10027,Albury,NSW,4955.0,8.72,270.0,270.0,270.0
SAL10028,Aldavilla,NSW,1443.0,20.62,350.0,350.0,350.0
SAL10029,Alectown,NSW,151.0,394.35,160.0,160.0,160.0
SAL10030,Alexandria,NSW,9649.0,5.15,560.0,560.0,560.0
SAL10031,Alfords Point,NSW,3131.0,3.74,768.0,768.0,768.0
SAL10032,Alfredtown,NSW,80.0,112.57,265.0,265.0,265.0
SAL10033,Alice,NSW,4.0,17.43,0.0,0.0,0.0
SAL10034,Alison (Central Coast - Nsw),NSW,85.0,2.0,600.0,600.0,600.0
SAL10035,Alison (Dungog - Nsw),NSW,99.0,27.13,270.0,270.0,270.0
SAL10036,Allambie Heights,NSW,7317.0,9.68,600.0,600.0,600.0
SAL10037,Allandale (Nsw),NSW,68.0,14.85,330.0,330.0,330.0
SAL10038,Allawah,NSW,5351.0,0.85,428.0,428.0,428.0
SAL10039,Alleena,NSW,60.0,394.16,250.0,250.0,250.0
SAL10040,Allgomera,NSW,139.0,163.75,130.0,130.0,130.0
SAL10041,Allworth,NSW,190.0,25.75,300.0,300.0,300.0
SAL10042,Allynbrook,NSW,54.0,48.03,587.0,587.0,587.0
SAL10043,Alma Park,NSW,58.0,132.92,185.0,185.0,185.0
SAL10044,Alpine,NSW,141.0,33.92,300.0,300.0,300.0
SAL10045,Alstonvale,NSW,431.0,13.41,310.0,310.0,310.0
SAL10046,Alstonville,NSW,5912.0,37.7,380.0,380.0,380.0
SAL10047,Alumy Creek,NSW,86.0,12.03,310.0,310.0,310.0
SAL10048,Amaroo (Nsw),NSW,44.0,24.01,240.0,240.0,240.0
SAL10049,Ambarvale,NSW,7254.0,4.16,350.0,350.0,350.0
SAL10050,Amosfield,NSW,40.0,75.66,0.0,0.0,0.0
SAL10051,Anabranch North,NSW,6.0,2384.46,0.0,0.0,0.0
SAL10052,Anabranch South,NSW,41.0,3302.99,0.0,0.0,0.0
SAL10053,Anambah,NSW,64.0,16.41,525.0,525.0,525.0
SAL10054,Ando,NSW,49.0,174.97,163.0,163.0,163.0
SAL10055,Anembo,NSW,72.0,261.59,129.0,129.0,129.0
SAL10056,Angledale,NSW,167.0,41.72,260.0,260.0,260.0
SAL10057,Angledool,NSW,34.0,906.45,50.0,50.0,50.0
SAL10058,Anglers Reach,NSW,78.0,17.04,195.0,195.0,195.0
SAL10059,Angourie,NSW,192.0,4.68,520.0,520.0,520.0
SAL10060,Angus,NSW,384.0,8.82,350.0,350.0,350.0
SAL10061,Anna Bay,NSW,4221.0,31.56,390.0,390.0,390.0
SAL10062,Annandale (Nsw),NSW,9487.0,2.17,570.0,570.0,570.0
SAL10063,Annangrove,NSW,1472.0,14.83,500.0,500.0,500.0
SAL10064,Appin (Nsw),NSW,3213.0,149.59,450.0,450.0,450.0
SAL10065,Apple Tree Flat,NSW,46.0,24.09,480.0,480.0,480.0
SAL10066,Appleby,NSW,35.0,24.76,345.0,345.0,345.0
SAL10067,Appletree Flat,NSW,16.0,40.24,285.0,285.0,285.0
SAL10068,Apsley (Nsw),NSW,116.0,39.9,300.0,300.0,300.0
SAL10069,Arable,NSW,21.0,179.84,350.0,350.0,350.0
SAL10070,Arakoon,NSW,445.0,33.8,400.0,400.0,400.0
SAL10071,Araluen (Nsw),NSW,209.0,184.02,225.0,225.0,225.0
SAL10072,Aratula (Nsw),NSW,4.0,248.74,0.0,0.0,0.0
SAL10073,Arcadia (Nsw),NSW,1475.0,32.39,485.0,485.0,485.0
SAL10074,Arcadia Vale,NSW,1431.0,1.92,385.0,385.0,385.0
SAL10075,Ardglen,NSW,50.0,100.2,100.0,100.0,100.0
SAL10076,Arding,NSW,182.0,74.12,210.0,210.0,210.0
SAL10077,Ardlethan,NSW,472.0,792.39,150.0,150.0,150.0
SAL10078,Argalong,NSW,16.0,199.05,0.0,0.0,0.0
SAL10079,Argenton,NSW,1352.0,2.17,350.0,350.0,350.0
SAL10080,Argents Hill,NSW,207.0,103.28,202.0,202.0,202.0
SAL10081,Argoon,NSW,16.0,368.41,0.0,0.0,0.0
SAL10082,Ariah Park,NSW,439.0,719.95,160.0,160.0,160.0
SAL10083,Arkell,NSW,36.0,96.93,250.0,250.0,250.0
SAL10084,Arkstone,NSW,24.0,115.88,0.0,0.0,0.0
SAL10085,Armatree,NSW,164.0,668.41,100.0,100.0,100.0
SAL10086,Armidale,NSW,23967.0,371.11,290.0,290.0,290.0
SAL10087,Arncliffe,NSW,12023.0,4.29,500.0,500.0,500.0
SAL10088,Arndell Park,NSW,6.0,2.9,530.0,530.0,530.0
SAL10089,Arrawarra,NSW,591.0,3.77,200.0,200.0,200.0
SAL10090,Arrawarra Headland,NSW,615.0,3.59,373.0,373.0,373.0
SAL10091,Artarmon,NSW,9417.0,3.68,525.0,525.0,525.0
SAL10092,Arthurville,NSW,47.0,102.4,0.0,0.0,0.0
SAL10093,Arumpo,NSW,40.0,7802.42,25.0,25.0,25.0
SAL10094,Ashbury,NSW,3353.0,1.5,600.0,600.0,600.0
SAL10095,Ashby (Nsw),NSW,316.0,18.56,350.0,350.0,350.0
SAL10096,Ashby Heights,NSW,292.0,42.77,310.0,310.0,310.0
SAL10097,Ashby Island,NSW,18.0,3.19,0.0,0.0,0.0
SAL10098,Ashcroft,NSW,3634.0,1.68,295.0,295.0,295.0
SAL10099,Ashfield (Nsw),NSW,23012.0,4.97,440.0,440.0,440.0
SAL10100,Ashford (Nsw),NSW,659.0,898.88,185.0,185.0,185.0
SAL10101,Ashley,NSW,351.0,438.67,280.0,280.0,280.0
SAL10102,Ashmont,NSW,3747.0,3.64,220.0,220.0,220.0
SAL10103,Ashtonfield,NSW,4589.0,9.69,440.0,440.0,440.0
SAL10104,Asquith,NSW,6160.0,5.07,490.0,490.0,490.0
SAL10105,Atholwood,NSW,68.0,597.0,84.0,84.0,84.0
SAL10106,Attunga,NSW,542.0,298.08,300.0,300.0,300.0
SAL10107,Auburn (Nsw),NSW,39333.0,12.45,410.0,410.0,410.0
SAL10108,Auburn Vale,NSW,127.0,84.86,335.0,335.0,335.0
SAL10109,Austinmer,NSW,2725.0,4.93,550.0,550.0,550.0
SAL10110,Austral,NSW,6847.0,25.71,520.0,520.0,520.0
SAL10111,Austral Eden,NSW,145.0,18.6,260.0,260.0,260.0
SAL10112,Avalon Beach,NSW,10379.0,7.45,700.0,700.0,700.0
SAL10113,Avisford,NSW,45.0,25.95,380.0,380.0,380.0
SAL10114,Avoca (Nsw),NSW,208.0,36.42,330.0,330.0,330.0
SAL10115,Avoca Beach,NSW,4708.0,6.4,530.0,530.0,530.0
SAL10116,Avon (Nsw),NSW,0.0,391.65,0.0,0.0,0.0
SAL10117,Avondale (Nsw),NSW,1695.0,27.04,300.0,300.0,300.0
SAL10118,Avonside,NSW,157.0,88.72,500.0,500.0,500.0
SAL10119,Awaba,NSW,430.0,32.98,300.0,300.0,300.0
SAL10120,Aylmerton,NSW,195.0,4.12,430.0,430.0,430.0
SAL10121,Baan Baa,NSW,166.0,345.03,300.0,300.0,300.0
SAL10122,Babinda (Nsw),NSW,14.0,663.09,200.0,200.0,200.0
SAL10123,Babyl Creek,NSW,4.0,33.78,0.0,0.0,0.0
SAL10124,Back Creek (Bland - Nsw),NSW,54.0,654.03,133.0,133.0,133.0
SAL10125,Back Creek (Gwydir - Nsw),NSW,20.0,160.84,0.0,0.0,0.0
SAL10126,Back Creek (Mid-Coast - Nsw),NSW,20.0,43.93,0.0,0.0,0.0
SAL10127,Back Creek (Queanbeyan-Palerang Regional - Nsw),NSW,7.0,59.14,380.0,380.0,380.0
SAL10128,Back Creek (Tenterfield - Nsw),NSW,4.0,262.73,81.0,81.0,81.0
SAL10129,Back Creek (Tweed - Nsw),NSW,27.0,9.65,350.0,350.0,350.0
SAL10130,Back Forest,NSW,91.0,8.9,252.0,252.0,252.0
SAL10131,Backmede,NSW,153.0,38.51,276.0,276.0,276.0
SAL10132,Backwater,NSW,19.0,169.19,0.0,0.0,0.0
SAL10133,Badgerys Creek,NSW,168.0,39.25,505.0,505.0,505.0
SAL10134,Badja,NSW,9.0,199.77,0.0,0.0,0.0
SAL10135,Baerami,NSW,93.0,212.75,245.0,245.0,245.0
SAL10136,Baerami Creek,NSW,27.0,518.61,250.0,250.0,250.0
SAL10137,Bagnoo,NSW,43.0,52.12,275.0,275.0,275.0
SAL10138,Bago,NSW,45.0,87.0,345.0,345.0,345.0
SAL10139,Bagotville,NSW,60.0,13.01,450.0,450.0,450.0
SAL10140,Bakers Creek (Mid-Coast - Nsw),NSW,41.0,56.4,250.0,250.0,250.0
SAL10141,Bakers Creek (Nambucca Valley - Nsw),NSW,24.0,77.84,100.0,100.0,100.0
SAL10142,Bakers Creek (Uralla - Nsw),NSW,13.0,217.6,0.0,0.0,0.0
SAL10143,Bakers Swamp,NSW,60.0,193.6,180.0,180.0,180.0
SAL10144,Balaclava (Nsw),NSW,574.0,3.5,500.0,500.0,500.0
SAL10145,Balala,NSW,122.0,483.85,175.0,175.0,175.0
SAL10146,Balcolyn,NSW,1002.0,1.06,390.0,390.0,390.0
SAL10147,Bald Blair,NSW,53.0,135.92,300.0,300.0,300.0
SAL10148,Bald Hills (Nsw),NSW,321.0,16.79,375.0,375.0,375.0
SAL10149,Bald Nob,NSW,20.0,103.01,205.0,205.0,205.0
SAL10150,Bald Ridge,NSW,17.0,197.78,200.0,200.0,200.0
SAL10151,Baldersleigh,NSW,55.0,220.96,0.0,0.0,0.0
SAL10152,Baldry,NSW,67.0,673.4,171.0,171.0,171.0
SAL10153,Balfours Peak,NSW,45.0,226.29,225.0,225.0,225.0
SAL10154,Balgowlah,NSW,8068.0,2.84,640.0,640.0,640.0
SAL10155,Balgowlah Heights,NSW,3546.0,2.44,1320.0,1320.0,1320.0
SAL10156,Balgownie,NSW,5722.0,5.47,450.0,450.0,450.0
SAL10157,Balickera,NSW,18.0,38.87,100.0,100.0,100.0
SAL10158,Balladoran,NSW,140.0,338.17,150.0,150.0,150.0
SAL10159,Ballalaba,NSW,29.0,66.39,255.0,255.0,255.0
SAL10160,Balldale,NSW,168.0,291.53,100.0,100.0,100.0
SAL10161,Ballengarra,NSW,97.0,32.1,400.0,400.0,400.0
SAL10162,Ballimore,NSW,240.0,321.04,240.0,240.0,240.0
SAL10163,Ballina,NSW,9735.0,26.77,360.0,360.0,360.0
SAL10164,Ballyroe,NSW,3.0,121.09,0.0,0.0,0.0
SAL10165,Balmain,NSW,10454.0,2.24,625.0,625.0,625.0
SAL10166,Balmain East,NSW,1900.0,0.5,617.0,617.0,617.0
SAL10167,Balmoral (Lake Macquarie - Nsw),NSW,730.0,1.22,380.0,380.0,380.0
SAL10168,Balmoral (Wingecarribee - Nsw),NSW,469.0,38.67,415.0,415.0,415.0
SAL10169,Balranald,NSW,1240.0,7650.02,200.0,200.0,200.0
SAL10170,Bamarang,NSW,35.0,17.6,260.0,260.0,260.0
SAL10171,Banda Banda,NSW,0.0,96.66,0.0,0.0,0.0
SAL10172,Bandon Grove,NSW,135.0,70.77,272.0,272.0,272.0
SAL10173,Bangadang,NSW,11.0,27.01,0.0,0.0,0.0
SAL10174,Bangalee (Nsw),NSW,818.0,9.76,450.0,450.0,450.0
SAL10175,Bangalow,NSW,2752.0,31.82,650.0,650.0,650.0
SAL10176,Bangheet,NSW,37.0,245.1,0.0,0.0,0.0
SAL10177,Bango,NSW,122.0,160.99,650.0,650.0,650.0
SAL10178,Bangor (Nsw),NSW,5536.0,5.72,650.0,650.0,650.0
SAL10179,Banksia,NSW,3277.0,1.39,500.0,500.0,500.0
SAL10180,Banksmeadow,NSW,508.0,6.06,620.0,620.0,620.0
SAL10181,Bankstown,NSW,34933.0,9.25,400.0,400.0,400.0
SAL10182,Bankstown Aerodrome,NSW,5.0,5.43,225.0,225.0,225.0
SAL10183,Bannaby,NSW,47.0,356.89,0.0,0.0,0.0
SAL10184,Bannister (Nsw),NSW,141.0,162.65,660.0,660.0,660.0
SAL10185,Banoon,NSW,19.0,166.27,150.0,150.0,150.0
SAL10186,Banora Point,NSW,16460.0,11.98,440.0,440.0,440.0
SAL10187,Banyabba,NSW,31.0,273.02,450.0,450.0,450.0
SAL10188,Bar Beach,NSW,1292.0,0.72,393.0,393.0,393.0
SAL10189,Bar Point,NSW,122.0,14.47,300.0,300.0,300.0
SAL10190,Bara,NSW,19.0,38.99,280.0,280.0,280.0
SAL10191,Baradine,NSW,783.0,1635.78,157.0,157.0,157.0
SAL10192,Barangaroo,NSW,220.0,0.32,1246.0,1246.0,1246.0
SAL10193,Barcoongere,NSW,0.0,258.32,0.0,0.0,0.0
SAL10194,Barden Ridge,NSW,4129.0,8.17,685.0,685.0,685.0
SAL10195,Bardia,NSW,5747.0,3.08,550.0,550.0,550.0
SAL10196,Bardwell Park,NSW,2320.0,1.39,550.0,550.0,550.0
SAL10197,Bardwell Valley,NSW,2344.0,0.91,550.0,550.0,550.0
SAL10198,Barellan,NSW,459.0,1445.17,200.0,200.0,200.0
SAL10199,Bargo,NSW,4516.0,72.08,410.0,410.0,410.0
SAL10200,Barham,NSW,1569.0,716.71,185.0,185.0,185.0
SAL10201,Barigan,NSW,0.0,174.78,0.0,0.0,0.0
SAL10202,Barkers Vale,NSW,196.0,33.82,260.0,260.0,260.0
SAL10203,Barmedman,NSW,404.0,1035.49,190.0,190.0,190.0
SAL10204,Barneys Reef,NSW,0.0,21.69,0.0,0.0,0.0
SAL10205,Barnsley,NSW,1735.0,5.02,360.0,360.0,360.0
SAL10206,Barooga,NSW,1888.0,149.86,260.0,260.0,260.0
SAL10207,Barraba,NSW,1329.0,705.5,195.0,195.0,195.0
SAL10208,Barrack Heights,NSW,6003.0,3.57,380.0,380.0,380.0
SAL10209,Barrack Point,NSW,725.0,0.64,480.0,480.0,480.0
SAL10210,Barraganyatti,NSW,150.0,68.91,310.0,310.0,310.0
SAL10211,Barragga Bay,NSW,91.0,3.87,242.0,242.0,242.0
SAL10212,Barratta (Nsw),NSW,12.0,989.41,0.0,0.0,0.0
SAL10213,Barren Grounds,NSW,0.0,23.96,0.0,0.0,0.0
SAL10214,Barrengarry,NSW,214.0,62.85,415.0,415.0,415.0
SAL10215,Barretts Creek,NSW,12.0,115.22,180.0,180.0,180.0
SAL10216,Barringella,NSW,30.0,58.73,300.0,300.0,300.0
SAL10217,Barrington (Nsw),NSW,394.0,87.86,270.0,270.0,270.0
SAL10218,Barrington Tops,NSW,0.0,426.33,0.0,0.0,0.0
SAL10219,Barry (Blayney - Nsw),NSW,153.0,53.92,250.0,250.0,250.0
SAL10220,Barry (Tamworth Regional - Nsw),NSW,0.0,133.63,0.0,0.0,0.0
SAL10221,Barwang,NSW,139.0,368.8,250.0,250.0,250.0
SAL10222,Baryulgil,NSW,20.0,1.69,0.0,0.0,0.0
SAL10223,Basin View,NSW,1583.0,10.54,360.0,360.0,360.0
SAL10224,Bass Hill,NSW,10230.0,4.3,450.0,450.0,450.0
SAL10225,Bassendean (Nsw),NSW,5.0,109.99,0.0,0.0,0.0
SAL10226,Batar Creek,NSW,93.0,35.7,0.0,0.0,0.0
SAL10227,Bateau Bay,NSW,12516.0,9.98,400.0,400.0,400.0
SAL10228,Batehaven,NSW,1911.0,3.89,320.0,320.0,320.0
SAL10229,Batemans Bay,NSW,1573.0,50.5,285.0,285.0,285.0
SAL10230,Bathampton,NSW,40.0,32.72,225.0,225.0,225.0
SAL10231,Bathurst,NSW,7001.0,8.47,300.0,300.0,300.0
SAL10232,Batlow,NSW,1270.0,252.8,180.0,180.0,180.0
SAL10233,Baulkham Hills,NSW,37415.0,19.8,520.0,520.0,520.0
SAL10234,Baw Baw (Nsw),NSW,271.0,81.73,405.0,405.0,405.0
SAL10235,Bawley Point,NSW,844.0,30.99,325.0,325.0,325.0
SAL10236,Baxters Ridge,NSW,0.0,140.0,0.0,0.0,0.0
SAL10237,Bayview (Nsw),NSW,3807.0,5.44,850.0,850.0,850.0
SAL10238,Beacon Hill,NSW,7814.0,4.19,730.0,730.0,730.0
SAL10239,Beaconsfield (Nsw),NSW,1172.0,0.22,650.0,650.0,650.0
SAL10240,Bean Creek,NSW,56.0,96.28,150.0,150.0,150.0
SAL10241,Bearbong,NSW,72.0,407.26,700.0,700.0,700.0
SAL10242,Beaumont (Nsw),NSW,117.0,25.34,250.0,250.0,250.0
SAL10243,Beaumont Hills,NSW,9041.0,4.62,650.0,650.0,650.0
SAL10244,Beckom,NSW,123.0,516.1,105.0,105.0,105.0
SAL10245,Bective,NSW,194.0,181.67,305.0,305.0,305.0
SAL10246,Bectric,NSW,53.0,215.03,200.0,200.0,200.0
SAL10247,Bedgerabong,NSW,127.0,196.22,250.0,250.0,250.0
SAL10248,Beechwood,NSW,914.0,13.67,368.0,368.0,368.0
SAL10249,Beecroft,NSW,10291.0,7.42,590.0,590.0,590.0
SAL10250,Beecroft Peninsula,NSW,0.0,69.65,0.0,0.0,0.0
SAL10251,Beelbangera,NSW,358.0,31.33,250.0,250.0,250.0
SAL10252,Beemunnel,NSW,34.0,19.69,0.0,0.0,0.0
SAL10253,Bega,NSW,5013.0,48.56,320.0,320.0,320.0
SAL10254,Beggan Beggan,NSW,128.0,332.77,175.0,175.0,175.0
SAL10255,Belanglo,NSW,22.0,91.05,0.0,0.0,0.0
SAL10256,Belbora,NSW,123.0,142.7,300.0,300.0,300.0
SAL10257,Belfield,NSW,6555.0,2.59,460.0,460.0,460.0
SAL10258,Belford,NSW,176.0,56.32,530.0,530.0,530.0
SAL10259,Belfrayden,NSW,12.0,6.06,180.0,180.0,180.0
SAL10260,Belgravia,NSW,124.0,137.15,129.0,129.0,129.0
SAL10261,Belimbla Park,NSW,576.0,5.35,480.0,480.0,480.0
SAL10262,Bell (Nsw),NSW,44.0,58.4,0.0,0.0,0.0
SAL10263,Bella Vista,NSW,8384.0,6.36,740.0,740.0,740.0
SAL10264,Bellambi,NSW,4039.0,3.44,252.0,252.0,252.0
SAL10265,Bellangry,NSW,114.0,114.82,250.0,250.0,250.0
SAL10266,Bellata,NSW,266.0,1365.02,180.0,180.0,180.0
SAL10267,Bellawongarah,NSW,116.0,26.61,400.0,400.0,400.0
SAL10268,Bellbird,NSW,2338.0,10.88,323.0,323.0,323.0
SAL10269,Bellbird Heights,NSW,805.0,0.57,368.0,368.0,368.0
SAL10270,Bellbrook,NSW,339.0,538.15,200.0,200.0,200.0
SAL10271,Bellevue Hill,NSW,10590.0,3.45,650.0,650.0,650.0
SAL10272,Bellimbopinni,NSW,82.0,21.39,350.0,350.0,350.0
SAL10273,Bellingen,NSW,3923.0,60.26,390.0,390.0,390.0
SAL10274,Bellmount Forest,NSW,120.0,171.51,420.0,420.0,420.0
SAL10275,Belltrees,NSW,37.0,236.98,325.0,325.0,325.0
SAL10276,Belmont (Nsw),NSW,7289.0,15.05,340.0,340.0,340.0
SAL10277,Belmont North,NSW,6291.0,5.18,380.0,380.0,380.0
SAL10278,Belmont South,NSW,1053.0,3.63,273.0,273.0,273.0
SAL10279,Belmore,NSW,13781.0,3.98,380.0,380.0,380.0
SAL10280,Belmore River,NSW,268.0,96.17,230.0,230.0,230.0
SAL10281,Beloka,NSW,20.0,104.03,0.0,0.0,0.0
SAL10282,Belowra,NSW,5.0,580.7,0.0,0.0,0.0
SAL10283,Belrose,NSW,8726.0,19.61,890.0,890.0,890.0
SAL10284,Bemboka,NSW,589.0,519.87,245.0,245.0,245.0
SAL10285,Ben Bullen,NSW,71.0,122.01,160.0,160.0,160.0
SAL10286,Ben Lomond (Nsw),NSW,135.0,371.94,125.0,125.0,125.0
SAL10287,Benandarah,NSW,165.0,195.45,230.0,230.0,230.0
SAL10288,Bendalong,NSW,135.0,21.42,310.0,310.0,310.0
SAL10289,Bendemeer,NSW,486.0,736.27,300.0,300.0,300.0
SAL10290,Bendick Murrell,NSW,143.0,149.23,200.0,200.0,200.0
SAL10291,Bendolba,NSW,253.0,33.38,325.0,325.0,325.0
SAL10292,Bendoura,NSW,108.0,70.94,270.0,270.0,270.0
SAL10293,Benerembah,NSW,140.0,568.46,155.0,155.0,155.0
SAL10294,Bengalla,NSW,16.0,28.88,140.0,140.0,140.0
SAL10295,Bennetts Green,NSW,0.0,0.92,0.0,0.0,0.0
SAL10296,Benolong,NSW,76.0,266.75,240.0,240.0,240.0
SAL10297,Bensville,NSW,2500.0,7.1,463.0,463.0,463.0
SAL10298,Bentley (Nsw),NSW,225.0,74.35,250.0,250.0,250.0
SAL10299,Berala,NSW,8757.0,3.09,380.0,380.0,380.0
SAL10300,Berambing,NSW,104.0,5.92,200.0,200.0,200.0
SAL10301,Beresfield,NSW,3267.0,8.93,350.0,350.0,350.0
SAL10302,Bergalia,NSW,180.0,37.53,600.0,600.0,600.0
SAL10303,Berkeley,NSW,7798.0,10.8,290.0,290.0,290.0
SAL10304,Berkeley Vale,NSW,8951.0,8.82,420.0,420.0,420.0
SAL10305,Berkshire Park,NSW,2149.0,27.89,450.0,450.0,450.0
SAL10306,Berlang,NSW,0.0,140.53,0.0,0.0,0.0
SAL10307,Bermagui,NSW,1865.0,68.5,310.0,310.0,310.0
SAL10308,Berowra,NSW,4762.0,12.0,580.0,580.0,580.0
SAL10309,Berowra Heights,NSW,5286.0,11.57,580.0,580.0,580.0
SAL10310,Berowra Waters,NSW,169.0,2.43,575.0,575.0,575.0
SAL10311,Berrambool,NSW,486.0,1.0,320.0,320.0,320.0
SAL10312,Berrara,NSW,333.0,1.09,335.0,335.0,335.0
SAL10313,Berremangra,NSW,87.0,411.83,0.0,0.0,0.0
SAL10314,Berrico,NSW,33.0,115.8,0.0,0.0,0.0
SAL10315,Berridale,NSW,1300.0,361.11,270.0,270.0,270.0
SAL10316,Berrigal,NSW,39.0,409.37,275.0,275.0,275.0
SAL10317,Berrigan,NSW,1264.0,1092.67,173.0,173.0,173.0
SAL10318,Berrilee,NSW,212.0,17.44,350.0,350.0,350.0
SAL10319,Berrima,NSW,813.0,80.27,490.0,490.0,490.0
SAL10320,Berringer Lake,NSW,30.0,1.4,360.0,360.0,360.0
SAL10321,Berry,NSW,3098.0,76.78,520.0,520.0,520.0
SAL10322,Berry Jerry,NSW,82.0,275.27,200.0,200.0,200.0
SAL10323,Berry Mountain,NSW,29.0,9.74,660.0,660.0,660.0
SAL10324,Berry Park,NSW,182.0,12.49,307.0,307.0,307.0
SAL10325,Berthong,NSW,65.0,246.16,200.0,200.0,200.0
SAL10326,Beryl,NSW,117.0,100.47,410.0,410.0,410.0
SAL10327,Bethungra,NSW,137.0,447.05,113.0,113.0,113.0
SAL10328,Bevendale,NSW,45.0,339.65,180.0,180.0,180.0
SAL10329,Beverley Park,NSW,2646.0,1.47,540.0,540.0,540.0
SAL10330,Beverly Hills,NSW,10483.0,4.4,460.0,460.0,460.0
SAL10331,Bewong,NSW,80.0,6.26,450.0,450.0,450.0
SAL10332,Bexhill,NSW,528.0,25.83,340.0,340.0,340.0
SAL10333,Bexley,NSW,19646.0,6.38,470.0,470.0,470.0
SAL10334,Bexley North,NSW,4281.0,1.79,450.0,450.0,450.0
SAL10335,Biala,NSW,84.0,282.17,230.0,230.0,230.0
SAL10336,Bibbenluke,NSW,82.0,84.1,195.0,195.0,195.0
SAL10337,Biddon,NSW,123.0,405.92,108.0,108.0,108.0
SAL10338,Bidgeemia,NSW,32.0,349.95,0.0,0.0,0.0
SAL10339,Bidwill (Nsw),NSW,4202.0,2.19,200.0,200.0,200.0
SAL10340,Bielsdown Hills,NSW,104.0,38.66,300.0,300.0,300.0
SAL10341,Big Hill (Nsw),NSW,78.0,274.84,550.0,550.0,550.0
SAL10342,Big Jacks Creek,NSW,61.0,126.05,225.0,225.0,225.0
SAL10343,Big Ridge,NSW,16.0,3.58,0.0,0.0,0.0
SAL10344,Big Springs,NSW,135.0,313.15,150.0,150.0,150.0
SAL10345,Bigga,NSW,268.0,880.58,215.0,215.0,215.0
SAL10346,Bilambil,NSW,441.0,12.32,340.0,340.0,340.0
SAL10347,Bilambil Heights,NSW,3491.0,11.0,470.0,470.0,470.0
SAL10348,Bilbul,NSW,586.0,115.44,280.0,280.0,280.0
SAL10349,Bilgola Beach,NSW,251.0,0.48,1075.0,1075.0,1075.0
SAL10350,Bilgola Plateau,NSW,3650.0,2.01,895.0,895.0,895.0
SAL10351,Billeroy,NSW,31.0,550.03,0.0,0.0,0.0
SAL10352,Billilingra,NSW,7.0,99.29,0.0,0.0,0.0
SAL10353,Billimari,NSW,117.0,93.22,220.0,220.0,220.0
SAL10354,Billinudgel,NSW,261.0,11.11,289.0,289.0,289.0
SAL10355,Billys Creek,NSW,79.0,107.44,225.0,225.0,225.0
SAL10356,Billywillinga,NSW,196.0,73.98,200.0,200.0,200.0
SAL10357,Bilpin,NSW,653.0,259.11,410.0,410.0,410.0
SAL10358,Bimberi,NSW,0.0,322.97,0.0,0.0,0.0
SAL10359,Bimbi,NSW,71.0,287.83,130.0,130.0,130.0
SAL10360,Bimbimbie,NSW,113.0,13.85,0.0,0.0,0.0
SAL10361,Binalong,NSW,550.0,416.9,280.0,280.0,280.0
SAL10362,Binda,NSW,291.0,555.29,230.0,230.0,230.0
SAL10363,Bindera,NSW,32.0,62.58,120.0,120.0,120.0
SAL10364,Bingara,NSW,1318.0,359.15,200.0,200.0,200.0
SAL10365,Bingeebeebra Creek,NSW,39.0,32.02,0.0,0.0,0.0
SAL10366,Bingie,NSW,205.0,16.01,273.0,273.0,273.0
SAL10367,Bingleburra,NSW,36.0,96.64,450.0,450.0,450.0
SAL10368,Biniguy,NSW,159.0,409.68,180.0,180.0,180.0
SAL10369,Binjura,NSW,339.0,36.37,425.0,425.0,425.0
SAL10370,Binna Burra (Nsw),NSW,223.0,14.87,400.0,400.0,400.0
SAL10371,Binnaway,NSW,658.0,1230.02,150.0,150.0,150.0
SAL10372,Binya,NSW,122.0,1016.97,250.0,250.0,250.0
SAL10373,Birchgrove,NSW,3228.0,0.85,700.0,700.0,700.0
SAL10374,Birdwood (Nsw),NSW,34.0,111.18,250.0,250.0,250.0
SAL10375,Birganbigil,NSW,59.0,140.24,100.0,100.0,100.0
SAL10376,Birmingham Gardens,NSW,2598.0,1.12,380.0,380.0,380.0
SAL10377,Birriwa,NSW,45.0,107.92,270.0,270.0,270.0
SAL10378,Birrong,NSW,3331.0,1.74,440.0,440.0,440.0
SAL10379,Bishops Bridge,NSW,218.0,20.66,185.0,185.0,185.0
SAL10380,Bithramere,NSW,163.0,95.85,350.0,350.0,350.0
SAL10381,Black Creek (Port Macquarie-Hastings - Nsw),NSW,47.0,76.56,0.0,0.0,0.0
SAL10382,Black Creek (Snowy Valleys - Nsw),NSW,16.0,16.53,0.0,0.0,0.0
SAL10383,Black Head,NSW,972.0,4.27,375.0,375.0,375.0
SAL10384,Black Hill (Nsw),NSW,516.0,64.91,586.0,586.0,586.0
SAL10385,Black Hollow,NSW,11.0,199.14,0.0,0.0,0.0
SAL10386,Black Mountain (Nsw),NSW,291.0,299.7,225.0,225.0,225.0
SAL10387,Black Range (Nsw),NSW,230.0,20.75,380.0,380.0,380.0
SAL10388,Black Springs (Nsw),NSW,227.0,252.44,200.0,200.0,200.0
SAL10389,Blackalls Park,NSW,2812.0,4.33,350.0,350.0,350.0
SAL10390,Blackbutt (Nsw),NSW,3291.0,3.81,420.0,420.0,420.0
SAL10391,Blackett,NSW,3586.0,1.54,310.0,310.0,310.0
SAL10392,Blackheath,NSW,4672.0,47.12,380.0,380.0,380.0
SAL10393,Blackmans Flat,NSW,22.0,47.36,360.0,360.0,360.0
SAL10394,Blackmans Point,NSW,178.0,16.77,260.0,260.0,260.0
SAL10395,Blacksmiths,NSW,1881.0,2.78,390.0,390.0,390.0
SAL10396,Blacktown,NSW,50961.0,23.31,400.0,400.0,400.0
SAL10397,Blackville,NSW,128.0,385.76,172.0,172.0,172.0
SAL10398,Blackwall (Nsw),NSW,1941.0,1.65,390.0,390.0,390.0
SAL10399,Blair Athol (Nsw),NSW,2725.0,1.32,470.0,470.0,470.0
SAL10400,Blairmount,NSW,409.0,4.28,385.0,385.0,385.0
SAL10401,Blakebrook,NSW,132.0,20.42,335.0,335.0,335.0
SAL10402,Blakehurst,NSW,6652.0,3.36,600.0,600.0,600.0
SAL10403,Blakney Creek,NSW,92.0,269.06,350.0,350.0,350.0
SAL10404,Bland,NSW,61.0,447.62,0.0,0.0,0.0
SAL10405,Blandford,NSW,205.0,131.7,200.0,200.0,200.0
SAL10406,Blaxland (Nsw),NSW,7434.0,14.03,420.0,420.0,420.0
SAL10407,Blaxlands Creek,NSW,113.0,142.96,275.0,275.0,275.0
SAL10408,Blaxlands Ridge,NSW,589.0,60.54,470.0,470.0,470.0
SAL10409,Blayney,NSW,3448.0,265.73,265.0,265.0,265.0
SAL10410,Bligh Park,NSW,6220.0,3.06,410.0,410.0,410.0
SAL10411,Blighty,NSW,192.0,336.71,124.0,124.0,124.0
SAL10412,Blowering,NSW,3.0,251.5,0.0,0.0,0.0
SAL10413,Blue Bay,NSW,1060.0,0.68,380.0,380.0,380.0
SAL10414,Blue Haven,NSW,6563.0,3.62,420.0,420.0,420.0
SAL10415,Blue Knob,NSW,210.0,25.81,250.0,250.0,250.0
SAL10416,Blue Mountains National Park,NSW,0.0,3431.63,0.0,0.0,0.0
SAL10417,Blue Nobby,NSW,25.0,262.63,0.0,0.0,0.0
SAL10418,Blue Vale,NSW,81.0,278.03,325.0,325.0,325.0
SAL10419,Blueys Beach,NSW,242.0,3.95,255.0,255.0,255.0
SAL10420,Boambee,NSW,1770.0,17.42,315.0,315.0,315.0
SAL10421,Boambee East,NSW,5304.0,4.93,410.0,410.0,410.0
SAL10422,Boambolo,NSW,79.0,134.09,330.0,330.0,330.0
SAL10423,Boat Harbour (Lismore - Nsw),NSW,19.0,2.11,590.0,590.0,590.0
SAL10424,Boat Harbour (Port Stephens - Nsw),NSW,993.0,3.06,470.0,470.0,470.0
SAL10425,Bobadah,NSW,30.0,1915.06,0.0,0.0,0.0
SAL10426,Bobin,NSW,141.0,72.43,216.0,216.0,216.0
SAL10427,Bobs Creek,NSW,119.0,15.35,550.0,550.0,550.0
SAL10428,Bobs Farm,NSW,662.0,53.83,196.0,196.0,196.0
SAL10429,Bobundara,NSW,27.0,199.7,270.0,270.0,270.0
SAL10430,Boco,NSW,16.0,136.76,0.0,0.0,0.0
SAL10431,Bocoble,NSW,132.0,38.25,335.0,335.0,335.0
SAL10432,Bocobra,NSW,60.0,144.46,150.0,150.0,150.0
SAL10433,Bodalla,NSW,808.0,389.41,275.0,275.0,275.0
SAL10434,Bodangora,NSW,74.0,219.05,220.0,220.0,220.0
SAL10435,Boeill Creek,NSW,89.0,31.89,225.0,225.0,225.0
SAL10436,Bogan,NSW,44.0,664.91,0.0,0.0,0.0
SAL10437,Bogan Gate,NSW,269.0,636.67,200.0,200.0,200.0
SAL10438,Bogangar,NSW,3313.0,8.73,460.0,460.0,460.0
SAL10439,Bogee,NSW,82.0,156.57,180.0,180.0,180.0
SAL10440,Boggabilla,NSW,1022.0,1749.2,155.0,155.0,155.0
SAL10441,Boggabri,NSW,1203.0,1164.7,300.0,300.0,300.0
SAL10442,Bogong Peaks Wilderness,NSW,0.0,387.16,0.0,0.0,0.0
SAL10443,Bohena Creek,NSW,214.0,266.11,200.0,200.0,200.0
SAL10444,Bohnock,NSW,83.0,1.56,250.0,250.0,250.0
SAL10445,Bolaro,NSW,31.0,195.37,360.0,360.0,360.0
SAL10446,Bolivia,NSW,74.0,382.64,140.0,140.0,140.0
SAL10447,Bolong,NSW,94.0,24.42,335.0,335.0,335.0
SAL10448,Bolton Point,NSW,2124.0,2.4,267.0,267.0,267.0
SAL10449,Bolwarra (Nsw),NSW,1350.0,6.33,440.0,440.0,440.0
SAL10450,Bolwarra Heights,NSW,3436.0,10.23,420.0,420.0,420.0
SAL10451,Bom Bom,NSW,0.0,32.23,280.0,280.0,280.0
SAL10452,Bomaderry,NSW,6738.0,11.09,310.0,310.0,310.0
SAL10453,Bombah Point,NSW,24.0,76.64,260.0,260.0,260.0
SAL10454,Bombala,NSW,1372.0,187.48,215.0,215.0,215.0
SAL10455,Bombay,NSW,142.0,241.02,290.0,290.0,290.0
SAL10456,Bombira,NSW,504.0,9.95,380.0,380.0,380.0
SAL10457,Bombo,NSW,175.0,2.66,610.0,610.0,610.0
SAL10458,Bombowlee,NSW,291.0,41.97,325.0,325.0,325.0
SAL10459,Bombowlee Creek,NSW,52.0,32.13,290.0,290.0,290.0
SAL10460,Bomen,NSW,40.0,40.94,150.0,150.0,150.0
SAL10461,Bonalbo,NSW,338.0,112.04,210.0,210.0,210.0
SAL10462,Bondi,NSW,10411.0,1.26,656.0,656.0,656.0
SAL10463,Bondi Beach,NSW,11513.0,1.77,675.0,675.0,675.0
SAL10464,Bondi Forest,NSW,0.0,254.64,0.0,0.0,0.0
SAL10465,Bondi Junction,NSW,10361.0,1.57,660.0,660.0,660.0
SAL10466,Bonnells Bay,NSW,4066.0,4.68,400.0,400.0,400.0
SAL10467,Bonnet Bay,NSW,2238.0,1.65,700.0,700.0,700.0
SAL10468,Bonny Hills,NSW,3045.0,28.68,445.0,445.0,445.0
SAL10469,Bonnyrigg,NSW,9785.0,4.43,374.0,374.0,374.0
SAL10470,Bonnyrigg Heights,NSW,7369.0,3.13,450.0,450.0,450.0
SAL10471,Bonshaw (Nsw),NSW,133.0,566.66,200.0,200.0,200.0
SAL10472,Bonville,NSW,2939.0,92.86,465.0,465.0,465.0
SAL10473,Booerie Creek,NSW,130.0,16.63,245.0,245.0,245.0
SAL10474,Book Book,NSW,130.0,239.17,150.0,150.0,150.0
SAL10475,Booker Bay,NSW,1442.0,0.71,400.0,400.0,400.0
SAL10476,Bookham,NSW,127.0,312.94,250.0,250.0,250.0
SAL10477,Bookookoorara,NSW,0.0,14.19,0.0,0.0,0.0
SAL10478,Bookram,NSW,0.0,87.85,0.0,0.0,0.0
SAL10479,Boolambayte,NSW,85.0,126.44,315.0,315.0,315.0
SAL10480,Boolaroo,NSW,1636.0,3.86,400.0,400.0,400.0
SAL10481,Boolcarroll,NSW,25.0,189.69,175.0,175.0,175.0
SAL10482,Booligal,NSW,98.0,6548.48,150.0,150.0,150.0
SAL10483,Boolijah,NSW,0.0,164.11,0.0,0.0,0.0
SAL10484,Boomanoomana,NSW,116.0,376.37,230.0,230.0,230.0
SAL10485,Boomerang Beach,NSW,423.0,2.73,350.0,350.0,350.0
SAL10486,Boomey,NSW,88.0,131.87,200.0,200.0,200.0
SAL10487,Boomi,NSW,207.0,1413.99,133.0,133.0,133.0
SAL10488,Boomi Creek,NSW,14.0,104.79,0.0,0.0,0.0
SAL10489,Boona Mount,NSW,46.0,557.9,80.0,80.0,80.0
SAL10490,Boonal,NSW,51.0,347.77,200.0,200.0,200.0
SAL10491,Boonoo Boonoo,NSW,19.0,352.44,0.0,0.0,0.0
SAL10492,Boorabee Park,NSW,146.0,55.76,335.0,335.0,335.0
SAL10493,Booragul,NSW,1623.0,1.77,320.0,320.0,320.0
SAL10494,Booral (Nsw),NSW,457.0,198.17,310.0,310.0,310.0
SAL10495,Boorga,NSW,27.0,369.47,0.0,0.0,0.0
SAL10496,Boorganna,NSW,24.0,71.87,135.0,135.0,135.0
SAL10497,Boorolong,NSW,71.0,365.27,290.0,290.0,290.0
SAL10498,Boorook,NSW,20.0,567.15,23.0,23.0,23.0
SAL10499,Boorooma,NSW,1741.0,2.25,415.0,415.0,415.0
SAL10500,Booroorban,NSW,36.0,1926.97,0.0,0.0,0.0
SAL10501,Boorowa,NSW,1888.0,1111.25,245.0,245.0,245.0
SAL10502,Bootawa,NSW,174.0,37.87,285.0,285.0,285.0
SAL10503,Booti Booti,NSW,0.0,3.58,0.0,0.0,0.0
SAL10504,Booyong,NSW,84.0,12.14,460.0,460.0,460.0
SAL10505,Bora Ridge,NSW,107.0,74.83,300.0,300.0,300.0
SAL10506,Borah Creek,NSW,22.0,184.05,0.0,0.0,0.0
SAL10507,Borambola,NSW,117.0,220.74,205.0,205.0,205.0
SAL10508,Border Ranges,NSW,0.0,122.16,0.0,0.0,0.0
SAL10509,Boree,NSW,93.0,68.12,0.0,0.0,0.0
SAL10510,Boree Creek,NSW,204.0,1126.9,220.0,220.0,220.0
SAL10511,Borenore,NSW,476.0,126.34,250.0,250.0,250.0
SAL10512,Boro,NSW,97.0,91.12,468.0,468.0,468.0
SAL10513,Bossley Park,NSW,15492.0,6.59,465.0,465.0,465.0
SAL10514,Bostobrick,NSW,132.0,88.83,175.0,175.0,175.0
SAL10515,Botany,NSW,12960.0,4.68,550.0,550.0,550.0
SAL10516,Botobolar,NSW,131.0,136.28,0.0,0.0,0.0
SAL10517,Bottle Creek,NSW,42.0,33.66,38.0,38.0,38.0
SAL10518,Bouddi,NSW,5.0,10.16,300.0,300.0,300.0
SAL10519,Bourbah,NSW,42.0,599.13,0.0,0.0,0.0
SAL10520,Bourke,NSW,1699.0,5216.18,180.0,180.0,180.0
SAL10521,Bourkelands,NSW,3113.0,3.15,360.0,360.0,360.0
SAL10522,Bournda,NSW,127.0,128.87,270.0,270.0,270.0
SAL10523,Bournewood,NSW,60.0,164.52,213.0,213.0,213.0
SAL10524,Bow Bowing,NSW,1606.0,1.11,420.0,420.0,420.0
SAL10525,Bowan Park,NSW,106.0,92.17,375.0,375.0,375.0
SAL10526,Bowen Mountain,NSW,1609.0,28.91,400.0,400.0,400.0
SAL10527,Bowenfels,NSW,2049.0,31.46,185.0,185.0,185.0
SAL10528,Bowling Alley Point,NSW,21.0,50.42,93.0,93.0,93.0
SAL10529,Bowman,NSW,139.0,84.17,260.0,260.0,260.0
SAL10530,Bowman Farm,NSW,41.0,64.81,265.0,265.0,265.0
SAL10531,Bowmans Creek,NSW,17.0,95.69,0.0,0.0,0.0
SAL10532,Bowna,NSW,115.0,178.74,275.0,275.0,275.0
SAL10533,Bowning,NSW,619.0,434.52,330.0,330.0,330.0
SAL10534,Bowral,NSW,10764.0,54.86,500.0,500.0,500.0
SAL10535,Bowraville,NSW,1157.0,37.65,260.0,260.0,260.0
SAL10536,Box Head,NSW,0.0,2.83,0.0,0.0,0.0
SAL10537,Box Hill (Nsw),NSW,6450.0,13.11,580.0,580.0,580.0
SAL10538,Boxers Creek,NSW,259.0,117.09,290.0,290.0,290.0
SAL10539,Boydtown,NSW,75.0,14.73,127.0,127.0,127.0
SAL10540,Bradbury (Nsw),NSW,9433.0,5.18,385.0,385.0,385.0
SAL10541,Braefield,NSW,64.0,28.17,0.0,0.0,0.0
SAL10542,Braemar,NSW,966.0,3.37,570.0,570.0,570.0
SAL10543,Braemar Bay,NSW,16.0,104.13,0.0,0.0,0.0
SAL10544,Braidwood,NSW,1720.0,354.2,345.0,345.0,345.0
SAL10545,Brandy Hill,NSW,713.0,13.19,538.0,538.0,538.0
SAL10546,Branxton,NSW,2255.0,45.1,350.0,350.0,350.0
SAL10547,Braunstone,NSW,284.0,64.95,300.0,300.0,300.0
SAL10548,Brawboy,NSW,18.0,85.29,400.0,400.0,400.0
SAL10549,Bray Park (Nsw),NSW,822.0,1.25,350.0,350.0,350.0
SAL10550,Brays Creek,NSW,119.0,21.34,355.0,355.0,355.0
SAL10551,Brayton,NSW,208.0,135.61,300.0,300.0,300.0
SAL10552,Breadalbane (Nsw),NSW,107.0,210.45,277.0,277.0,277.0
SAL10553,Breakfast Creek,NSW,44.0,52.61,0.0,0.0,0.0
SAL10554,Breakfast Point,NSW,4678.0,0.76,680.0,680.0,680.0
SAL10555,Bream Beach,NSW,9.0,0.81,0.0,0.0,0.0
SAL10556,Bredbo,NSW,392.0,376.93,400.0,400.0,400.0
SAL10557,Breelong,NSW,85.0,365.14,0.0,0.0,0.0
SAL10558,Breeza,NSW,124.0,431.41,150.0,150.0,150.0
SAL10559,Bretti,NSW,24.0,102.81,0.0,0.0,0.0
SAL10560,Brewarrina,NSW,931.0,5328.4,150.0,150.0,150.0
SAL10561,Brewongle,NSW,151.0,63.11,370.0,370.0,370.0
SAL10562,Briarbrook,NSW,19.0,134.37,160.0,160.0,160.0
SAL10563,Bribbaree,NSW,144.0,440.87,175.0,175.0,175.0
SAL10564,Bridgman,NSW,242.0,98.57,435.0,435.0,435.0
SAL10565,Brierfield,NSW,322.0,70.38,350.0,350.0,350.0
SAL10566,Brighton-Le-Sands,NSW,8336.0,2.33,450.0,450.0,450.0
SAL10567,Brightwaters,NSW,875.0,2.42,390.0,390.0,390.0
SAL10568,Bril Bril,NSW,0.0,63.89,0.0,0.0,0.0
SAL10569,Brimbin,NSW,75.0,38.63,450.0,450.0,450.0
SAL10570,Brindabella,NSW,24.0,769.23,0.0,0.0,0.0
SAL10571,Brinerville,NSW,0.0,322.05,0.0,0.0,0.0
SAL10572,Bringelly,NSW,2433.0,58.58,500.0,500.0,500.0
SAL10573,Bringenbrong,NSW,48.0,122.52,200.0,200.0,200.0
SAL10574,Brisbane Grove,NSW,147.0,24.86,314.0,314.0,314.0
SAL10575,Broadmeadow,NSW,1688.0,2.95,400.0,400.0,400.0
SAL10576,Broadwater (Bega Valley - Nsw),NSW,148.0,8.33,250.0,250.0,250.0
SAL10577,Broadwater (Richmond Valley - Nsw),NSW,670.0,75.82,250.0,250.0,250.0
SAL10578,Broadway,NSW,63.0,157.79,0.0,0.0,0.0
SAL10579,Brobenah,NSW,12.0,144.57,0.0,0.0,0.0
SAL10580,Brocklehurst,NSW,308.0,114.25,320.0,320.0,320.0
SAL10581,Brocklesby,NSW,218.0,303.23,158.0,158.0,158.0
SAL10582,Brockley,NSW,51.0,99.96,290.0,290.0,290.0
SAL10583,Brodies Plains,NSW,56.0,41.97,270.0,270.0,270.0
SAL10584,Brogans Creek,NSW,4.0,70.8,0.0,0.0,0.0
SAL10585,Brogers Creek,NSW,49.0,15.87,225.0,225.0,225.0
SAL10586,Brogo,NSW,581.0,613.36,250.0,250.0,250.0
SAL10587,Broke (Nsw),NSW,557.0,254.84,365.0,365.0,365.0
SAL10588,Broken Head,NSW,385.0,34.07,490.0,490.0,490.0
SAL10589,Broken Hill,NSW,17706.0,18305.28,220.0,220.0,220.0
SAL10590,Brombin,NSW,127.0,16.37,250.0,250.0,250.0
SAL10591,Bronte,NSW,7166.0,1.94,675.0,675.0,675.0
SAL10592,Brookdale (Nsw),NSW,50.0,224.05,150.0,150.0,150.0
SAL10593,Brookfield (Nsw),NSW,224.0,52.99,130.0,130.0,130.0
SAL10594,Brooklana,NSW,42.0,120.84,150.0,150.0,150.0
SAL10595,Brooklet,NSW,253.0,17.11,440.0,440.0,440.0
SAL10596,Brooklyn (Nsw),NSW,737.0,46.43,470.0,470.0,470.0
SAL10597,Brookong,NSW,21.0,273.68,200.0,200.0,200.0
SAL10598,Brookvale,NSW,3389.0,3.18,550.0,550.0,550.0
SAL10599,Brooman,NSW,26.0,132.87,150.0,150.0,150.0
SAL10600,Brooms Head,NSW,271.0,78.24,280.0,280.0,280.0
SAL10601,Broughams Gate,NSW,34.0,9309.85,5.0,5.0,5.0
SAL10602,Broughton (Nsw),NSW,85.0,10.36,685.0,685.0,685.0
SAL10603,Broughton Vale,NSW,180.0,27.54,325.0,325.0,325.0
SAL10604,Broughton Village,NSW,95.0,14.19,600.0,600.0,600.0
SAL10605,Broulee,NSW,1947.0,27.51,380.0,380.0,380.0
SAL10606,Brownlow Hill,NSW,384.0,14.33,360.0,360.0,360.0
SAL10607,Browns Creek,NSW,120.0,80.12,165.0,165.0,165.0
SAL10608,Browns Mountain,NSW,20.0,18.66,165.0,165.0,165.0
SAL10609,Brownsville,NSW,524.0,1.43,320.0,320.0,320.0
SAL10610,Brucedale,NSW,184.0,73.5,370.0,370.0,370.0
SAL10611,Bruie Plains,NSW,28.0,307.58,0.0,0.0,0.0
SAL10612,Bruinbun,NSW,34.0,221.07,0.0,0.0,0.0
SAL10613,Brumby Plains,NSW,0.0,52.87,0.0,0.0,0.0
SAL10614,Brundee,NSW,49.0,12.54,225.0,225.0,225.0
SAL10615,Brungle,NSW,146.0,46.3,178.0,178.0,178.0
SAL10616,Brungle Creek,NSW,28.0,89.93,40.0,40.0,40.0
SAL10617,Brunkerville,NSW,216.0,20.45,350.0,350.0,350.0
SAL10618,Brunswick Heads,NSW,1905.0,18.59,440.0,440.0,440.0
SAL10619,Brushgrove,NSW,181.0,3.48,298.0,298.0,298.0
SAL10620,Brushy Creek,NSW,37.0,121.07,170.0,170.0,170.0
SAL10621,Buangla,NSW,0.0,51.61,0.0,0.0,0.0
SAL10622,Bucca (Nsw),NSW,614.0,113.12,400.0,400.0,400.0
SAL10623,Bucca Wauka,NSW,80.0,61.87,305.0,305.0,305.0
SAL10624,Buccarumbi,NSW,30.0,396.62,0.0,0.0,0.0
SAL10625,Buchanan (Nsw),NSW,212.0,43.37,460.0,460.0,460.0
SAL10626,Buckajo,NSW,322.0,116.39,270.0,270.0,270.0
SAL10627,Buckaroo,NSW,138.0,48.23,430.0,430.0,430.0
SAL10628,Buckenbowra,NSW,16.0,407.46,0.0,0.0,0.0
SAL10629,Buckenderra,NSW,21.0,129.52,79.0,79.0,79.0
SAL10630,Buckendoon,NSW,48.0,16.76,350.0,350.0,350.0
SAL10631,Bucketty,NSW,165.0,31.29,305.0,305.0,305.0
SAL10632,Buckra Bendinni,NSW,123.0,129.66,260.0,260.0,260.0
SAL10633,Budawang,NSW,29.0,299.85,330.0,330.0,330.0
SAL10634,Buddabadah,NSW,40.0,1152.8,100.0,100.0,100.0
SAL10635,Budden,NSW,16.0,119.74,16.0,16.0,16.0
SAL10636,Budderoo,NSW,0.0,60.02,0.0,0.0,0.0
SAL10637,Buddong,NSW,0.0,201.67,0.0,0.0,0.0
SAL10638,Budgee Budgee (Nsw),NSW,241.0,42.62,485.0,485.0,485.0
SAL10639,Budgewoi,NSW,3497.0,4.0,350.0,350.0,350.0
SAL10640,Budgewoi Peninsula,NSW,0.0,4.37,0.0,0.0,0.0
SAL10641,Budgong,NSW,87.0,63.06,0.0,0.0,0.0
SAL10642,Buff Point,NSW,3559.0,3.0,380.0,380.0,380.0
SAL10643,Bugaldie,NSW,162.0,504.6,230.0,230.0,230.0
SAL10644,Bukalong,NSW,8.0,112.88,0.0,0.0,0.0
SAL10645,Bukkulla,NSW,149.0,363.12,210.0,210.0,210.0
SAL10646,Bulahdelah,NSW,1538.0,242.07,295.0,295.0,295.0
SAL10647,Bulee,NSW,0.0,83.7,0.0,0.0,0.0
SAL10648,Bulga (Nsw),NSW,418.0,180.08,423.0,423.0,423.0
SAL10649,Bulga Forest,NSW,5.0,355.4,0.0,0.0,0.0
SAL10650,Bulgary,NSW,13.0,112.94,160.0,160.0,160.0
SAL10651,Bulla (Nsw),NSW,0.0,3249.27,0.0,0.0,0.0
SAL10652,Bulla Creek,NSW,49.0,91.87,220.0,220.0,220.0
SAL10653,Bullaburra,NSW,1300.0,8.9,400.0,400.0,400.0
SAL10654,Bullagreen,NSW,44.0,615.65,50.0,50.0,50.0
SAL10655,Bullarah,NSW,103.0,2122.61,120.0,120.0,120.0
SAL10656,Bullatale,NSW,41.0,810.78,0.0,0.0,0.0
SAL10657,Bullawa Creek,NSW,130.0,217.57,280.0,280.0,280.0
SAL10658,Bulldog,NSW,15.0,48.18,350.0,350.0,350.0
SAL10659,Bulli,NSW,6798.0,12.73,370.0,370.0,370.0
SAL10660,Bulliac,NSW,44.0,80.88,240.0,240.0,240.0
SAL10661,Bullio,NSW,79.0,158.45,185.0,185.0,185.0
SAL10662,Bulyeroi,NSW,28.0,209.2,0.0,0.0,0.0
SAL10663,Bumbaldry,NSW,107.0,355.86,175.0,175.0,175.0
SAL10664,Bumbalong,NSW,3.0,76.59,0.0,0.0,0.0
SAL10665,Bundabah,NSW,140.0,4.37,345.0,345.0,345.0
SAL10666,Bundagen,NSW,96.0,31.88,30.0,30.0,30.0
SAL10667,Bundanoon (Nsw),NSW,2869.0,87.24,400.0,400.0,400.0
SAL10668,Bundarra,NSW,674.0,1302.81,200.0,200.0,200.0
SAL10669,Bundeena,NSW,2103.0,1.72,554.0,554.0,554.0
SAL10670,Bundella,NSW,53.0,476.55,0.0,0.0,0.0
SAL10671,Bundemar,NSW,38.0,632.41,0.0,0.0,0.0
SAL10672,Bundewallah,NSW,34.0,8.8,0.0,0.0,0.0
SAL10673,Bundook,NSW,114.0,70.38,275.0,275.0,275.0
SAL10674,Bundure,NSW,17.0,751.51,0.0,0.0,0.0
SAL10675,Bungaba,NSW,88.0,170.71,200.0,200.0,200.0
SAL10676,Bungabbee,NSW,3.0,11.23,0.0,0.0,0.0
SAL10677,Bungalora,NSW,73.0,4.33,200.0,200.0,200.0
SAL10678,Bungarby,NSW,80.0,496.51,160.0,160.0,160.0
SAL10679,Bungarribee,NSW,3177.0,3.57,453.0,453.0,453.0
SAL10680,Bungawalbin,NSW,138.0,120.55,375.0,375.0,375.0
SAL10681,Bungendore,NSW,4745.0,447.52,510.0,510.0,510.0
SAL10682,Bungonia,NSW,469.0,484.14,320.0,320.0,320.0
SAL10683,Bungowannah,NSW,175.0,179.91,225.0,225.0,225.0
SAL10684,Bungwahl,NSW,249.0,86.18,320.0,320.0,320.0
SAL10685,Bunnaloo,NSW,107.0,501.8,75.0,75.0,75.0
SAL10686,Bunnan,NSW,94.0,284.36,150.0,150.0,150.0
SAL10687,Bunyah,NSW,130.0,194.97,316.0,316.0,316.0
SAL10688,Bunyan,NSW,192.0,114.23,400.0,400.0,400.0
SAL10689,Burcher,NSW,82.0,768.95,110.0,110.0,110.0
SAL10690,Bureen,NSW,70.0,49.33,300.0,300.0,300.0
SAL10691,Burnt Bridge,NSW,110.0,5.36,178.0,178.0,178.0
SAL10692,Burnt Yards,NSW,39.0,69.16,125.0,125.0,125.0
SAL10693,Buronga,NSW,1252.0,22.64,203.0,203.0,203.0
SAL10694,Burra (Queanbeyan-Palerang Regional - Nsw),NSW,790.0,149.84,380.0,380.0,380.0
SAL10695,Burra (Snowy Valleys - Nsw),NSW,47.0,144.5,180.0,180.0,180.0
SAL10696,Burra Creek,NSW,71.0,395.08,120.0,120.0,120.0
SAL10697,Burraboi,NSW,106.0,463.31,100.0,100.0,100.0
SAL10698,Burradoo,NSW,2879.0,18.37,550.0,550.0,550.0
SAL10699,Burraga,NSW,82.0,165.05,78.0,78.0,78.0
SAL10700,Burragate,NSW,96.0,118.69,250.0,250.0,250.0
SAL10701,Burrandana,NSW,23.0,59.69,200.0,200.0,200.0
SAL10702,Burraneer,NSW,3719.0,2.12,660.0,660.0,660.0
SAL10703,Burrangong,NSW,261.0,28.42,243.0,243.0,243.0
SAL10704,Burrapine,NSW,58.0,52.81,250.0,250.0,250.0
SAL10705,Burrawang,NSW,431.0,27.53,500.0,500.0,500.0
SAL10706,Burrell Creek,NSW,233.0,46.49,330.0,330.0,330.0
SAL10707,Burren Junction,NSW,225.0,1813.65,118.0,118.0,118.0
SAL10708,Burrier,NSW,70.0,18.09,200.0,200.0,200.0
SAL10709,Burrill Lake,NSW,1782.0,6.49,350.0,350.0,350.0
SAL10710,Burringbar,NSW,878.0,33.62,400.0,400.0,400.0
SAL10711,Burrinjuck,NSW,40.0,173.17,230.0,230.0,230.0
SAL10712,Burroway,NSW,171.0,603.06,270.0,270.0,270.0
SAL10713,Burrumbuttock,NSW,421.0,271.15,198.0,198.0,198.0
SAL10714,Burrundulla,NSW,140.0,26.67,420.0,420.0,420.0
SAL10715,Burrungubugge,NSW,43.0,664.26,250.0,250.0,250.0
SAL10716,Burwood (Nsw),NSW,18224.0,3.56,500.0,500.0,500.0
SAL10717,Burwood Heights,NSW,1134.0,0.33,475.0,475.0,475.0
SAL10718,Busby,NSW,4446.0,1.76,330.0,330.0,330.0
SAL10719,Busbys Flat,NSW,57.0,211.96,130.0,130.0,130.0
SAL10720,Bushells Ridge,NSW,8.0,9.86,450.0,450.0,450.0
SAL10721,Buttaba,NSW,1204.0,2.76,410.0,410.0,410.0
SAL10722,Buttai,NSW,52.0,10.05,346.0,346.0,346.0
SAL10723,Butterwick,NSW,190.0,17.05,650.0,650.0,650.0
SAL10724,Buxton (Nsw),NSW,2071.0,18.77,410.0,410.0,410.0
SAL10725,Byabarra,NSW,329.0,150.0,295.0,295.0,295.0
SAL10726,Byadbo Wilderness,NSW,0.0,947.15,0.0,0.0,0.0
SAL10727,Byangum,NSW,153.0,11.83,300.0,300.0,300.0
SAL10728,Bylong,NSW,19.0,186.68,30.0,30.0,30.0
SAL10729,Byng,NSW,52.0,54.44,303.0,303.0,303.0
SAL10730,Byrock,NSW,26.0,4846.01,0.0,0.0,0.0
SAL10731,Byron Bay,NSW,6330.0,24.93,600.0,600.0,600.0
SAL10732,Byrrill Creek,NSW,125.0,28.45,220.0,220.0,220.0
SAL10733,Bywong,NSW,1342.0,141.59,450.0,450.0,450.0
SAL10734,Cabarita (Nsw),NSW,1933.0,0.73,900.0,900.0,900.0
SAL10735,Cabarita Beach,NSW,101.0,1.86,400.0,400.0,400.0
SAL10736,Cabbage Tree Island (Ballina - Nsw),NSW,89.0,0.71,210.0,210.0,210.0
SAL10737,Cabbage Tree Island (Mid-Coast - Nsw),NSW,12.0,3.0,0.0,0.0,0.0
SAL10738,Cabramatta,NSW,21142.0,7.34,330.0,330.0,330.0
SAL10739,Cabramatta West,NSW,7822.0,2.66,380.0,380.0,380.0
SAL10740,Cabramurra,NSW,16.0,522.0,28.0,28.0,28.0
SAL10741,Caddens,NSW,3487.0,1.44,560.0,560.0,560.0
SAL10742,Cadgee (Nsw),NSW,27.0,34.72,0.0,0.0,0.0
SAL10743,Cadia,NSW,3.0,19.63,0.0,0.0,0.0
SAL10744,Caerleon,NSW,184.0,10.16,520.0,520.0,520.0
SAL10745,Caffreys Flat,NSW,53.0,90.54,150.0,150.0,150.0
SAL10746,Cairncross,NSW,0.0,29.15,0.0,0.0,0.0
SAL10747,Calala,NSW,4577.0,87.9,350.0,350.0,350.0
SAL10748,Calamia,NSW,24.0,122.43,0.0,0.0,0.0
SAL10749,Calderwood,NSW,3013.0,24.89,580.0,580.0,580.0
SAL10750,Caldwell,NSW,42.0,561.53,125.0,125.0,125.0
SAL10751,Calga,NSW,134.0,25.25,350.0,350.0,350.0
SAL10752,Califat,NSW,12.0,69.89,0.0,0.0,0.0
SAL10753,Calimo,NSW,71.0,567.19,260.0,260.0,260.0
SAL10754,Callaghan,NSW,1358.0,2.55,0.0,0.0,0.0
SAL10755,Callaghans Creek,NSW,17.0,89.93,0.0,0.0,0.0
SAL10756,Callala Bay,NSW,2234.0,11.42,390.0,390.0,390.0
SAL10757,Callala Beach,NSW,777.0,6.58,400.0,400.0,400.0
SAL10758,Calliope (Nsw),NSW,87.0,22.21,280.0,280.0,280.0
SAL10759,Caloola,NSW,62.0,191.47,175.0,175.0,175.0
SAL10760,Cambalong,NSW,12.0,88.31,200.0,200.0,200.0
SAL10761,Camberwell (Nsw),NSW,102.0,35.75,370.0,370.0,370.0
SAL10762,Cambewarra,NSW,234.0,27.23,540.0,540.0,540.0
SAL10763,Cambewarra Village,NSW,1211.0,1.48,498.0,498.0,498.0
SAL10764,Camboon (Nsw),NSW,58.0,37.14,665.0,665.0,665.0
SAL10765,Cambra,NSW,16.0,81.05,375.0,375.0,375.0
SAL10766,Cambridge Gardens,NSW,2030.0,1.12,420.0,420.0,420.0
SAL10767,Cambridge Park,NSW,7054.0,3.79,385.0,385.0,385.0
SAL10768,Cambridge Plateau,NSW,0.0,53.3,0.0,0.0,0.0
SAL10769,Camden,NSW,3378.0,6.77,400.0,400.0,400.0
SAL10770,Camden Head,NSW,149.0,3.65,393.0,393.0,393.0
SAL10771,Camden Park (Nsw),NSW,2233.0,15.16,420.0,420.0,420.0
SAL10772,Camden South,NSW,4595.0,6.19,450.0,450.0,450.0
SAL10773,Camellia,NSW,0.0,0.82,0.0,0.0,0.0
SAL10774,Cameron Park,NSW,9977.0,17.32,510.0,510.0,510.0
SAL10775,Camerons Creek,NSW,29.0,217.01,175.0,175.0,175.0
SAL10776,Camira (Nsw),NSW,35.0,93.85,260.0,260.0,260.0
SAL10777,Cammeray,NSW,7088.0,2.26,580.0,580.0,580.0
SAL10778,Camp Creek (Nsw),NSW,42.0,516.08,200.0,200.0,200.0
SAL10779,Campbelltown (Nsw),NSW,16577.0,16.31,390.0,390.0,390.0
SAL10780,Camperdown (Nsw),NSW,9381.0,2.19,570.0,570.0,570.0
SAL10781,Campsie,NSW,26132.0,4.91,400.0,400.0,400.0
SAL10782,Campvale,NSW,0.0,17.96,0.0,0.0,0.0
SAL10783,Cams Wharf,NSW,182.0,1.19,430.0,430.0,430.0
SAL10784,Canada Bay,NSW,1308.0,0.47,550.0,550.0,550.0
SAL10785,Canadian Lead,NSW,19.0,32.05,200.0,200.0,200.0
SAL10786,Canbelego,NSW,54.0,3932.86,0.0,0.0,0.0
SAL10787,Candelo,NSW,780.0,151.3,250.0,250.0,250.0
SAL10788,Cangai,NSW,17.0,171.55,0.0,0.0,0.0
SAL10789,Caniaba,NSW,804.0,39.39,350.0,350.0,350.0
SAL10790,Canley Heights,NSW,12320.0,3.79,400.0,400.0,400.0
SAL10791,Canley Vale,NSW,10300.0,4.2,330.0,330.0,330.0
SAL10792,Canobolas,NSW,481.0,102.07,330.0,330.0,330.0
SAL10793,Canoelands,NSW,177.0,91.49,440.0,440.0,440.0
SAL10794,Canonba,NSW,29.0,969.01,0.0,0.0,0.0
SAL10795,Canowindra,NSW,2437.0,1104.45,220.0,220.0,220.0
SAL10796,Canterbury (Nsw),NSW,9430.0,2.86,470.0,470.0,470.0
SAL10797,Canton Beach,NSW,1202.0,1.19,300.0,300.0,300.0
SAL10798,Canyonleigh,NSW,455.0,368.67,393.0,393.0,393.0
SAL10799,Caparra,NSW,62.0,43.06,0.0,0.0,0.0
SAL10800,Capeen Creek,NSW,13.0,57.04,0.0,0.0,0.0
SAL10801,Capertee,NSW,130.0,306.02,195.0,195.0,195.0
SAL10802,Capoompeta,NSW,4.0,95.02,0.0,0.0,0.0
SAL10803,Captains Flat,NSW,611.0,252.88,300.0,300.0,300.0
SAL10804,Carabost,NSW,67.0,312.34,190.0,190.0,190.0
SAL10805,Caragabal,NSW,174.0,782.99,143.0,143.0,143.0
SAL10806,Carcalgong,NSW,45.0,106.1,0.0,0.0,0.0
SAL10807,Carcoar,NSW,271.0,179.38,195.0,195.0,195.0
SAL10808,Cardiff (Nsw),NSW,6318.0,7.35,375.0,375.0,375.0
SAL10809,Cardiff Heights,NSW,1384.0,1.77,380.0,380.0,380.0
SAL10810,Cardiff South,NSW,2931.0,2.26,400.0,400.0,400.0
SAL10811,Carey Bay,NSW,865.0,0.7,327.0,327.0,327.0
SAL10812,Cargo,NSW,562.0,364.84,260.0,260.0,260.0
SAL10813,Carinda,NSW,165.0,4554.57,34.0,34.0,34.0
SAL10814,Caringbah,NSW,12575.0,5.92,470.0,470.0,470.0
SAL10815,Caringbah South,NSW,13168.0,5.98,730.0,730.0,730.0
SAL10816,Carlaminda,NSW,29.0,122.21,100.0,100.0,100.0
SAL10817,Carlingford,NSW,28044.0,12.41,500.0,500.0,500.0
SAL10818,Carlton (Nsw),NSW,10631.0,2.98,450.0,450.0,450.0
SAL10819,Carnes Hill,NSW,3332.0,1.92,600.0,600.0,600.0
SAL10820,Carnham,NSW,4.0,83.98,0.0,0.0,0.0
SAL10821,Carool,NSW,204.0,9.5,350.0,350.0,350.0
SAL10822,Caroona,NSW,196.0,304.52,189.0,189.0,189.0
SAL10823,Carrabolla,NSW,10.0,301.19,0.0,0.0,0.0
SAL10824,Carrai,NSW,0.0,350.23,0.0,0.0,0.0
SAL10825,Carramar (Nsw),NSW,3475.0,1.48,300.0,300.0,300.0
SAL10826,Carrathool,NSW,200.0,3546.52,180.0,180.0,180.0
SAL10827,Carrick (Nsw),NSW,164.0,125.26,200.0,200.0,200.0
SAL10828,Carrington (Mid-Coast - Nsw),NSW,32.0,4.92,370.0,370.0,370.0
SAL10829,Carrington (Newcastle - Nsw),NSW,2061.0,2.9,430.0,430.0,430.0
SAL10830,Carrington Falls,NSW,32.0,21.61,550.0,550.0,550.0
SAL10831,Carroll,NSW,305.0,342.73,220.0,220.0,220.0
SAL10832,Carrowbrook,NSW,37.0,132.36,107.0,107.0,107.0
SAL10833,Carrs Creek,NSW,186.0,7.29,300.0,300.0,300.0
SAL10834,Carrs Island,NSW,10.0,1.86,360.0,360.0,360.0
SAL10835,Carrs Peninsula,NSW,17.0,4.15,293.0,293.0,293.0
SAL10836,Carss Park,NSW,1265.0,0.92,288.0,288.0,288.0
SAL10837,Cartwright,NSW,2616.0,1.4,225.0,225.0,225.0
SAL10838,Cartwrights Hill,NSW,169.0,4.28,300.0,300.0,300.0
SAL10839,Carwell,NSW,28.0,77.02,215.0,215.0,215.0
SAL10840,Carwoola,NSW,1602.0,127.42,450.0,450.0,450.0
SAL10841,Cascade (Nsw),NSW,8.0,114.85,0.0,0.0,0.0
SAL10842,Casino,NSW,10930.0,111.73,280.0,280.0,280.0
SAL10843,Cassilis (Nsw),NSW,278.0,1369.97,180.0,180.0,180.0
SAL10844,Castle Cove,NSW,2643.0,3.4,1000.0,1000.0,1000.0
SAL10845,Castle Doyle,NSW,150.0,123.29,250.0,250.0,250.0
SAL10846,Castle Hill (Nsw),NSW,40874.0,27.27,560.0,560.0,560.0
SAL10847,Castle Rock,NSW,131.0,127.78,325.0,325.0,325.0
SAL10848,Castlecrag,NSW,2965.0,2.19,1010.0,1010.0,1010.0
SAL10849,Castlereagh,NSW,1248.0,46.55,428.0,428.0,428.0
SAL10850,Casuarina (Nsw),NSW,3256.0,3.47,635.0,635.0,635.0
SAL10851,Casula,NSW,16584.0,10.3,450.0,450.0,450.0
SAL10852,Catalina,NSW,2522.0,5.84,355.0,355.0,355.0
SAL10853,Cataract,NSW,4.0,300.57,270.0,270.0,270.0
SAL10854,Cathcart (Nsw),NSW,106.0,294.55,180.0,180.0,180.0
SAL10855,Catherine Field,NSW,2609.0,15.04,520.0,520.0,520.0
SAL10856,Catherine Hill Bay,NSW,943.0,12.36,420.0,420.0,420.0
SAL10857,Cathundral,NSW,31.0,312.47,200.0,200.0,200.0
SAL10858,Cattai,NSW,1077.0,32.76,560.0,560.0,560.0
SAL10859,Cattle Creek (Nsw),NSW,38.0,301.67,190.0,190.0,190.0
SAL10860,Cavan (Nsw),NSW,37.0,211.45,300.0,300.0,300.0
SAL10861,Caves Beach,NSW,4016.0,3.48,420.0,420.0,420.0
SAL10862,Cawdor (Nsw),NSW,430.0,41.4,450.0,450.0,450.0
SAL10863,Cawongla,NSW,204.0,46.72,280.0,280.0,280.0
SAL10864,Cecil Hills,NSW,6906.0,9.05,550.0,550.0,550.0
SAL10865,Cecil Park,NSW,815.0,15.97,400.0,400.0,400.0
SAL10866,Cedar Brush Creek,NSW,125.0,58.21,275.0,275.0,275.0
SAL10867,Cedar Creek (Cessnock - Nsw),NSW,32.0,152.59,0.0,0.0,0.0
SAL10868,Cedar Creek (Tweed - Nsw),NSW,12.0,8.07,700.0,700.0,700.0
SAL10869,Cedar Party,NSW,379.0,53.34,295.0,295.0,295.0
SAL10870,Cedar Point,NSW,175.0,48.83,320.0,320.0,320.0
SAL10871,Cells River,NSW,0.0,252.43,0.0,0.0,0.0
SAL10872,Centennial Park (Nsw),NSW,2225.0,3.24,500.0,500.0,500.0
SAL10873,Central Colo,NSW,30.0,16.93,0.0,0.0,0.0
SAL10874,Central Macdonald,NSW,49.0,18.57,250.0,250.0,250.0
SAL10875,Central Mangrove,NSW,253.0,33.01,550.0,550.0,550.0
SAL10876,Central Tilba,NSW,342.0,60.71,295.0,295.0,295.0
SAL10877,Cessnock,NSW,16300.0,50.97,320.0,320.0,320.0
SAL10878,Chaelundi,NSW,0.0,437.16,0.0,0.0,0.0
SAL10879,Chain Valley Bay,NSW,2773.0,8.01,370.0,370.0,370.0
SAL10880,Chakola,NSW,88.0,184.77,260.0,260.0,260.0
SAL10881,Chambigne,NSW,48.0,258.29,200.0,200.0,200.0
SAL10882,Charbon,NSW,91.0,7.39,200.0,200.0,200.0
SAL10883,Charles Sturt University,NSW,433.0,5.25,315.0,315.0,315.0
SAL10884,Charlestown (Nsw),NSW,13601.0,10.14,400.0,400.0,400.0
SAL10885,Charleys Forest,NSW,70.0,134.16,275.0,275.0,275.0
SAL10886,Charlotte Bay,NSW,175.0,13.62,420.0,420.0,420.0
SAL10887,Charlton (Nsw),NSW,17.0,80.52,150.0,150.0,150.0
SAL10888,Charmhaven,NSW,2501.0,10.13,375.0,375.0,375.0
SAL10889,Chatham Valley,NSW,69.0,68.15,375.0,375.0,375.0
SAL10890,Chatsbury,NSW,86.0,146.73,667.0,667.0,667.0
SAL10891,Chatswood,NSW,25553.0,7.27,577.0,577.0,577.0
SAL10892,Chatswood West,NSW,1521.0,1.18,750.0,750.0,750.0
SAL10893,Chatsworth (Nsw),NSW,157.0,17.62,280.0,280.0,280.0
SAL10894,Cheero Point,NSW,100.0,0.26,515.0,515.0,515.0
SAL10895,Cheltenham (Nsw),NSW,2166.0,2.4,695.0,695.0,695.0
SAL10896,Cherry Tree Hill,NSW,51.0,136.2,0.0,0.0,0.0
SAL10897,Cherrybrook,NSW,19082.0,11.97,695.0,695.0,695.0
SAL10898,Chester Hill,NSW,14007.0,5.78,380.0,380.0,380.0
SAL10899,Chichester (Nsw),NSW,25.0,305.6,230.0,230.0,230.0
SAL10900,Chifley (Nsw),NSW,3490.0,1.54,400.0,400.0,400.0
SAL10901,Chilcotts Creek,NSW,16.0,68.01,480.0,480.0,480.0
SAL10902,Chilcotts Grass,NSW,237.0,2.77,435.0,435.0,435.0
SAL10903,Chillingham,NSW,228.0,10.84,285.0,285.0,285.0
SAL10904,Chinderah,NSW,1639.0,19.25,245.0,245.0,245.0
SAL10905,Chinnock,NSW,22.0,20.43,0.0,0.0,0.0
SAL10906,Chippendale,NSW,7803.0,0.67,520.0,520.0,520.0
SAL10907,Chipping Norton,NSW,9412.0,10.39,500.0,500.0,500.0
SAL10908,Chisholm (Nsw),NSW,4577.0,10.52,550.0,550.0,550.0
SAL10909,Chiswick,NSW,2909.0,0.75,600.0,600.0,600.0
SAL10910,Chittaway Bay,NSW,1987.0,1.6,380.0,380.0,380.0
SAL10911,Chittaway Point,NSW,947.0,2.33,425.0,425.0,425.0
SAL10912,Chowan Creek,NSW,57.0,16.24,320.0,320.0,320.0
SAL10913,Chullora,NSW,14.0,2.89,0.0,0.0,0.0
SAL10914,Church Point,NSW,1066.0,1.04,1073.0,1073.0,1073.0
SAL10915,Clandulla,NSW,186.0,101.68,250.0,250.0,250.0
SAL10916,Clare (Nsw),NSW,27.0,2608.36,0.0,0.0,0.0
SAL10917,Claremont Meadows,NSW,5177.0,4.41,430.0,430.0,430.0
SAL10918,Clarence,NSW,200.0,24.76,320.0,320.0,320.0
SAL10919,Clarence Town,NSW,2265.0,129.88,365.0,365.0,365.0
SAL10920,Clarendon (Nsw),NSW,147.0,6.82,365.0,365.0,365.0
SAL10921,Clarenza,NSW,602.0,86.03,300.0,300.0,300.0
SAL10922,Clareville,NSW,822.0,0.73,1125.0,1125.0,1125.0
SAL10923,Claymore,NSW,2579.0,2.07,209.0,209.0,209.0
SAL10924,Clear Creek,NSW,115.0,76.08,300.0,300.0,300.0
SAL10925,Clear Range,NSW,34.0,72.08,150.0,150.0,150.0
SAL10926,Clearfield,NSW,0.0,47.56,0.0,0.0,0.0
SAL10927,Clemton Park,NSW,1676.0,0.54,264.0,264.0,264.0
SAL10928,Clergate,NSW,206.0,43.06,190.0,190.0,190.0
SAL10929,Cleveland (Nsw),NSW,22.0,4.77,225.0,225.0,225.0
SAL10930,Clifden,NSW,27.0,55.34,320.0,320.0,320.0
SAL10931,Cliftleigh,NSW,2309.0,6.02,435.0,435.0,435.0
SAL10932,Clifton (Nsw),NSW,35.0,0.35,480.0,480.0,480.0
SAL10933,Clifton Grove,NSW,950.0,61.8,400.0,400.0,400.0
SAL10934,Clontarf (Nsw),NSW,1746.0,1.25,1250.0,1250.0,1250.0
SAL10935,Clothiers Creek,NSW,293.0,12.88,435.0,435.0,435.0
SAL10936,Clouds Creek,NSW,0.0,327.75,0.0,0.0,0.0
SAL10937,Clovelly,NSW,4887.0,1.14,700.0,700.0,700.0
SAL10938,Clunes (Nsw),NSW,907.0,30.7,500.0,500.0,500.0
SAL10939,Clybucca,NSW,214.0,116.24,315.0,315.0,315.0
SAL10940,Clyde (Nsw),NSW,9.0,0.98,869.0,869.0,869.0
SAL10941,Clydesdale (Nsw),NSW,114.0,8.51,360.0,360.0,360.0
SAL10942,Coal Point,NSW,1749.0,1.96,440.0,440.0,440.0
SAL10943,Coalcliff,NSW,212.0,2.79,640.0,640.0,640.0
SAL10944,Coaldale,NSW,73.0,124.19,250.0,250.0,250.0
SAL10945,Coasters Retreat,NSW,30.0,0.17,350.0,350.0,350.0
SAL10946,Cobaki,NSW,203.0,9.85,300.0,300.0,300.0
SAL10947,Cobaki Lakes,NSW,42.0,12.85,400.0,400.0,400.0
SAL10948,Cobar,NSW,3603.0,3015.49,200.0,200.0,200.0
SAL10949,Cobar Park,NSW,36.0,1.19,157.0,157.0,157.0
SAL10950,Cobargo,NSW,766.0,160.86,285.0,285.0,285.0
SAL10951,Cobark,NSW,47.0,195.41,0.0,0.0,0.0
SAL10952,Cobbadah,NSW,95.0,370.01,75.0,75.0,75.0
SAL10953,Cobbitty,NSW,4206.0,76.07,530.0,530.0,530.0
SAL10954,Cobbora,NSW,25.0,2.54,190.0,190.0,190.0
SAL10955,Cobramunga,NSW,41.0,157.89,80.0,80.0,80.0
SAL10956,Cockwhy,NSW,25.0,63.12,0.0,0.0,0.0
SAL10957,Codrington (Nsw),NSW,83.0,25.24,250.0,250.0,250.0
SAL10958,Coffee Camp,NSW,201.0,27.61,230.0,230.0,230.0
SAL10959,Coffs Harbour,NSW,27089.0,61.97,355.0,355.0,355.0
SAL10960,Coggan,NSW,3.0,47.16,0.0,0.0,0.0
SAL10961,Cogra Bay,NSW,13.0,0.82,700.0,700.0,700.0
SAL10962,Coila,NSW,44.0,13.27,290.0,290.0,290.0
SAL10963,Coldstream (Nsw),NSW,61.0,14.68,323.0,323.0,323.0
SAL10964,Coleambally,NSW,1152.0,2772.24,180.0,180.0,180.0
SAL10965,Colebee,NSW,4914.0,5.04,620.0,620.0,620.0
SAL10966,Coledale,NSW,1372.0,3.08,600.0,600.0,600.0
SAL10967,Colinroobie,NSW,51.0,436.61,75.0,75.0,75.0
SAL10968,Colinton (Nsw),NSW,115.0,132.57,225.0,225.0,225.0
SAL10969,Collarenebri,NSW,634.0,6667.55,180.0,180.0,180.0
SAL10970,Collaroy (Nsw),NSW,7944.0,3.88,600.0,600.0,600.0
SAL10971,Collaroy Plateau,NSW,4805.0,1.77,800.0,800.0,800.0
SAL10972,Collector,NSW,376.0,168.07,200.0,200.0,200.0
SAL10973,Collendina,NSW,109.0,268.41,115.0,115.0,115.0
SAL10974,Collerina,NSW,10.0,2105.29,0.0,0.0,0.0
SAL10975,Collie (Nsw),NSW,177.0,996.11,150.0,150.0,150.0
SAL10976,Collingullie,NSW,258.0,220.63,295.0,295.0,295.0
SAL10977,Collingwood (Nsw),NSW,51.0,27.92,400.0,400.0,400.0
SAL10978,Collins Creek,NSW,167.0,44.18,265.0,265.0,265.0
SAL10979,Collombatti,NSW,681.0,272.82,338.0,338.0,338.0
SAL10980,Collum Collum,NSW,0.0,63.42,0.0,0.0,0.0
SAL10981,Colly Blue,NSW,22.0,59.17,200.0,200.0,200.0
SAL10982,Colo (Bathurst Regional - Nsw),NSW,3.0,88.26,0.0,0.0,0.0
SAL10983,Colo (Hawkesbury - Nsw),NSW,62.0,9.93,325.0,325.0,325.0
SAL10984,Colo Heights,NSW,336.0,752.18,250.0,250.0,250.0
SAL10985,Colo Vale,NSW,1775.0,96.76,430.0,430.0,430.0
SAL10986,Colongra,NSW,0.0,11.31,0.0,0.0,0.0
SAL10987,Colyton,NSW,8770.0,4.88,380.0,380.0,380.0
SAL10988,Comara,NSW,27.0,620.24,165.0,165.0,165.0
SAL10989,Combaning,NSW,100.0,253.68,127.0,127.0,127.0
SAL10990,Combara,NSW,28.0,387.12,0.0,0.0,0.0
SAL10991,Comberton,NSW,31.0,90.83,725.0,725.0,725.0
SAL10992,Comboyne,NSW,416.0,138.5,250.0,250.0,250.0
SAL10993,Come By Chance,NSW,88.0,1026.71,0.0,0.0,0.0
SAL10994,Comerong Island,NSW,19.0,20.9,0.0,0.0,0.0
SAL10995,Commissioners Creek,NSW,38.0,17.69,300.0,300.0,300.0
SAL10996,Como (Nsw),NSW,4053.0,2.33,590.0,590.0,590.0
SAL10997,Comobella,NSW,65.0,165.01,125.0,125.0,125.0
SAL10998,Conargo,NSW,117.0,1277.61,125.0,125.0,125.0
SAL10999,Concord,NSW,14551.0,7.35,570.0,570.0,570.0
SAL11000,Concord West,NSW,6178.0,3.69,450.0,450.0,450.0
SAL11001,Condell Park,NSW,13066.0,5.67,500.0,500.0,500.0
SAL11002,Condobolin,NSW,3185.0,7065.34,200.0,200.0,200.0
SAL11003,Condong,NSW,314.0,4.95,460.0,460.0,460.0
SAL11004,Coneac,NSW,7.0,62.75,0.0,0.0,0.0
SAL11005,Congarinni,NSW,365.0,42.39,325.0,325.0,325.0
SAL11006,Congarinni North,NSW,394.0,42.66,250.0,250.0,250.0
SAL11007,Congewai,NSW,206.0,95.7,350.0,350.0,350.0
SAL11008,Congo,NSW,253.0,15.48,340.0,340.0,340.0
SAL11009,Conimbia,NSW,30.0,791.37,154.0,154.0,154.0
SAL11010,Coniston,NSW,2267.0,1.56,350.0,350.0,350.0
SAL11011,Conjola,NSW,148.0,63.96,375.0,375.0,375.0
SAL11012,Conjola Park,NSW,298.0,4.36,370.0,370.0,370.0
SAL11013,Connells Point,NSW,2884.0,1.51,600.0,600.0,600.0
SAL11014,Constitution Hill,NSW,4030.0,1.73,410.0,410.0,410.0
SAL11015,Coogee (Nsw),NSW,14634.0,2.79,650.0,650.0,650.0
SAL11016,Cookamidgera,NSW,151.0,259.41,148.0,148.0,148.0
SAL11017,Cookardinia,NSW,81.0,287.2,185.0,185.0,185.0
SAL11018,Cooks Gap,NSW,549.0,62.17,300.0,300.0,300.0
SAL11019,Cooks Hill,NSW,3774.0,1.03,430.0,430.0,430.0
SAL11020,Cooks Myalls,NSW,49.0,244.84,170.0,170.0,170.0
SAL11021,Coolabah,NSW,32.0,3510.45,106.0,106.0,106.0
SAL11022,Coolac,NSW,244.0,499.05,125.0,125.0,125.0
SAL11023,Coolagolite,NSW,309.0,136.72,305.0,305.0,305.0
SAL11024,Coolah,NSW,1262.0,2208.79,170.0,170.0,170.0
SAL11025,Coolamon,NSW,2275.0,442.0,270.0,270.0,270.0
SAL11026,Coolangatta (Nsw),NSW,324.0,20.13,400.0,400.0,400.0
SAL11027,Coolangubra,NSW,0.0,213.12,0.0,0.0,0.0
SAL11028,Coolatai,NSW,99.0,669.0,200.0,200.0,200.0
SAL11029,Cooleman,NSW,0.0,99.89,0.0,0.0,0.0
SAL11030,Cooleys Creek,NSW,8.0,8.63,310.0,310.0,310.0
SAL11031,Coolgardie (Nsw),NSW,132.0,8.98,420.0,420.0,420.0
SAL11032,Coolongolook,NSW,382.0,196.96,300.0,300.0,300.0
SAL11033,Coolringdon,NSW,73.0,166.95,250.0,250.0,250.0
SAL11034,Coolumbooka,NSW,13.0,131.97,0.0,0.0,0.0
SAL11035,Coolumburra,NSW,3.0,64.57,0.0,0.0,0.0
SAL11036,Cooma (Nsw),NSW,6715.0,150.75,290.0,290.0,290.0
SAL11037,Coomba Bay,NSW,168.0,13.1,400.0,400.0,400.0
SAL11038,Coomba Park,NSW,691.0,14.92,300.0,300.0,300.0
SAL11039,Coombadjha,NSW,7.0,256.63,0.0,0.0,0.0
SAL11040,Coombell,NSW,12.0,82.55,100.0,100.0,100.0
SAL11041,Coomealla,NSW,748.0,173.0,180.0,180.0,180.0
SAL11042,Coomoo Coomoo,NSW,19.0,225.99,300.0,300.0,300.0
SAL11043,Coonabarabran,NSW,3477.0,1313.49,210.0,210.0,210.0
SAL11044,Coonamble,NSW,2666.0,2064.24,190.0,190.0,190.0
SAL11045,Coongbar,NSW,0.0,91.09,0.0,0.0,0.0
SAL11046,Cooperabung,NSW,293.0,83.48,400.0,400.0,400.0
SAL11047,Coopernook,NSW,625.0,34.85,305.0,305.0,305.0
SAL11048,Coopers Gully,NSW,172.0,25.11,310.0,310.0,310.0
SAL11049,Coopers Shoot,NSW,409.0,18.4,500.0,500.0,500.0
SAL11050,Cooplacurripa,NSW,9.0,566.3,130.0,130.0,130.0
SAL11051,Coorabell,NSW,481.0,26.57,485.0,485.0,485.0
SAL11052,Cooranbong,NSW,7077.0,100.6,380.0,380.0,380.0
SAL11053,Cootamundra,NSW,6885.0,1315.97,220.0,220.0,220.0
SAL11054,Cootralantra,NSW,107.0,249.95,330.0,330.0,330.0
SAL11055,Cooyal,NSW,137.0,74.23,385.0,385.0,385.0
SAL11056,Copacabana,NSW,2809.0,2.88,510.0,510.0,510.0
SAL11057,Cope,NSW,113.0,107.27,200.0,200.0,200.0
SAL11058,Copeland,NSW,74.0,63.61,197.0,197.0,197.0
SAL11059,Copeton,NSW,57.0,249.17,176.0,176.0,176.0
SAL11060,Copmanhurst,NSW,344.0,28.98,285.0,285.0,285.0
SAL11061,Coppabella (Nsw),NSW,12.0,248.85,0.0,0.0,0.0
SAL11062,Copperhannia,NSW,9.0,270.14,0.0,0.0,0.0
SAL11063,Coraki,NSW,1373.0,42.42,300.0,300.0,300.0
SAL11064,Coralville,NSW,168.0,48.47,275.0,275.0,275.0
SAL11065,Coramba,NSW,817.0,72.38,400.0,400.0,400.0
SAL11066,Corang,NSW,4.0,195.7,0.0,0.0,0.0
SAL11067,Corangula,NSW,22.0,13.53,0.0,0.0,0.0
SAL11068,Corbie Hill,NSW,168.0,154.4,250.0,250.0,250.0
SAL11069,Cordeaux,NSW,0.0,136.49,0.0,0.0,0.0
SAL11070,Cordeaux Heights,NSW,4460.0,4.94,495.0,495.0,495.0
SAL11071,Coree,NSW,43.0,605.48,100.0,100.0,100.0
SAL11072,Coreen,NSW,122.0,531.73,125.0,125.0,125.0
SAL11073,Corindi Beach,NSW,1802.0,32.45,435.0,435.0,435.0
SAL11074,Corinella (Nsw),NSW,72.0,695.71,100.0,100.0,100.0
SAL11075,Corlette,NSW,5699.0,4.33,445.0,445.0,445.0
SAL11076,Corndale (Nsw),NSW,358.0,30.71,380.0,380.0,380.0
SAL11077,Corney Town,NSW,66.0,0.55,270.0,270.0,270.0
SAL11078,Cornwallis,NSW,44.0,10.86,250.0,250.0,250.0
SAL11079,Corobimilla,NSW,44.0,282.94,0.0,0.0,0.0
SAL11080,Corowa,NSW,5595.0,118.07,230.0,230.0,230.0
SAL11081,Corrabare,NSW,0.0,103.28,0.0,0.0,0.0
SAL11082,Corrimal,NSW,6972.0,7.42,365.0,365.0,365.0
SAL11083,Corrong,NSW,3.0,1428.73,0.0,0.0,0.0
SAL11084,Corrowong,NSW,23.0,568.21,0.0,0.0,0.0
SAL11085,Corunna,NSW,83.0,17.79,300.0,300.0,300.0
SAL11086,Cottage Point,NSW,96.0,0.59,607.0,607.0,607.0
SAL11087,Cottonvale (Nsw),NSW,20.0,12.78,0.0,0.0,0.0
SAL11088,Cougal,NSW,30.0,46.48,0.0,0.0,0.0
SAL11089,Countegany,NSW,38.0,261.59,0.0,0.0,0.0
SAL11090,Courabyra,NSW,112.0,75.15,163.0,163.0,163.0
SAL11091,Couradda,NSW,29.0,218.04,120.0,120.0,120.0
SAL11092,Couragago,NSW,9.0,36.32,0.0,0.0,0.0
SAL11093,Couridjah,NSW,282.0,4.13,365.0,365.0,365.0
SAL11094,Coutts Crossing,NSW,1053.0,78.96,300.0,300.0,300.0
SAL11095,Cow Flat,NSW,58.0,53.02,120.0,120.0,120.0
SAL11096,Cowabbie,NSW,16.0,186.02,150.0,150.0,150.0
SAL11097,Cowan,NSW,631.0,46.06,515.0,515.0,515.0
SAL11098,Cowper,NSW,88.0,18.04,300.0,300.0,300.0
SAL11099,Cowra,NSW,10145.0,1286.42,230.0,230.0,230.0
SAL11100,Coxs Creek,NSW,73.0,175.4,50.0,50.0,50.0
SAL11101,Coxs Crown,NSW,18.0,42.45,0.0,0.0,0.0
SAL11102,Crabbes Creek,NSW,343.0,23.48,400.0,400.0,400.0
SAL11103,Crackenback,NSW,213.0,130.89,738.0,738.0,738.0
SAL11104,Craigie (Nsw),NSW,29.0,154.25,200.0,200.0,200.0
SAL11105,Cranebrook,NSW,15779.0,21.66,410.0,410.0,410.0
SAL11106,Crangan Bay,NSW,3.0,9.38,0.0,0.0,0.0
SAL11107,Craven,NSW,104.0,132.48,265.0,265.0,265.0
SAL11108,Craven Plateau,NSW,14.0,26.15,100.0,100.0,100.0
SAL11109,Crawford River,NSW,57.0,138.44,460.0,460.0,460.0
SAL11110,Crawney,NSW,48.0,371.94,375.0,375.0,375.0
SAL11111,Creel Bay,NSW,4.0,115.15,120.0,120.0,120.0
SAL11112,Creewah,NSW,36.0,55.22,0.0,0.0,0.0
SAL11113,Cremorne (Nsw),NSW,11263.0,2.38,600.0,600.0,600.0
SAL11114,Cremorne Point,NSW,2270.0,0.62,650.0,650.0,650.0
SAL11115,Crescent Head,NSW,1633.0,249.43,320.0,320.0,320.0
SAL11116,Crestwood,NSW,4936.0,2.95,320.0,320.0,320.0
SAL11117,Cringila,NSW,2156.0,2.48,350.0,350.0,350.0
SAL11118,Croki,NSW,34.0,1.91,280.0,280.0,280.0
SAL11119,Cromer (Nsw),NSW,8030.0,9.0,650.0,650.0,650.0
SAL11120,Cronulla,NSW,17899.0,5.65,500.0,500.0,500.0
SAL11121,Crooble,NSW,54.0,315.81,75.0,75.0,75.0
SAL11122,Croobyar,NSW,174.0,25.38,300.0,300.0,300.0
SAL11123,Crooked Corner,NSW,78.0,363.45,125.0,125.0,125.0
SAL11124,Crookwell,NSW,2686.0,305.75,280.0,280.0,280.0
SAL11125,Croom,NSW,112.0,27.64,365.0,365.0,365.0
SAL11126,Croppa Creek,NSW,104.0,521.82,200.0,200.0,200.0
SAL11127,Cross Roads (Nsw),NSW,19.0,20.7,0.0,0.0,0.0
SAL11128,Crosslands,NSW,626.0,5.14,430.0,430.0,430.0
SAL11129,Croudace Bay,NSW,641.0,0.95,478.0,478.0,478.0
SAL11130,Crowdy Bay,NSW,6.0,74.0,450.0,450.0,450.0
SAL11131,Crowdy Head,NSW,78.0,9.62,540.0,540.0,540.0
SAL11132,Crows Nest (Nsw),NSW,4974.0,1.11,550.0,550.0,550.0
SAL11133,Crowther,NSW,78.0,301.65,300.0,300.0,300.0
SAL11134,Crowther Island,NSW,0.0,0.79,0.0,0.0,0.0
SAL11135,Croydon (Nsw),NSW,10755.0,3.54,480.0,480.0,480.0
SAL11136,Croydon Park (Nsw),NSW,10929.0,3.71,410.0,410.0,410.0
SAL11137,Crudine,NSW,68.0,166.46,80.0,80.0,80.0
SAL11138,Cryon,NSW,39.0,754.18,0.0,0.0,0.0
SAL11139,Crystal Creek (Nsw),NSW,263.0,14.85,250.0,250.0,250.0
SAL11140,Cubba,NSW,26.0,3125.02,280.0,280.0,280.0
SAL11141,Cudal,NSW,586.0,222.61,256.0,256.0,256.0
SAL11142,Cudgegong,NSW,66.0,218.97,480.0,480.0,480.0
SAL11143,Cudgel,NSW,36.0,77.12,300.0,300.0,300.0
SAL11144,Cudgen,NSW,952.0,13.23,440.0,440.0,440.0
SAL11145,Cudgera Creek,NSW,339.0,31.77,460.0,460.0,460.0
SAL11146,Cudmirrah,NSW,284.0,0.89,280.0,280.0,280.0
SAL11147,Culburra Beach,NSW,2946.0,19.94,350.0,350.0,350.0
SAL11148,Culcairn,NSW,1483.0,488.45,220.0,220.0,220.0
SAL11149,Cullen Bullen,NSW,166.0,115.59,190.0,190.0,190.0
SAL11150,Cullenbone,NSW,49.0,4.14,370.0,370.0,370.0
SAL11151,Cullendore,NSW,10.0,72.69,0.0,0.0,0.0
SAL11152,Cullerin,NSW,41.0,180.94,240.0,240.0,240.0
SAL11153,Cullivel,NSW,10.0,162.74,0.0,0.0,0.0
SAL11154,Culmaran Creek,NSW,21.0,43.4,174.0,174.0,174.0
SAL11155,Cumbalum,NSW,2211.0,19.68,610.0,610.0,610.0
SAL11156,Cumbandry,NSW,22.0,15.47,300.0,300.0,300.0
SAL11157,Cumberland Reach,NSW,208.0,4.94,530.0,530.0,530.0
SAL11158,Cumbo,NSW,3.0,76.96,190.0,190.0,190.0
SAL11159,Cumborah,NSW,198.0,2395.71,50.0,50.0,50.0
SAL11160,Cumnock,NSW,491.0,579.54,220.0,220.0,220.0
SAL11161,Cundle Flat,NSW,12.0,24.99,0.0,0.0,0.0
SAL11162,Cundletown,NSW,2050.0,25.8,350.0,350.0,350.0
SAL11163,Cundumbul,NSW,44.0,105.6,120.0,120.0,120.0
SAL11164,Cunjurong Point,NSW,111.0,2.38,365.0,365.0,365.0
SAL11165,Cunningar,NSW,163.0,262.55,270.0,270.0,270.0
SAL11166,Cunninyeuk,NSW,24.0,278.35,0.0,0.0,0.0
SAL11167,Curban,NSW,137.0,584.22,180.0,180.0,180.0
SAL11168,Curl Curl,NSW,2364.0,1.85,705.0,705.0,705.0
SAL11169,Curlew Waters,NSW,21.0,2.16,0.0,0.0,0.0
SAL11170,Curlewis (Nsw),NSW,779.0,781.34,290.0,290.0,290.0
SAL11171,Curlwaa,NSW,496.0,57.17,200.0,200.0,200.0
SAL11172,Curra Creek,NSW,43.0,129.32,150.0,150.0,150.0
SAL11173,Currabubula,NSW,339.0,364.99,270.0,270.0,270.0
SAL11174,Curragh,NSW,0.0,67.46,0.0,0.0,0.0
SAL11175,Curramore (Nsw),NSW,220.0,15.64,375.0,375.0,375.0
SAL11176,Currans Hill,NSW,5541.0,5.27,450.0,450.0,450.0
SAL11177,Currarong,NSW,479.0,1.44,313.0,313.0,313.0
SAL11178,Currawang,NSW,167.0,347.51,420.0,420.0,420.0
SAL11179,Currawarna,NSW,199.0,278.13,250.0,250.0,250.0
SAL11180,Curraweela,NSW,67.0,148.17,0.0,0.0,0.0
SAL11181,Curricabark,NSW,8.0,136.33,0.0,0.0,0.0
SAL11182,Currowan,NSW,72.0,250.19,150.0,150.0,150.0
SAL11183,Cuttabri,NSW,37.0,400.57,0.0,0.0,0.0
SAL11184,Cuttagee,NSW,61.0,23.36,0.0,0.0,0.0
SAL11185,Dabee,NSW,42.0,130.41,155.0,155.0,155.0
SAL11186,Daceyville,NSW,1146.0,0.71,130.0,130.0,130.0
SAL11187,Dairy Arm,NSW,43.0,31.74,368.0,368.0,368.0
SAL11188,Dairy Flat,NSW,22.0,88.13,210.0,210.0,210.0
SAL11189,Dairymans Plains,NSW,183.0,53.78,225.0,225.0,225.0
SAL11190,Daleys Point,NSW,705.0,1.92,500.0,500.0,500.0
SAL11191,Dalgety,NSW,252.0,328.59,250.0,250.0,250.0
SAL11192,Dalmeny,NSW,2194.0,11.0,330.0,330.0,330.0
SAL11193,Dalmorton,NSW,6.0,439.74,0.0,0.0,0.0
SAL11194,Dalswinton,NSW,57.0,38.22,200.0,200.0,200.0
SAL11195,Dalton,NSW,230.0,100.75,300.0,300.0,300.0
SAL11196,Dalwood (Ballina - Nsw),NSW,218.0,14.24,380.0,380.0,380.0
SAL11197,Dalwood (Singleton - Nsw),NSW,111.0,15.34,380.0,380.0,380.0
SAL11198,Dandaloo,NSW,38.0,710.96,0.0,0.0,0.0
SAL11199,Dandry,NSW,65.0,952.23,0.0,0.0,0.0
SAL11200,Dangar Island,NSW,313.0,0.46,420.0,420.0,420.0
SAL11201,Dangarsleigh,NSW,120.0,134.73,250.0,250.0,250.0
SAL11202,Dangelong,NSW,6.0,115.6,0.0,0.0,0.0
SAL11203,Dapto,NSW,10954.0,10.88,400.0,400.0,400.0
SAL11204,Darawank,NSW,451.0,45.56,335.0,335.0,335.0
SAL11205,Darbalara,NSW,62.0,165.58,325.0,325.0,325.0
SAL11206,Darbys Falls,NSW,243.0,92.94,220.0,220.0,220.0
SAL11207,Dareton,NSW,456.0,3.58,178.0,178.0,178.0
SAL11208,Dargan,NSW,83.0,11.68,0.0,0.0,0.0
SAL11209,Dark Corner,NSW,45.0,150.15,250.0,250.0,250.0
SAL11210,Darkes Forest,NSW,95.0,37.45,488.0,488.0,488.0
SAL11211,Darkwood,NSW,237.0,192.6,300.0,300.0,300.0
SAL11212,Darling Point,NSW,3977.0,0.98,825.0,825.0,825.0
SAL11213,Darlinghurst,NSW,10615.0,1.25,550.0,550.0,550.0
SAL11214,Darlington (Singleton - Nsw),NSW,378.0,0.41,333.0,333.0,333.0
SAL11215,Darlington (Sydney - Nsw),NSW,2597.0,0.55,650.0,650.0,650.0
SAL11216,Darlington Point,NSW,1030.0,1073.07,200.0,200.0,200.0
SAL11217,Darlow,NSW,30.0,83.48,0.0,0.0,0.0
SAL11218,Daroobalgie,NSW,88.0,283.83,200.0,200.0,200.0
SAL11219,Dartbrook,NSW,110.0,79.94,270.0,270.0,270.0
SAL11220,Daruka,NSW,770.0,37.82,425.0,425.0,425.0
SAL11221,Davidson,NSW,2725.0,3.65,1000.0,1000.0,1000.0
SAL11222,Davis Creek,NSW,34.0,154.69,0.0,0.0,0.0
SAL11223,Davistown,NSW,2602.0,2.32,420.0,420.0,420.0
SAL11224,Dawes Point,NSW,385.0,0.22,1450.0,1450.0,1450.0
SAL11225,Daysdale,NSW,83.0,474.21,60.0,60.0,60.0
SAL11226,Dean Park,NSW,3180.0,2.19,400.0,400.0,400.0
SAL11227,Deauville,NSW,29.0,3.45,395.0,395.0,395.0
SAL11228,Debenham,NSW,5.0,155.45,0.0,0.0,0.0
SAL11229,Dee Why,NSW,23354.0,4.47,550.0,550.0,550.0
SAL11230,Deep Creek (Clarence Valley - Nsw),NSW,12.0,83.55,0.0,0.0,0.0
SAL11231,Deep Creek (Kempsey - Nsw),NSW,100.0,44.14,280.0,280.0,280.0
SAL11232,Deep Creek (Kyogle - Nsw),NSW,20.0,128.17,0.0,0.0,0.0
SAL11233,Deepwater (Nsw),NSW,456.0,669.9,200.0,200.0,200.0
SAL11234,Deer Vale,NSW,128.0,127.19,280.0,280.0,280.0
SAL11235,Delegate,NSW,295.0,429.22,150.0,150.0,150.0
SAL11236,Delungra,NSW,625.0,882.9,200.0,200.0,200.0
SAL11237,Denham Court,NSW,9129.0,19.51,548.0,548.0,548.0
SAL11238,Denhams Beach,NSW,650.0,0.79,385.0,385.0,385.0
SAL11239,Deniliquin,NSW,7432.0,1462.07,230.0,230.0,230.0
SAL11240,Denistone,NSW,3726.0,2.19,600.0,600.0,600.0
SAL11241,Denistone East,NSW,2292.0,1.01,650.0,650.0,650.0
SAL11242,Denistone West,NSW,947.0,0.47,600.0,600.0,600.0
SAL11243,Denman,NSW,1821.0,164.01,280.0,280.0,280.0
SAL11244,Depot Beach,NSW,34.0,3.25,550.0,550.0,550.0
SAL11245,Derriwong,NSW,38.0,75.69,183.0,183.0,183.0
SAL11246,Deua,NSW,0.0,804.41,0.0,0.0,0.0
SAL11247,Deua River Valley,NSW,52.0,287.49,0.0,0.0,0.0
SAL11248,Devils Hole,NSW,10.0,18.25,0.0,0.0,0.0
SAL11249,Dewitt,NSW,11.0,159.43,0.0,0.0,0.0
SAL11250,Dharruk,NSW,2806.0,1.37,350.0,350.0,350.0
SAL11251,Dhulura,NSW,42.0,58.71,360.0,360.0,360.0
SAL11252,Dhuragoon,NSW,38.0,246.06,250.0,250.0,250.0
SAL11253,Diamond Beach,NSW,1012.0,14.55,400.0,400.0,400.0
SAL11254,Diamond Head,NSW,7.0,39.7,0.0,0.0,0.0
SAL11255,Diehard,NSW,62.0,116.91,20.0,20.0,20.0
SAL11256,Diggers Camp,NSW,13.0,19.92,0.0,0.0,0.0
SAL11257,Dignams Creek,NSW,82.0,187.36,150.0,150.0,150.0
SAL11258,Dilkoon,NSW,40.0,41.54,0.0,0.0,0.0
SAL11259,Dilpurra,NSW,29.0,230.36,0.0,0.0,0.0
SAL11260,Dingo Forest,NSW,0.0,121.04,0.0,0.0,0.0
SAL11261,Dinoga,NSW,51.0,383.21,225.0,225.0,225.0
SAL11262,Dirnaseer,NSW,89.0,275.95,140.0,140.0,140.0
SAL11263,Dirty Creek,NSW,106.0,20.88,385.0,385.0,385.0
SAL11264,Dobies Bight,NSW,117.0,43.0,250.0,250.0,250.0
SAL11265,Doctor George Mountain,NSW,65.0,11.17,190.0,190.0,190.0
SAL11266,Doctors Gap,NSW,25.0,2.08,210.0,210.0,210.0
SAL11267,Dog Rocks,NSW,7.0,71.35,0.0,0.0,0.0
SAL11268,Dolans Bay,NSW,699.0,0.38,800.0,800.0,800.0
SAL11269,Dolls Point,NSW,1633.0,0.32,451.0,451.0,451.0
SAL11270,Dollys Flat,NSW,65.0,26.08,380.0,380.0,380.0
SAL11271,Dolphin Point,NSW,354.0,2.24,420.0,420.0,420.0
SAL11272,Dombarton,NSW,130.0,12.31,300.0,300.0,300.0
SAL11273,Donald Creek,NSW,39.0,24.88,335.0,335.0,335.0
SAL11274,Dondingalong,NSW,712.0,113.74,330.0,330.0,330.0
SAL11275,Doon Doon,NSW,92.0,54.56,360.0,360.0,360.0
SAL11276,Doonbah,NSW,298.0,11.98,216.0,216.0,216.0
SAL11277,Doonside,NSW,13614.0,8.64,350.0,350.0,350.0
SAL11278,Dooralong,NSW,350.0,32.29,500.0,500.0,500.0
SAL11279,Dora Creek,NSW,1739.0,14.65,380.0,380.0,380.0
SAL11280,Dorrigo,NSW,1214.0,54.59,300.0,300.0,300.0
SAL11281,Dorrigo Mountain,NSW,88.0,55.76,290.0,290.0,290.0
SAL11282,Dorroughby,NSW,158.0,11.9,260.0,260.0,260.0
SAL11283,Double Bay,NSW,4709.0,1.15,720.0,720.0,720.0
SAL11284,Doubtful Creek,NSW,162.0,73.24,290.0,290.0,290.0
SAL11285,Douglas Park,NSW,1386.0,39.22,446.0,446.0,446.0
SAL11286,Dover Heights,NSW,4044.0,1.38,798.0,798.0,798.0
SAL11287,Downside,NSW,124.0,118.51,185.0,185.0,185.0
SAL11288,Doyalson,NSW,299.0,11.86,370.0,370.0,370.0
SAL11289,Doyalson North,NSW,383.0,4.96,171.0,171.0,171.0
SAL11290,Doyles Creek,NSW,39.0,368.74,300.0,300.0,300.0
SAL11291,Doyles River,NSW,0.0,148.88,0.0,0.0,0.0
SAL11292,Drake,NSW,244.0,371.09,300.0,300.0,300.0
SAL11293,Drake Village,NSW,95.0,1.55,180.0,180.0,180.0
SAL11294,Drildool,NSW,23.0,345.03,50.0,50.0,50.0
SAL11295,Dripstone,NSW,68.0,99.44,240.0,240.0,240.0
SAL11296,Drummoyne,NSW,12011.0,3.36,600.0,600.0,600.0
SAL11297,Dry Creek (Nsw),NSW,50.0,44.23,0.0,0.0,0.0
SAL11298,Dry Plain,NSW,42.0,182.29,300.0,300.0,300.0
SAL11299,Dubbo,NSW,43516.0,1390.02,310.0,310.0,310.0
SAL11300,Duck Creek,NSW,50.0,104.7,240.0,240.0,240.0
SAL11301,Duckenfield,NSW,92.0,3.47,315.0,315.0,315.0
SAL11302,Duckmaloi,NSW,44.0,45.89,300.0,300.0,300.0
SAL11303,Dudley,NSW,2505.0,7.78,420.0,420.0,420.0
SAL11304,Duffys Forest,NSW,509.0,6.69,625.0,625.0,625.0
SAL11305,Dulguigan,NSW,143.0,15.35,560.0,560.0,560.0
SAL11306,Dulwich Hill,NSW,14046.0,3.09,470.0,470.0,470.0
SAL11307,Dum Dum,NSW,125.0,13.68,380.0,380.0,380.0
SAL11308,Dumaresq,NSW,80.0,171.86,290.0,290.0,290.0
SAL11309,Dumaresq Island,NSW,70.0,11.79,231.0,231.0,231.0
SAL11310,Dumaresq Valley,NSW,29.0,378.49,0.0,0.0,0.0
SAL11311,Dumbudgery,NSW,0.0,39.86,0.0,0.0,0.0
SAL11312,Dunbible,NSW,380.0,19.73,350.0,350.0,350.0
SAL11313,Dunbogan,NSW,1020.0,9.43,370.0,370.0,370.0
SAL11314,Duncans Creek,NSW,70.0,95.96,400.0,400.0,400.0
SAL11315,Dundas (Nsw),NSW,4959.0,2.01,428.0,428.0,428.0
SAL11316,Dundas Valley,NSW,5875.0,2.62,428.0,428.0,428.0
SAL11317,Dundee,NSW,152.0,410.5,150.0,150.0,150.0
SAL11318,Dundurrabin,NSW,121.0,210.06,175.0,175.0,175.0
SAL11319,Dunedoo,NSW,1097.0,2086.4,200.0,200.0,200.0
SAL11320,Dungarubba,NSW,52.0,20.3,250.0,250.0,250.0
SAL11321,Dungay,NSW,225.0,21.47,343.0,343.0,343.0
SAL11322,Dungeree,NSW,6.0,65.87,0.0,0.0,0.0
SAL11323,Dungog,NSW,1983.0,7.74,300.0,300.0,300.0
SAL11324,Dungowan,NSW,366.0,237.48,260.0,260.0,260.0
SAL11325,Dunkeld (Nsw),NSW,42.0,13.54,380.0,380.0,380.0
SAL11326,Dunmore (Nsw),NSW,318.0,27.41,420.0,420.0,420.0
SAL11327,Dunolly (Nsw),NSW,136.0,2.23,300.0,300.0,300.0
SAL11328,Dunoon,NSW,840.0,39.55,350.0,350.0,350.0
SAL11329,Duns Creek,NSW,582.0,39.16,355.0,355.0,355.0
SAL11330,Dunville Loop,NSW,13.0,60.15,0.0,0.0,0.0
SAL11331,Dural (Hornsby - Nsw),NSW,7900.0,49.43,600.0,600.0,600.0
SAL11332,Dural (Singleton - Nsw),NSW,0.0,65.59,0.0,0.0,0.0
SAL11333,Duramana,NSW,248.0,187.42,300.0,300.0,300.0
SAL11334,Duranbah,NSW,226.0,14.08,450.0,450.0,450.0
SAL11335,Duri,NSW,463.0,190.47,320.0,320.0,320.0
SAL11336,Duroby,NSW,74.0,3.42,240.0,240.0,240.0
SAL11337,Durran Durra,NSW,114.0,131.87,430.0,430.0,430.0
SAL11338,Durras North,NSW,50.0,15.29,190.0,190.0,190.0
SAL11339,Durren Durren,NSW,96.0,6.25,0.0,0.0,0.0
SAL11340,Duval,NSW,0.0,27.11,230.0,230.0,230.0
SAL11341,Dyers Crossing,NSW,346.0,54.28,300.0,300.0,300.0
SAL11342,Dyraaba,NSW,113.0,86.53,313.0,313.0,313.0
SAL11343,Dyrring,NSW,102.0,41.69,400.0,400.0,400.0
SAL11344,Eagle Vale,NSW,5789.0,3.68,400.0,400.0,400.0
SAL11345,Eagleton,NSW,205.0,22.57,310.0,310.0,310.0
SAL11346,Earlwood,NSW,18053.0,8.17,570.0,570.0,570.0
SAL11347,East Albury,NSW,6224.0,18.92,280.0,280.0,280.0
SAL11348,East Ballina,NSW,5882.0,8.51,460.0,460.0,460.0
SAL11349,East Branxton,NSW,1881.0,1.55,380.0,380.0,380.0
SAL11350,East Coraki,NSW,222.0,59.99,325.0,325.0,325.0
SAL11351,East Corrimal,NSW,3432.0,2.07,361.0,361.0,361.0
SAL11352,East Gosford,NSW,4391.0,2.98,380.0,380.0,380.0
SAL11353,East Gresford,NSW,338.0,44.43,280.0,280.0,280.0
SAL11354,East Hills,NSW,3370.0,2.08,375.0,375.0,375.0
SAL11355,East Jindabyne,NSW,1067.0,76.26,497.0,497.0,497.0
SAL11356,East Kangaloon,NSW,80.0,67.51,400.0,400.0,400.0
SAL11357,East Kempsey,NSW,1336.0,5.13,300.0,300.0,300.0
SAL11358,East Killara,NSW,2895.0,4.63,1000.0,1000.0,1000.0
SAL11359,East Kurrajong,NSW,2203.0,51.37,500.0,500.0,500.0
SAL11360,East Lindfield,NSW,3710.0,3.38,990.0,990.0,990.0
SAL11361,East Lismore,NSW,4980.0,8.55,310.0,310.0,310.0
SAL11362,East Lynne,NSW,94.0,56.47,300.0,300.0,300.0
SAL11363,East Maitland,NSW,11860.0,22.6,330.0,330.0,330.0
SAL11364,East Ryde,NSW,2522.0,1.59,735.0,735.0,735.0
SAL11365,East Seaham,NSW,353.0,53.31,400.0,400.0,400.0
SAL11366,East Tamworth,NSW,5417.0,20.21,325.0,325.0,325.0
SAL11367,East Wagga Wagga,NSW,213.0,15.8,300.0,300.0,300.0
SAL11368,East Wardell,NSW,312.0,26.6,350.0,350.0,350.0
SAL11369,Eastern Creek,NSW,874.0,29.67,400.0,400.0,400.0
SAL11370,Eastgardens,NSW,4086.0,0.78,650.0,650.0,650.0
SAL11371,Eastlakes,NSW,6347.0,2.92,380.0,380.0,380.0
SAL11372,Eastwood (Nsw),NSW,18695.0,7.54,450.0,450.0,450.0
SAL11373,Eatonsville,NSW,214.0,26.41,390.0,390.0,390.0
SAL11374,Ebenezer (Nsw),NSW,1081.0,31.53,450.0,450.0,450.0
SAL11375,Ebor,NSW,149.0,444.72,220.0,220.0,220.0
SAL11376,Eccleston,NSW,27.0,76.79,88.0,88.0,88.0
SAL11377,Edderton,NSW,4.0,61.6,310.0,310.0,310.0
SAL11378,Eden,NSW,3350.0,134.32,270.0,270.0,270.0
SAL11379,Eden Creek,NSW,136.0,49.16,300.0,300.0,300.0
SAL11380,Edensor Park,NSW,10279.0,4.5,450.0,450.0,450.0
SAL11381,Edenville,NSW,80.0,40.83,150.0,150.0,150.0
SAL11382,Edgecliff,NSW,2499.0,0.46,600.0,600.0,600.0
SAL11383,Edgeroi,NSW,96.0,465.01,200.0,200.0,200.0
SAL11384,Edgeworth,NSW,6401.0,8.56,360.0,360.0,360.0
SAL11385,Edith (Nsw),NSW,120.0,91.22,348.0,348.0,348.0
SAL11386,Edmondson Park,NSW,12080.0,10.12,550.0,550.0,550.0
SAL11387,Edrom,NSW,0.0,59.71,0.0,0.0,0.0
SAL11388,Eenaweena,NSW,21.0,422.89,200.0,200.0,200.0
SAL11389,Eglinton (Nsw),NSW,3012.0,91.23,415.0,415.0,415.0
SAL11390,Eighteen Mile,NSW,3.0,93.73,250.0,250.0,250.0
SAL11391,Elands,NSW,178.0,156.32,200.0,200.0,200.0
SAL11392,Elanora Heights,NSW,4581.0,5.62,750.0,750.0,750.0
SAL11393,Elcombe,NSW,25.0,248.08,0.0,0.0,0.0
SAL11394,Elderslie (Camden - Nsw),NSW,7878.0,7.67,480.0,480.0,480.0
SAL11395,Elderslie (Singleton - Nsw),NSW,131.0,28.03,385.0,385.0,385.0
SAL11396,Eleebana,NSW,6460.0,7.0,495.0,495.0,495.0
SAL11397,Elermore Vale,NSW,6057.0,7.07,380.0,380.0,380.0
SAL11398,Elizabeth Bay,NSW,4878.0,0.37,500.0,500.0,500.0
SAL11399,Elizabeth Beach,NSW,259.0,2.28,400.0,400.0,400.0
SAL11400,Elizabeth Hills,NSW,3208.0,1.63,560.0,560.0,560.0
SAL11401,Ellalong,NSW,1351.0,50.41,400.0,400.0,400.0
SAL11402,Elland,NSW,331.0,44.76,400.0,400.0,400.0
SAL11403,Ellangowan (Nsw),NSW,318.0,219.71,243.0,243.0,243.0
SAL11404,Ellenborough,NSW,171.0,185.75,350.0,350.0,350.0
SAL11405,Ellerslie (Snowy Valleys - Nsw),NSW,39.0,156.71,155.0,155.0,155.0
SAL11406,Ellerslie (Wentworth - Nsw),NSW,56.0,33.6,100.0,100.0,100.0
SAL11407,Ellerston,NSW,123.0,403.05,0.0,0.0,0.0
SAL11408,Ellis Lane,NSW,852.0,5.22,428.0,428.0,428.0
SAL11409,Elong Elong,NSW,142.0,310.09,250.0,250.0,250.0
SAL11410,Elrington,NSW,155.0,33.66,100.0,100.0,100.0
SAL11411,Elsmore,NSW,358.0,160.53,255.0,255.0,255.0
SAL11412,Eltham (Nsw),NSW,332.0,21.71,400.0,400.0,400.0
SAL11413,Elvina Bay,NSW,80.0,0.36,500.0,500.0,500.0
SAL11414,Emerald Beach,NSW,2677.0,20.18,463.0,463.0,463.0
SAL11415,Emerald Hill,NSW,137.0,258.96,250.0,250.0,250.0
SAL11416,Emerton,NSW,2295.0,1.3,320.0,320.0,320.0
SAL11417,Emmaville,NSW,505.0,817.83,150.0,150.0,150.0
SAL11418,Empire Bay,NSW,2522.0,5.73,410.0,410.0,410.0
SAL11419,Empire Vale,NSW,185.0,18.7,520.0,520.0,520.0
SAL11420,Emu Heights (Nsw),NSW,3205.0,4.97,440.0,440.0,440.0
SAL11421,Emu Plains,NSW,8126.0,11.77,420.0,420.0,420.0
SAL11422,Emu Swamp,NSW,156.0,83.74,250.0,250.0,250.0
SAL11423,Endrick,NSW,0.0,243.94,0.0,0.0,0.0
SAL11424,Enfield (Nsw),NSW,2992.0,1.06,450.0,450.0,450.0
SAL11425,Engadine,NSW,17736.0,13.48,500.0,500.0,500.0
SAL11426,Englorie Park,NSW,361.0,0.16,400.0,400.0,400.0
SAL11427,Enmore (Armidale Regional - Nsw),NSW,34.0,301.66,0.0,0.0,0.0
SAL11428,Enmore (Inner West - Nsw),NSW,3871.0,0.65,500.0,500.0,500.0
SAL11429,Enngonia,NSW,183.0,7960.42,160.0,160.0,160.0
SAL11430,Environa,NSW,0.0,12.63,0.0,0.0,0.0
SAL11431,Epping (Nsw),NSW,29551.0,9.92,500.0,500.0,500.0
SAL11432,Eraring,NSW,221.0,20.21,140.0,140.0,140.0
SAL11433,Eremerang,NSW,21.0,2563.86,0.0,0.0,0.0
SAL11434,Erigolia,NSW,29.0,440.45,1.0,1.0,1.0
SAL11435,Erin Vale,NSW,36.0,230.39,150.0,150.0,150.0
SAL11436,Erina,NSW,5205.0,7.42,380.0,380.0,380.0
SAL11437,Erina Heights,NSW,454.0,2.19,485.0,485.0,485.0
SAL11438,Ermington,NSW,12686.0,5.61,420.0,420.0,420.0
SAL11439,Erowal Bay,NSW,652.0,5.07,370.0,370.0,370.0
SAL11440,Errowanbang,NSW,52.0,87.87,215.0,215.0,215.0
SAL11441,Erskine Park,NSW,6486.0,12.19,450.0,450.0,450.0
SAL11442,Erskineville,NSW,9657.0,1.18,620.0,620.0,620.0
SAL11443,Erudgere,NSW,108.0,59.62,450.0,450.0,450.0
SAL11444,Eschol Park,NSW,2607.0,3.98,400.0,400.0,400.0
SAL11445,Esk (Nsw),NSW,0.0,73.61,0.0,0.0,0.0
SAL11446,Essington,NSW,99.0,204.99,600.0,600.0,600.0
SAL11447,Estella,NSW,2541.0,2.97,380.0,380.0,380.0
SAL11448,Ettalong Beach,NSW,5161.0,2.56,390.0,390.0,390.0
SAL11449,Ettamogah,NSW,92.0,31.39,270.0,270.0,270.0
SAL11450,Ettrema,NSW,0.0,266.19,0.0,0.0,0.0
SAL11451,Ettrick (Nsw),NSW,149.0,57.55,320.0,320.0,320.0
SAL11452,Euabalong,NSW,125.0,2907.06,125.0,125.0,125.0
SAL11453,Euabalong West,NSW,20.0,0.86,70.0,70.0,70.0
SAL11454,Euberta,NSW,130.0,156.67,235.0,235.0,235.0
SAL11455,Euchareena,NSW,170.0,599.7,168.0,168.0,168.0
SAL11456,Eucumbene,NSW,28.0,5.93,0.0,0.0,0.0
SAL11457,Eugowra,NSW,862.0,747.83,210.0,210.0,210.0
SAL11458,Eulah Creek,NSW,84.0,144.63,325.0,325.0,325.0
SAL11459,Eumungerie,NSW,384.0,488.24,200.0,200.0,200.0
SAL11460,Eunanoreenya,NSW,165.0,58.48,178.0,178.0,178.0
SAL11461,Eungai Creek,NSW,397.0,32.8,300.0,300.0,300.0
SAL11462,Eungai Rail,NSW,208.0,13.73,255.0,255.0,255.0
SAL11463,Eungella (Nsw),NSW,350.0,37.38,300.0,300.0,300.0
SAL11464,Eureka (Nsw),NSW,353.0,28.02,455.0,455.0,455.0
SAL11465,Eurimbla,NSW,44.0,158.21,350.0,350.0,350.0
SAL11466,Eurobodalla,NSW,80.0,62.04,0.0,0.0,0.0
SAL11467,Euroka,NSW,348.0,12.31,320.0,320.0,320.0
SAL11468,Euroley,NSW,76.0,440.04,600.0,600.0,600.0
SAL11469,Eurongilly,NSW,91.0,229.62,200.0,200.0,200.0
SAL11470,Eurunderee,NSW,186.0,68.12,350.0,350.0,350.0
SAL11471,Euston,NSW,822.0,4921.47,250.0,250.0,250.0
SAL11472,Evans Head,NSW,2907.0,29.25,321.0,321.0,321.0
SAL11473,Evans Plains,NSW,168.0,94.53,300.0,300.0,300.0
SAL11474,Eveleigh,NSW,606.0,0.77,300.0,300.0,300.0
SAL11475,Eviron,NSW,229.0,18.66,460.0,460.0,460.0
SAL11476,Ewingar,NSW,53.0,153.53,100.0,100.0,100.0
SAL11477,Ewingsdale,NSW,1025.0,24.47,600.0,600.0,600.0
SAL11478,Exeter (Nsw),NSW,1087.0,76.28,400.0,400.0,400.0
SAL11479,Failford,NSW,748.0,21.86,420.0,420.0,420.0
SAL11480,Fairfield (Nsw),NSW,18596.0,6.44,365.0,365.0,365.0
SAL11481,Fairfield East,NSW,5198.0,2.89,300.0,300.0,300.0
SAL11482,Fairfield Heights,NSW,8269.0,2.14,450.0,450.0,450.0
SAL11483,Fairfield West,NSW,12981.0,4.68,440.0,440.0,440.0
SAL11484,Fairholme,NSW,43.0,476.94,200.0,200.0,200.0
SAL11485,Fairlight,NSW,6141.0,1.7,720.0,720.0,720.0
SAL11486,Fairy Hill,NSW,407.0,36.67,300.0,300.0,300.0
SAL11487,Fairy Meadow,NSW,7512.0,5.04,390.0,390.0,390.0
SAL11488,Falbrook,NSW,29.0,22.75,428.0,428.0,428.0
SAL11489,Falconer,NSW,52.0,66.92,250.0,250.0,250.0
SAL11490,Falls Creek (Nsw),NSW,939.0,44.01,350.0,350.0,350.0
SAL11491,Far Meadow,NSW,209.0,19.58,300.0,300.0,300.0
SAL11492,Fargunyah,NSW,22.0,108.61,245.0,245.0,245.0
SAL11493,Farley,NSW,605.0,18.72,440.0,440.0,440.0
SAL11494,Farmborough Heights,NSW,4179.0,4.48,450.0,450.0,450.0
SAL11495,Farnham,NSW,21.0,39.17,270.0,270.0,270.0
SAL11496,Farrants Hill,NSW,131.0,4.62,350.0,350.0,350.0
SAL11497,Farringdon,NSW,21.0,102.1,280.0,280.0,280.0
SAL11498,Fassifern (Nsw),NSW,586.0,7.6,310.0,310.0,310.0
SAL11499,Faulconbridge,NSW,4156.0,21.62,420.0,420.0,420.0
SAL11500,Faulkland,NSW,106.0,52.28,295.0,295.0,295.0
SAL11501,Fawcetts Plain,NSW,155.0,35.48,350.0,350.0,350.0
SAL11502,Federal (Nsw),NSW,784.0,35.96,450.0,450.0,450.0
SAL11503,Fennell Bay,NSW,1780.0,3.88,368.0,368.0,368.0
SAL11504,Fern Bay,NSW,4046.0,11.79,510.0,510.0,510.0
SAL11505,Fern Gully,NSW,47.0,4.82,340.0,340.0,340.0
SAL11506,Fernances,NSW,7.0,8.74,0.0,0.0,0.0
SAL11507,Fernances Crossing,NSW,36.0,20.81,575.0,575.0,575.0
SAL11508,Fernbank Creek,NSW,122.0,20.29,275.0,275.0,275.0
SAL11509,Fernbrook,NSW,131.0,57.87,330.0,330.0,330.0
SAL11510,Fernhill,NSW,987.0,0.53,190.0,190.0,190.0
SAL11511,Fernleigh,NSW,298.0,14.97,450.0,450.0,450.0
SAL11512,Fernmount,NSW,444.0,22.4,350.0,350.0,350.0
SAL11513,Fernside,NSW,55.0,19.5,350.0,350.0,350.0
SAL11514,Fernvale (Nsw),NSW,261.0,16.79,330.0,330.0,330.0
SAL11515,Ferodale,NSW,98.0,116.52,400.0,400.0,400.0
SAL11516,Fiddletown,NSW,259.0,100.22,455.0,455.0,455.0
SAL11517,Fifield,NSW,128.0,944.74,100.0,100.0,100.0
SAL11518,Figtree,NSW,12335.0,12.61,430.0,430.0,430.0
SAL11519,Findon Creek,NSW,36.0,87.34,200.0,200.0,200.0
SAL11520,Fine Flower,NSW,25.0,80.41,180.0,180.0,180.0
SAL11521,Fingal Bay,NSW,1635.0,13.63,390.0,390.0,390.0
SAL11522,Fingal Head,NSW,615.0,5.59,400.0,400.0,400.0
SAL11523,Finley,NSW,2455.0,812.47,175.0,175.0,175.0
SAL11524,Firefly,NSW,247.0,65.22,380.0,380.0,380.0
SAL11525,Fishermans Bay,NSW,76.0,1.64,350.0,350.0,350.0
SAL11526,Fishermans Paradise,NSW,491.0,1.49,300.0,300.0,300.0
SAL11527,Fishermans Reach,NSW,144.0,25.83,250.0,250.0,250.0
SAL11528,Fishers Hill,NSW,56.0,20.49,360.0,360.0,360.0
SAL11529,Fishing Point,NSW,1105.0,0.95,430.0,430.0,430.0
SAL11530,Fitzgeralds Mount,NSW,25.0,31.01,0.0,0.0,0.0
SAL11531,Fitzgeralds Valley,NSW,12.0,8.28,0.0,0.0,0.0
SAL11532,Fitzroy Falls,NSW,220.0,104.86,440.0,440.0,440.0
SAL11533,Five Dock,NSW,9823.0,3.58,570.0,570.0,570.0
SAL11534,Five Ways,NSW,27.0,803.26,0.0,0.0,0.0
SAL11535,Flat Tops,NSW,21.0,25.66,235.0,235.0,235.0
SAL11536,Fletcher (Nsw),NSW,8014.0,8.78,510.0,510.0,510.0
SAL11537,Flinders (Nsw),NSW,7118.0,3.41,490.0,490.0,490.0
SAL11538,Floraville,NSW,1814.0,1.94,405.0,405.0,405.0
SAL11539,Forbes (Nsw),NSW,8157.0,1272.15,230.0,230.0,230.0
SAL11540,Forbes Creek,NSW,62.0,58.91,450.0,450.0,450.0
SAL11541,Forbes River,NSW,20.0,299.89,0.0,0.0,0.0
SAL11542,Forbesdale,NSW,170.0,52.45,340.0,340.0,340.0
SAL11543,Fords Bridge,NSW,30.0,5025.37,0.0,0.0,0.0
SAL11544,Fordwich,NSW,90.0,33.54,345.0,345.0,345.0
SAL11545,Forest Glen (Nsw),NSW,71.0,8.09,210.0,210.0,210.0
SAL11546,Forest Grove (Nsw),NSW,115.0,12.12,288.0,288.0,288.0
SAL11547,Forest Hill (Nsw),NSW,3081.0,51.9,310.0,310.0,310.0
SAL11548,Forest Land,NSW,0.0,275.77,0.0,0.0,0.0
SAL11549,Forest Lodge,NSW,4965.0,0.65,590.0,590.0,590.0
SAL11550,Forest Reefs,NSW,537.0,95.19,325.0,325.0,325.0
SAL11551,Forestville (Nsw),NSW,8659.0,6.8,650.0,650.0,650.0
SAL11552,Forresters Beach,NSW,3354.0,3.98,470.0,470.0,470.0
SAL11553,Forster (Nsw),NSW,14187.0,45.59,340.0,340.0,340.0
SAL11554,Fortis Creek,NSW,38.0,141.54,0.0,0.0,0.0
SAL11555,Fosters Valley,NSW,72.0,80.73,0.0,0.0,0.0
SAL11556,Fosterton,NSW,94.0,45.59,260.0,260.0,260.0
SAL11557,Fountaindale,NSW,726.0,11.17,500.0,500.0,500.0
SAL11558,Four Corners,NSW,0.0,383.02,0.0,0.0,0.0
SAL11559,Four Mile Creek (Nsw),NSW,16.0,42.13,350.0,350.0,350.0
SAL11560,Fowlers Gap,NSW,26.0,5730.09,65.0,65.0,65.0
SAL11561,Foxground,NSW,164.0,29.75,570.0,570.0,570.0
SAL11562,Frazer Park,NSW,0.0,4.26,0.0,0.0,0.0
SAL11563,Frazers Creek,NSW,215.0,63.55,231.0,231.0,231.0
SAL11564,Frederickton,NSW,1452.0,16.75,330.0,330.0,330.0
SAL11565,Freeburn Island,NSW,0.0,5.31,0.0,0.0,0.0
SAL11566,Freemans,NSW,0.0,3.21,0.0,0.0,0.0
SAL11567,Freemans Reach,NSW,2049.0,35.52,463.0,463.0,463.0
SAL11568,Freemans Waterhole,NSW,120.0,50.97,220.0,220.0,220.0
SAL11569,Freemantle,NSW,28.0,85.9,0.0,0.0,0.0
SAL11570,French Park,NSW,17.0,31.99,0.0,0.0,0.0
SAL11571,Frenchs Forest,NSW,14267.0,12.6,800.0,800.0,800.0
SAL11572,Freshwater (Nsw),NSW,9186.0,2.55,600.0,600.0,600.0
SAL11573,Frog Rock,NSW,170.0,19.44,288.0,288.0,288.0
SAL11574,Frogmore,NSW,146.0,446.3,40.0,40.0,40.0
SAL11575,Frogs Hollow,NSW,117.0,25.52,290.0,290.0,290.0
SAL11576,Frying Pan,NSW,11.0,100.62,0.0,0.0,0.0
SAL11577,Fullerton,NSW,47.0,299.23,200.0,200.0,200.0
SAL11578,Fullerton Cove,NSW,735.0,26.33,300.0,300.0,300.0
SAL11579,Furracabad,NSW,49.0,103.49,220.0,220.0,220.0
SAL11580,Gables,NSW,3339.0,8.85,600.0,600.0,600.0
SAL11581,Gadara,NSW,49.0,70.77,280.0,280.0,280.0
SAL11582,Gala Vale,NSW,13.0,181.86,300.0,300.0,300.0
SAL11583,Galambine,NSW,100.0,82.32,360.0,360.0,360.0
SAL11584,Galong,NSW,235.0,384.92,200.0,200.0,200.0
SAL11585,Galore,NSW,70.0,386.78,100.0,100.0,100.0
SAL11586,Galston,NSW,3195.0,34.08,495.0,495.0,495.0
SAL11587,Ganbenang,NSW,109.0,198.37,225.0,225.0,225.0
SAL11588,Gangat,NSW,40.0,13.5,350.0,350.0,350.0
SAL11589,Ganmain,NSW,793.0,654.01,200.0,200.0,200.0
SAL11590,Garah,NSW,291.0,3062.61,240.0,240.0,240.0
SAL11591,Garden Suburb,NSW,1959.0,2.7,465.0,465.0,465.0
SAL11592,Garema,NSW,84.0,437.27,75.0,75.0,75.0
SAL11593,Garland,NSW,75.0,124.54,250.0,250.0,250.0
SAL11594,Garland Valley,NSW,22.0,137.22,0.0,0.0,0.0
SAL11595,Garoo,NSW,93.0,359.71,266.0,266.0,266.0
SAL11596,Garra,NSW,117.0,85.88,305.0,305.0,305.0
SAL11597,Garthowen,NSW,169.0,99.48,180.0,180.0,180.0
SAL11598,Gateshead,NSW,3121.0,7.79,300.0,300.0,300.0
SAL11599,Gearys Flat,NSW,3.0,119.81,0.0,0.0,0.0
SAL11600,Geehi,NSW,0.0,565.88,0.0,0.0,0.0
SAL11601,Gelston Park,NSW,160.0,45.16,460.0,460.0,460.0
SAL11602,Gemalla,NSW,24.0,35.65,180.0,180.0,180.0
SAL11603,Geneva,NSW,699.0,18.21,290.0,290.0,290.0
SAL11604,Georges Creek (Nsw),NSW,11.0,216.9,0.0,0.0,0.0
SAL11605,Georges Hall,NSW,9739.0,4.79,520.0,520.0,520.0
SAL11606,Georges Plains,NSW,218.0,63.27,290.0,290.0,290.0
SAL11607,Georgetown (Nsw),NSW,2072.0,0.78,423.0,423.0,423.0
SAL11608,Georgica,NSW,240.0,36.85,330.0,330.0,330.0
SAL11609,Gerogery,NSW,684.0,257.66,250.0,250.0,250.0
SAL11610,Gerringong,NSW,4165.0,16.12,500.0,500.0,500.0
SAL11611,Gerroa,NSW,571.0,13.37,480.0,480.0,480.0
SAL11612,Geurie,NSW,706.0,267.72,300.0,300.0,300.0
SAL11613,Ghinni Ghi,NSW,41.0,81.61,315.0,315.0,315.0
SAL11614,Ghinni Ghinni,NSW,45.0,9.62,235.0,235.0,235.0
SAL11615,Ghoolendaadi,NSW,85.0,274.75,300.0,300.0,300.0
SAL11616,Giants Creek,NSW,149.0,206.9,280.0,280.0,280.0
SAL11617,Gibberagee,NSW,35.0,204.95,0.0,0.0,0.0
SAL11618,Gibraltar Range,NSW,118.0,690.62,15.0,15.0,15.0
SAL11619,Gidginbung,NSW,69.0,201.15,100.0,100.0,100.0
SAL11620,Gidley,NSW,91.0,28.54,250.0,250.0,250.0
SAL11621,Gilead,NSW,882.0,41.03,265.0,265.0,265.0
SAL11622,Gilgai,NSW,740.0,115.01,250.0,250.0,250.0
SAL11623,Gilgandra,NSW,2983.0,898.36,200.0,200.0,200.0
SAL11624,Gilgooma,NSW,44.0,500.09,113.0,113.0,113.0
SAL11625,Gilgunnia,NSW,0.0,509.21,0.0,0.0,0.0
SAL11626,Gillenbah,NSW,119.0,435.66,170.0,170.0,170.0
SAL11627,Gilletts Ridge,NSW,44.0,9.14,0.0,0.0,0.0
SAL11628,Gillieston Heights,NSW,4796.0,16.73,430.0,430.0,430.0
SAL11629,Gilmandyke,NSW,17.0,79.75,185.0,185.0,185.0
SAL11630,Gilmore (Nsw),NSW,229.0,144.22,290.0,290.0,290.0
SAL11631,Gin Gin (Nsw),NSW,159.0,789.28,160.0,160.0,160.0
SAL11632,Gineroi,NSW,63.0,229.74,138.0,138.0,138.0
SAL11633,Ginghi,NSW,15.0,75.46,0.0,0.0,0.0
SAL11634,Gingkin,NSW,62.0,204.65,160.0,160.0,160.0
SAL11635,Girards Hill,NSW,1318.0,0.96,290.0,290.0,290.0
SAL11636,Girilambone,NSW,86.0,2336.52,140.0,140.0,140.0
SAL11637,Giro,NSW,0.0,251.9,0.0,0.0,0.0
SAL11638,Girral,NSW,53.0,586.16,80.0,80.0,80.0
SAL11639,Girralong,NSW,44.0,54.71,196.0,196.0,196.0
SAL11640,Girraween (Nsw),NSW,6256.0,3.36,460.0,460.0,460.0
SAL11641,Girvan,NSW,210.0,93.35,100.0,100.0,100.0
SAL11642,Gladesville,NSW,12867.0,5.09,450.0,450.0,450.0
SAL11643,Gladstone (Nsw),NSW,437.0,9.04,355.0,355.0,355.0
SAL11644,Glanmire (Nsw),NSW,186.0,67.42,298.0,298.0,298.0
SAL11645,Glebe (Nsw),NSW,11680.0,2.45,420.0,420.0,420.0
SAL11646,Gledswood Hills,NSW,6112.0,8.47,540.0,540.0,540.0
SAL11647,Glen Alice,NSW,56.0,200.02,185.0,185.0,185.0
SAL11648,Glen Allen,NSW,55.0,232.11,300.0,300.0,300.0
SAL11649,Glen Alpine,NSW,4429.0,7.84,570.0,570.0,570.0
SAL11650,Glen Davis,NSW,106.0,512.77,250.0,250.0,250.0
SAL11651,Glen Elgin,NSW,32.0,412.11,0.0,0.0,0.0
SAL11652,Glen Fergus,NSW,15.0,91.45,0.0,0.0,0.0
SAL11653,Glen Innes,NSW,6219.0,263.84,230.0,230.0,230.0
SAL11654,Glen Martin,NSW,158.0,97.69,345.0,345.0,345.0
SAL11655,Glen Nevis,NSW,0.0,151.03,0.0,0.0,0.0
SAL11656,Glen Oak,NSW,426.0,62.95,380.0,380.0,380.0
SAL11657,Glen Ward,NSW,3.0,149.56,0.0,0.0,0.0
SAL11658,Glen William,NSW,143.0,36.82,320.0,320.0,320.0
SAL11659,Glenbawn,NSW,89.0,159.5,270.0,270.0,270.0
SAL11660,Glenbrook,NSW,5078.0,10.2,490.0,490.0,490.0
SAL11661,Glencoe (Nsw),NSW,166.0,207.8,190.0,190.0,190.0
SAL11662,Glendale (Nsw),NSW,3260.0,5.5,360.0,360.0,360.0
SAL11663,Glendenning,NSW,5196.0,5.18,430.0,430.0,430.0
SAL11664,Glendon,NSW,114.0,15.09,290.0,290.0,290.0
SAL11665,Glendon Brook,NSW,368.0,228.14,450.0,450.0,450.0
SAL11666,Glenelg (Nsw),NSW,44.0,212.21,0.0,0.0,0.0
SAL11667,Glenellen,NSW,130.0,55.89,413.0,413.0,413.0
SAL11668,Glenfield (Nsw),NSW,10536.0,10.2,420.0,420.0,420.0
SAL11669,Glenfield Park,NSW,5078.0,4.58,330.0,330.0,330.0
SAL11670,Glengarrie,NSW,102.0,8.36,350.0,350.0,350.0
SAL11671,Glenhaven,NSW,6619.0,10.45,650.0,650.0,650.0
SAL11672,Gleniffer,NSW,414.0,86.07,350.0,350.0,350.0
SAL11673,Glenmore (Nsw),NSW,108.0,9.78,545.0,545.0,545.0
SAL11674,Glenmore Park,NSW,25021.0,14.13,480.0,480.0,480.0
SAL11675,Glennies Creek,NSW,33.0,56.63,400.0,400.0,400.0
SAL11676,Glenning Valley,NSW,2023.0,8.13,460.0,460.0,460.0
SAL11677,Glenorie,NSW,3792.0,114.73,543.0,543.0,543.0
SAL11678,Glenquarry,NSW,261.0,66.45,370.0,370.0,370.0
SAL11679,Glenreagh,NSW,1005.0,115.57,330.0,330.0,330.0
SAL11680,Glenridding,NSW,259.0,13.2,285.0,285.0,285.0
SAL11681,Glenrock (Nsw),NSW,10.0,421.57,0.0,0.0,0.0
SAL11682,Glenroy (Albury - Nsw),NSW,3528.0,12.35,315.0,315.0,315.0
SAL11683,Glenroy (Snowy Valleys - Nsw),NSW,85.0,147.53,235.0,235.0,235.0
SAL11684,Glenthorne,NSW,234.0,12.79,335.0,335.0,335.0
SAL11685,Glenugie,NSW,1298.0,141.72,350.0,350.0,350.0
SAL11686,Glenwood (Nsw),NSW,15829.0,7.42,590.0,590.0,590.0
SAL11687,Glenworth Valley,NSW,12.0,32.74,275.0,275.0,275.0
SAL11688,Glossodia,NSW,2865.0,22.42,430.0,430.0,430.0
SAL11689,Gloucester,NSW,3133.0,82.49,275.0,275.0,275.0
SAL11690,Gloucester Tops,NSW,0.0,109.91,0.0,0.0,0.0
SAL11691,Goat Island,NSW,4.0,0.41,0.0,0.0,0.0
SAL11692,Gobarralong,NSW,63.0,311.33,150.0,150.0,150.0
SAL11693,Gobbagombalin,NSW,2184.0,64.72,410.0,410.0,410.0
SAL11694,Gocup,NSW,153.0,94.13,310.0,310.0,310.0
SAL11695,Godfreys Creek,NSW,65.0,362.28,1.0,1.0,1.0
SAL11696,Gogeldrie,NSW,65.0,153.15,200.0,200.0,200.0
SAL11697,Gol Gol,NSW,1956.0,29.59,315.0,315.0,315.0
SAL11698,Gollan,NSW,109.0,349.59,200.0,200.0,200.0
SAL11699,Golspie,NSW,81.0,301.12,365.0,365.0,365.0
SAL11700,Gongolgon,NSW,31.0,2987.62,160.0,160.0,160.0
SAL11701,Gonn,NSW,42.0,281.68,0.0,0.0,0.0
SAL11702,Gooandra,NSW,0.0,432.68,0.0,0.0,0.0
SAL11703,Goobarragandra,NSW,89.0,762.66,200.0,200.0,200.0
SAL11704,Good Forest,NSW,38.0,32.0,360.0,360.0,360.0
SAL11705,Good Hope,NSW,159.0,212.05,300.0,300.0,300.0
SAL11706,Goodmans Ford,NSW,0.0,6.75,0.0,0.0,0.0
SAL11707,Goodnight,NSW,86.0,138.78,120.0,120.0,120.0
SAL11708,Goodooga,NSW,223.0,4597.74,170.0,170.0,170.0
SAL11709,Goodwood Island,NSW,91.0,13.28,250.0,250.0,250.0
SAL11710,Googong,NSW,7444.0,108.57,525.0,525.0,525.0
SAL11711,Goolgowi,NSW,416.0,1259.89,220.0,220.0,220.0
SAL11712,Goolhi,NSW,65.0,619.79,138.0,138.0,138.0
SAL11713,Goolma,NSW,95.0,343.4,400.0,400.0,400.0
SAL11714,Goolmangar,NSW,183.0,17.18,305.0,305.0,305.0
SAL11715,Gooloogong,NSW,408.0,419.51,208.0,208.0,208.0
SAL11716,Goombargana,NSW,59.0,184.8,300.0,300.0,300.0
SAL11717,Goonellabah,NSW,13351.0,30.21,320.0,320.0,320.0
SAL11718,Goonengerry,NSW,422.0,36.08,358.0,358.0,358.0
SAL11719,Goonoo Forest,NSW,13.0,709.94,0.0,0.0,0.0
SAL11720,Goonoo Goonoo,NSW,42.0,46.5,300.0,300.0,300.0
SAL11721,Goonumbla,NSW,98.0,470.98,250.0,250.0,250.0
SAL11722,Goorangoola,NSW,52.0,117.73,400.0,400.0,400.0
SAL11723,Goorianawa,NSW,20.0,288.2,0.0,0.0,0.0
SAL11724,Gordon (Nsw),NSW,8795.0,5.49,577.0,577.0,577.0
SAL11725,Gorge Creek,NSW,16.0,65.84,180.0,180.0,180.0
SAL11726,Gormans Hill,NSW,887.0,23.76,240.0,240.0,240.0
SAL11727,Gorokan,NSW,8624.0,4.43,350.0,350.0,350.0
SAL11728,Gosford,NSW,4873.0,4.25,390.0,390.0,390.0
SAL11729,Gosforth,NSW,82.0,9.43,225.0,225.0,225.0
SAL11730,Gostwyck,NSW,17.0,113.8,0.0,0.0,0.0
SAL11731,Goulburn,NSW,23963.0,82.51,320.0,320.0,320.0
SAL11732,Gouldsville,NSW,24.0,7.53,297.0,297.0,297.0
SAL11733,Gowan,NSW,38.0,192.12,325.0,325.0,325.0
SAL11734,Gowang,NSW,27.0,292.47,200.0,200.0,200.0
SAL11735,Gowrie (Singleton - Nsw),NSW,338.0,6.5,478.0,478.0,478.0
SAL11736,Gowrie (Tamworth Regional - Nsw),NSW,96.0,174.53,200.0,200.0,200.0
SAL11737,Grabben Gullen,NSW,248.0,124.85,300.0,300.0,300.0
SAL11738,Gradys Creek,NSW,59.0,92.16,268.0,268.0,268.0
SAL11739,Grafton,NSW,10563.0,16.84,300.0,300.0,300.0
SAL11740,Gragin,NSW,15.0,37.02,200.0,200.0,200.0
SAL11741,Grahamstown,NSW,71.0,50.87,23.0,23.0,23.0
SAL11742,Graman,NSW,102.0,408.31,180.0,180.0,180.0
SAL11743,Grantham Farm,NSW,3669.0,5.24,540.0,540.0,540.0
SAL11744,Grants Beach,NSW,8.0,8.33,250.0,250.0,250.0
SAL11745,Granville (Nsw),NSW,16716.0,4.88,400.0,400.0,400.0
SAL11746,Grasmere,NSW,2105.0,7.94,116.0,116.0,116.0
SAL11747,Grassy Head,NSW,85.0,10.43,288.0,288.0,288.0
SAL11748,Grattai,NSW,330.0,248.16,280.0,280.0,280.0
SAL11749,Gravesend,NSW,299.0,866.97,160.0,160.0,160.0
SAL11750,Grays Point,NSW,3034.0,1.91,630.0,630.0,630.0
SAL11751,Great Mackerel Beach,NSW,50.0,0.18,350.0,350.0,350.0
SAL11752,Great Marlow,NSW,184.0,13.49,345.0,345.0,345.0
SAL11753,Green Cape,NSW,3.0,83.82,0.0,0.0,0.0
SAL11754,Green Creek,NSW,19.0,87.29,200.0,200.0,200.0
SAL11755,Green Forest,NSW,11.0,16.35,475.0,475.0,475.0
SAL11756,Green Gully (Nsw),NSW,49.0,34.54,420.0,420.0,420.0
SAL11757,Green Hills (Armidale Regional - Nsw),NSW,16.0,61.26,125.0,125.0,125.0
SAL11758,Green Hills (Snowy Valleys - Nsw),NSW,0.0,332.57,0.0,0.0,0.0
SAL11759,Green Pigeon,NSW,176.0,52.08,250.0,250.0,250.0
SAL11760,Green Point (Central Coast - Nsw),NSW,6810.0,12.31,425.0,425.0,425.0
SAL11761,Green Point (Mid-Coast - Nsw),NSW,522.0,1.38,400.0,400.0,400.0
SAL11762,Green Valley (Nsw),NSW,12919.0,4.68,450.0,450.0,450.0
SAL11763,Greenacre,NSW,26314.0,10.83,420.0,420.0,420.0
SAL11764,Greendale (Bega Valley - Nsw),NSW,94.0,56.11,260.0,260.0,260.0
SAL11765,Greendale (Liverpool - Nsw),NSW,314.0,49.41,483.0,483.0,483.0
SAL11766,Greenethorpe,NSW,202.0,237.93,200.0,200.0,200.0
SAL11767,Greenfield Park,NSW,5394.0,2.19,460.0,460.0,460.0
SAL11768,Greengrove,NSW,14.0,8.15,250.0,250.0,250.0
SAL11769,Greenhill (Nsw),NSW,757.0,10.54,240.0,240.0,240.0
SAL11770,Greenhills Beach,NSW,1375.0,0.57,1625.0,1625.0,1625.0
SAL11771,Greenlands (Singleton - Nsw),NSW,102.0,90.64,314.0,314.0,314.0
SAL11772,Greenlands (Snowy Monaro Regional - Nsw),NSW,20.0,95.24,0.0,0.0,0.0
SAL11773,Greenleigh,NSW,676.0,9.83,465.0,465.0,465.0
SAL11774,Greenridge,NSW,156.0,32.52,390.0,390.0,390.0
SAL11775,Greenwell Point,NSW,1245.0,3.98,300.0,300.0,300.0
SAL11776,Greenwich,NSW,5469.0,2.41,550.0,550.0,550.0
SAL11777,Greenwich Park,NSW,162.0,131.53,275.0,275.0,275.0
SAL11778,Greg Greg,NSW,36.0,118.98,300.0,300.0,300.0
SAL11779,Gregadoo,NSW,274.0,177.89,278.0,278.0,278.0
SAL11780,Gregory Hills,NSW,9142.0,6.8,520.0,520.0,520.0
SAL11781,Greigs Flat,NSW,206.0,34.13,180.0,180.0,180.0
SAL11782,Grenfell,NSW,2600.0,1278.51,200.0,200.0,200.0
SAL11783,Gresford,NSW,240.0,76.2,300.0,300.0,300.0
SAL11784,Greta (Nsw),NSW,3349.0,29.32,360.0,360.0,360.0
SAL11785,Greta Main,NSW,73.0,4.27,425.0,425.0,425.0
SAL11786,Grevillia,NSW,79.0,29.25,200.0,200.0,200.0
SAL11787,Greystanes,NSW,23511.0,13.03,480.0,480.0,480.0
SAL11788,Griffith (Nsw),NSW,19505.0,76.2,300.0,300.0,300.0
SAL11789,Grogan,NSW,87.0,404.46,125.0,125.0,125.0
SAL11790,Grong Grong,NSW,287.0,816.26,150.0,150.0,150.0
SAL11791,Grose Vale,NSW,1272.0,26.69,538.0,538.0,538.0
SAL11792,Grose Wold,NSW,668.0,16.4,450.0,450.0,450.0
SAL11793,Grosses Plain,NSW,34.0,69.35,382.0,382.0,382.0
SAL11794,Growee,NSW,12.0,102.23,0.0,0.0,0.0
SAL11795,Guerilla Bay,NSW,59.0,2.56,500.0,500.0,500.0
SAL11796,Guildford (Nsw),NSW,24091.0,8.58,378.0,378.0,378.0
SAL11797,Guildford West,NSW,5762.0,2.34,460.0,460.0,460.0
SAL11798,Gulargambone,NSW,528.0,1008.0,160.0,160.0,160.0
SAL11799,Gulf Creek,NSW,45.0,228.37,130.0,130.0,130.0
SAL11800,Gulgong,NSW,2680.0,143.51,300.0,300.0,300.0
SAL11801,Gulmarrad,NSW,1950.0,40.69,450.0,450.0,450.0
SAL11802,Gum Flat,NSW,209.0,189.01,300.0,300.0,300.0
SAL11803,Gum Scrub,NSW,121.0,98.04,400.0,400.0,400.0
SAL11804,Gumbalie,NSW,23.0,4556.71,80.0,80.0,80.0
SAL11805,Gumble,NSW,49.0,238.66,175.0,175.0,175.0
SAL11806,Gumly Gumly,NSW,450.0,18.47,265.0,265.0,265.0
SAL11807,Gumma,NSW,486.0,39.68,315.0,315.0,315.0
SAL11808,Gunbar,NSW,33.0,2293.46,0.0,0.0,0.0
SAL11809,Gundagai,NSW,1699.0,70.68,230.0,230.0,230.0
SAL11810,Gundamulda,NSW,25.0,107.36,100.0,100.0,100.0
SAL11811,Gundaroo,NSW,1233.0,448.98,475.0,475.0,475.0
SAL11812,Gundary,NSW,306.0,159.97,300.0,300.0,300.0
SAL11813,Gunderbooka,NSW,27.0,3794.27,0.0,0.0,0.0
SAL11814,Gunderman,NSW,189.0,147.69,250.0,250.0,250.0
SAL11815,Gundy,NSW,165.0,102.79,250.0,250.0,250.0
SAL11816,Gungal,NSW,186.0,205.81,200.0,200.0,200.0
SAL11817,Gungalman,NSW,19.0,558.62,0.0,0.0,0.0
SAL11818,Gunnedah,NSW,10359.0,707.26,300.0,300.0,300.0
SAL11819,Gunning,NSW,820.0,117.12,350.0,350.0,350.0
SAL11820,Gunning Gap,NSW,88.0,290.79,150.0,150.0,150.0
SAL11821,Gunningbland,NSW,90.0,253.4,175.0,175.0,175.0
SAL11822,Gunningrah,NSW,26.0,132.11,400.0,400.0,400.0
SAL11823,Guntawang,NSW,43.0,88.41,350.0,350.0,350.0
SAL11824,Gurley,NSW,248.0,1268.93,200.0,200.0,200.0
SAL11825,Gurnang,NSW,94.0,84.76,0.0,0.0,0.0
SAL11826,Gurranang,NSW,57.0,55.74,500.0,500.0,500.0
SAL11827,Gurrundah,NSW,80.0,286.08,261.0,261.0,261.0
SAL11828,Guyong,NSW,118.0,97.0,250.0,250.0,250.0
SAL11829,Guyra,NSW,2003.0,401.85,260.0,260.0,260.0
SAL11830,Gwabegar,NSW,124.0,734.41,23.0,23.0,23.0
SAL11831,Gwandalan,NSW,3785.0,4.11,385.0,385.0,385.0
SAL11832,Gwynneville,NSW,3139.0,1.85,350.0,350.0,350.0
SAL11833,Gymea,NSW,8219.0,3.22,500.0,500.0,500.0
SAL11834,Gymea Bay,NSW,6983.0,3.48,680.0,680.0,680.0
SAL11835,Haberfield,NSW,6480.0,3.47,530.0,530.0,530.0
SAL11836,Hacks Ferry,NSW,9.0,11.15,0.0,0.0,0.0
SAL11837,Halekulani,NSW,2677.0,2.0,360.0,360.0,360.0
SAL11838,Halfway Creek,NSW,246.0,111.12,325.0,325.0,325.0
SAL11839,Hallidays Point,NSW,656.0,13.9,300.0,300.0,300.0
SAL11840,Halloran,NSW,34.0,4.97,420.0,420.0,420.0
SAL11841,Halls Creek (Nsw),NSW,180.0,642.52,200.0,200.0,200.0
SAL11842,Hallsville,NSW,642.0,31.85,410.0,410.0,410.0
SAL11843,Halton,NSW,25.0,76.6,0.0,0.0,0.0
SAL11844,Hambledon Hill,NSW,14.0,5.87,400.0,400.0,400.0
SAL11845,Hamilton (Nsw),NSW,4614.0,2.0,420.0,420.0,420.0
SAL11846,Hamilton East,NSW,997.0,0.55,470.0,470.0,470.0
SAL11847,Hamilton North,NSW,934.0,1.14,420.0,420.0,420.0
SAL11848,Hamilton South,NSW,4057.0,1.69,162.0,162.0,162.0
SAL11849,Hamilton Valley,NSW,834.0,18.21,345.0,345.0,345.0
SAL11850,Hamlyn Terrace,NSW,8761.0,7.48,490.0,490.0,490.0
SAL11851,Hammondville,NSW,3691.0,2.65,440.0,440.0,440.0
SAL11852,Hampden Hall,NSW,74.0,3.79,350.0,350.0,350.0
SAL11853,Hampton (Nsw),NSW,118.0,207.32,338.0,338.0,338.0
SAL11854,Hanging Rock,NSW,98.0,432.01,250.0,250.0,250.0
SAL11855,Hanleys Creek,NSW,3.0,22.51,0.0,0.0,0.0
SAL11856,Hannam Vale,NSW,218.0,35.08,350.0,350.0,350.0
SAL11857,Hanwood,NSW,1388.0,150.98,275.0,275.0,275.0
SAL11858,Harden,NSW,1900.0,21.01,220.0,220.0,220.0
SAL11859,Hardys Bay,NSW,233.0,0.87,525.0,525.0,525.0
SAL11860,Harefield,NSW,165.0,306.89,300.0,300.0,300.0
SAL11861,Hargraves,NSW,300.0,835.36,220.0,220.0,220.0
SAL11862,Harolds Cross,NSW,79.0,112.82,320.0,320.0,320.0
SAL11863,Harparary,NSW,47.0,132.9,400.0,400.0,400.0
SAL11864,Harpers Hill,NSW,64.0,5.38,273.0,273.0,273.0
SAL11865,Harrington,NSW,3381.0,45.81,340.0,340.0,340.0
SAL11866,Harrington Park,NSW,13332.0,11.68,550.0,550.0,550.0
SAL11867,Harris Park,NSW,5043.0,0.92,360.0,360.0,360.0
SAL11868,Hartley (Nsw),NSW,478.0,111.61,283.0,283.0,283.0
SAL11869,Hartley Vale,NSW,84.0,30.1,300.0,300.0,300.0
SAL11870,Hartwood,NSW,26.0,268.88,260.0,260.0,260.0
SAL11871,Hartys Plains,NSW,36.0,4.77,220.0,220.0,220.0
SAL11872,Harwood,NSW,346.0,31.2,330.0,330.0,330.0
SAL11873,Hassall Grove,NSW,4401.0,1.77,410.0,410.0,410.0
SAL11874,Hassans Walls,NSW,0.0,7.78,0.0,0.0,0.0
SAL11875,Hastings Point,NSW,661.0,2.49,290.0,290.0,290.0
SAL11876,Hat Head,NSW,365.0,47.21,275.0,275.0,275.0
SAL11877,Hatfield,NSW,10.0,2642.83,0.0,0.0,0.0
SAL11878,Havilah (Nsw),NSW,42.0,61.34,350.0,350.0,350.0
SAL11879,Hawkesbury Heights,NSW,468.0,4.33,473.0,473.0,473.0
SAL11880,Hawks Nest,NSW,1413.0,47.75,330.0,330.0,330.0
SAL11881,Hay (Nsw),NSW,2300.0,2865.62,175.0,175.0,175.0
SAL11882,Hay South,NSW,357.0,3402.85,165.0,165.0,165.0
SAL11883,Hayes Gap,NSW,22.0,72.94,273.0,273.0,273.0
SAL11884,Haymarket,NSW,8305.0,0.75,650.0,650.0,650.0
SAL11885,Haystack,NSW,3.0,33.98,0.0,0.0,0.0
SAL11886,Hayters Hill,NSW,40.0,3.24,450.0,450.0,450.0
SAL11887,Haywards Bay,NSW,1280.0,1.73,590.0,590.0,590.0
SAL11888,Hazelbrook,NSW,5077.0,18.12,400.0,400.0,400.0
SAL11889,Hazelgrove,NSW,97.0,53.39,175.0,175.0,175.0
SAL11890,Heathcote (Nsw),NSW,6148.0,14.87,520.0,520.0,520.0
SAL11891,Heatherbrae,NSW,654.0,18.21,320.0,320.0,320.0
SAL11892,Hebden,NSW,67.0,150.05,350.0,350.0,350.0
SAL11893,Hebersham,NSW,5643.0,2.44,335.0,335.0,335.0
SAL11894,Heckenberg,NSW,3263.0,1.35,300.0,300.0,300.0
SAL11895,Heddon Greta,NSW,2838.0,7.05,420.0,420.0,420.0
SAL11896,Heifer Station,NSW,8.0,201.88,0.0,0.0,0.0
SAL11897,Helensburgh,NSW,6576.0,27.06,535.0,535.0,535.0
SAL11898,Henley,NSW,455.0,0.4,660.0,660.0,660.0
SAL11899,Henty (Nsw),NSW,1225.0,535.86,200.0,200.0,200.0
SAL11900,Hereford Hall,NSW,23.0,118.21,0.0,0.0,0.0
SAL11901,Hermidale,NSW,127.0,2144.01,700.0,700.0,700.0
SAL11902,Hermitage Flat,NSW,323.0,0.97,283.0,283.0,283.0
SAL11903,Hernani,NSW,117.0,321.66,183.0,183.0,183.0
SAL11904,Herons Creek,NSW,246.0,117.63,360.0,360.0,360.0
SAL11905,Hexham (Nsw),NSW,157.0,26.59,305.0,305.0,305.0
SAL11906,Hickeys Creek,NSW,128.0,46.06,150.0,150.0,150.0
SAL11907,High Range,NSW,497.0,415.71,565.0,565.0,565.0
SAL11908,Higher Macdonald,NSW,20.0,124.53,0.0,0.0,0.0
SAL11909,Highfields (Nsw),NSW,936.0,1.24,400.0,400.0,400.0
SAL11910,Hill End (Nsw),NSW,111.0,216.39,108.0,108.0,108.0
SAL11911,Hill Top (Snowy Monaro Regional - Nsw),NSW,115.0,61.25,620.0,620.0,620.0
SAL11912,Hill Top (Wingecarribee - Nsw),NSW,2792.0,55.75,435.0,435.0,435.0
SAL11913,Hilldale,NSW,193.0,54.94,300.0,300.0,300.0
SAL11914,Hillgrove (Armidale Regional - Nsw),NSW,174.0,494.64,238.0,238.0,238.0
SAL11915,Hillgrove (Wagga Wagga - Nsw),NSW,30.0,8.13,250.0,250.0,250.0
SAL11916,Hillsborough (Lake Macquarie - Nsw),NSW,641.0,2.09,420.0,420.0,420.0
SAL11917,Hillsborough (Maitland - Nsw),NSW,50.0,13.46,550.0,550.0,550.0
SAL11918,Hillsdale,NSW,5647.0,0.8,450.0,450.0,450.0
SAL11919,Hillston,NSW,1547.0,5738.79,220.0,220.0,220.0
SAL11920,Hillville,NSW,302.0,59.63,350.0,350.0,350.0
SAL11921,Hillvue,NSW,6528.0,16.1,350.0,350.0,350.0
SAL11922,Hinchinbrook (Nsw),NSW,11521.0,4.7,463.0,463.0,463.0
SAL11923,Hinton,NSW,471.0,14.12,350.0,350.0,350.0
SAL11924,Hobartville,NSW,2712.0,1.58,420.0,420.0,420.0
SAL11925,Hobbys Yards,NSW,89.0,109.56,160.0,160.0,160.0
SAL11926,Hogarth Range,NSW,66.0,75.12,275.0,275.0,275.0
SAL11927,Holbrook,NSW,1650.0,683.87,185.0,185.0,185.0
SAL11928,Holgate,NSW,1023.0,13.01,335.0,335.0,335.0
SAL11929,Hollisdale,NSW,52.0,47.09,0.0,0.0,0.0
SAL11930,Hollydeen,NSW,44.0,27.07,275.0,275.0,275.0
SAL11931,Holmesville,NSW,1413.0,2.41,390.0,390.0,390.0
SAL11932,Holroyd,NSW,1248.0,0.73,450.0,450.0,450.0
SAL11933,Holsworthy,NSW,5657.0,277.99,515.0,515.0,515.0
SAL11934,Holts Flat,NSW,10.0,54.1,0.0,0.0,0.0
SAL11935,Home Rule,NSW,55.0,42.71,385.0,385.0,385.0
SAL11936,Homebush (Nsw),NSW,11660.0,2.98,470.0,470.0,470.0
SAL11937,Homebush West,NSW,9108.0,2.47,431.0,431.0,431.0
SAL11938,Homeleigh,NSW,120.0,28.91,280.0,280.0,280.0
SAL11939,Honeybugle,NSW,41.0,829.9,125.0,125.0,125.0
SAL11940,Hopefield,NSW,95.0,208.21,200.0,200.0,200.0
SAL11941,Hopkins Creek,NSW,139.0,16.25,550.0,550.0,550.0
SAL11942,Horningsea Park,NSW,3673.0,1.43,530.0,530.0,530.0
SAL11943,Hornsby,NSW,22462.0,12.14,440.0,440.0,440.0
SAL11944,Hornsby Heights,NSW,6354.0,14.79,620.0,620.0,620.0
SAL11945,Horse Station Creek,NSW,147.0,24.64,270.0,270.0,270.0
SAL11946,Horseshoe Bend,NSW,427.0,1.42,330.0,330.0,330.0
SAL11947,Horseshoe Creek,NSW,69.0,20.69,238.0,238.0,238.0
SAL11948,Horsfield Bay,NSW,501.0,0.6,490.0,490.0,490.0
SAL11949,Horsley,NSW,9437.0,7.61,500.0,500.0,500.0
SAL11950,Horsley Park,NSW,1790.0,31.92,428.0,428.0,428.0
SAL11951,Hoskinstown,NSW,191.0,122.47,435.0,435.0,435.0
SAL11952,Hovells Creek,NSW,27.0,190.95,0.0,0.0,0.0
SAL11953,Howards Grass,NSW,78.0,3.37,415.0,415.0,415.0
SAL11954,Howell,NSW,31.0,113.7,28.0,28.0,28.0
SAL11955,Howes Valley,NSW,80.0,786.9,175.0,175.0,175.0
SAL11956,Howick (Nsw),NSW,0.0,71.61,0.0,0.0,0.0
SAL11957,Howlong,NSW,2997.0,239.2,290.0,290.0,290.0
SAL11958,Hoxton Park,NSW,4572.0,2.24,490.0,490.0,490.0
SAL11959,Humula,NSW,129.0,351.3,134.0,134.0,134.0
SAL11960,Hungerford (Nsw),NSW,12.0,2088.63,0.0,0.0,0.0
SAL11961,Hunters Hill,NSW,9014.0,5.28,530.0,530.0,530.0
SAL11962,Hunterview,NSW,3113.0,3.77,398.0,398.0,398.0
SAL11963,Huntingdon,NSW,86.0,8.0,335.0,335.0,335.0
SAL11964,Huntingwood,NSW,3.0,2.5,0.0,0.0,0.0
SAL11965,Huntley (Orange - Nsw),NSW,161.0,25.5,460.0,460.0,460.0
SAL11966,Huntley (Wollongong - Nsw),NSW,66.0,20.42,350.0,350.0,350.0
SAL11967,Huntleys Cove,NSW,740.0,0.4,700.0,700.0,700.0
SAL11968,Huntleys Point,NSW,142.0,0.31,850.0,850.0,850.0
SAL11969,Huonbrook,NSW,99.0,23.41,255.0,255.0,255.0
SAL11970,Hurlstone Park,NSW,5001.0,1.75,460.0,460.0,460.0
SAL11971,Hurstville,NSW,31162.0,6.16,470.0,470.0,470.0
SAL11972,Hurstville Grove,NSW,2606.0,1.34,600.0,600.0,600.0
SAL11973,Huskisson,NSW,840.0,18.52,350.0,350.0,350.0
SAL11974,Hyams Beach,NSW,137.0,8.01,450.0,450.0,450.0
SAL11975,Hydes Creek,NSW,155.0,39.98,309.0,309.0,309.0
SAL11976,Hyland Park,NSW,440.0,0.71,350.0,350.0,350.0
SAL11977,Hyndmans Creek,NSW,41.0,15.94,250.0,250.0,250.0
SAL11978,Ilarwill,NSW,233.0,15.36,385.0,385.0,385.0
SAL11979,Ilford,NSW,165.0,283.24,265.0,265.0,265.0
SAL11980,Illabo,NSW,132.0,194.89,205.0,205.0,205.0
SAL11981,Illaroo,NSW,41.0,48.97,0.0,0.0,0.0
SAL11982,Illawong,NSW,7427.0,6.94,650.0,650.0,650.0
SAL11983,Iluka (Nsw),NSW,1764.0,16.91,300.0,300.0,300.0
SAL11984,Indi,NSW,25.0,74.49,250.0,250.0,250.0
SAL11985,Ingebirah,NSW,93.0,398.48,0.0,0.0,0.0
SAL11986,Ingeegoodbee,NSW,0.0,689.73,0.0,0.0,0.0
SAL11987,Ingleburn,NSW,15264.0,18.15,380.0,380.0,380.0
SAL11988,Ingleside,NSW,1030.0,26.2,766.0,766.0,766.0
SAL11989,Innes View,NSW,26.0,21.83,175.0,175.0,175.0
SAL11990,Inverell,NSW,12057.0,276.51,270.0,270.0,270.0
SAL11991,Invergordon (Nsw),NSW,34.0,60.61,0.0,0.0,0.0
SAL11992,Invergowrie,NSW,794.0,56.47,350.0,350.0,350.0
SAL11993,Iron Pot Creek,NSW,23.0,30.11,200.0,200.0,200.0
SAL11994,Ironbark (Nsw),NSW,22.0,192.36,50.0,50.0,50.0
SAL11995,Ironmungy,NSW,0.0,113.6,0.0,0.0,0.0
SAL11996,Irvington,NSW,70.0,20.5,275.0,275.0,275.0
SAL11997,Irymple (Nsw),NSW,3.0,3171.81,0.0,0.0,0.0
SAL11998,Isabella,NSW,58.0,181.44,0.0,0.0,0.0
SAL11999,Islington,NSW,2026.0,1.0,430.0,430.0,430.0
SAL12000,Ivanhoe (Nsw),NSW,261.0,22361.17,150.0,150.0,150.0
SAL12001,Jackadgery,NSW,132.0,454.62,200.0,200.0,200.0
SAL12002,Jacks Creek,NSW,180.0,363.75,150.0,150.0,150.0
SAL12003,Jacksons Flat,NSW,41.0,19.71,125.0,125.0,125.0
SAL12004,Jacky Bulbin Flat,NSW,58.0,111.56,305.0,305.0,305.0
SAL12005,Jagumba,NSW,0.0,573.64,0.0,0.0,0.0
SAL12006,Jagungal Wilderness,NSW,0.0,710.24,0.0,0.0,0.0
SAL12007,Jamberoo,NSW,1910.0,87.23,498.0,498.0,498.0
SAL12008,James Creek,NSW,257.0,14.75,423.0,423.0,423.0
SAL12009,Jamisontown,NSW,5321.0,5.74,370.0,370.0,370.0
SAL12010,Jannali,NSW,6632.0,3.64,428.0,428.0,428.0
SAL12011,Jaspers Brush,NSW,362.0,39.29,475.0,475.0,475.0
SAL12012,Jaunter,NSW,11.0,89.81,0.0,0.0,0.0
SAL12013,Jeir,NSW,271.0,163.19,400.0,400.0,400.0
SAL12014,Jellat Jellat,NSW,85.0,16.54,354.0,354.0,354.0
SAL12015,Jemalong,NSW,82.0,416.8,250.0,250.0,250.0
SAL12016,Jembaicumbene,NSW,64.0,64.54,200.0,200.0,200.0
SAL12017,Jennings,NSW,168.0,68.84,195.0,195.0,195.0
SAL12018,Jenolan,NSW,36.0,337.78,194.0,194.0,194.0
SAL12019,Jeogla,NSW,40.0,924.77,149.0,149.0,149.0
SAL12020,Jerangle,NSW,90.0,549.01,250.0,250.0,250.0
SAL12021,Jeremadra,NSW,187.0,24.21,325.0,325.0,325.0
SAL12022,Jeremy,NSW,0.0,99.64,0.0,0.0,0.0
SAL12023,Jerilderie,NSW,922.0,2211.31,175.0,175.0,175.0
SAL12024,Jerrabattgulla,NSW,16.0,57.85,0.0,0.0,0.0
SAL12025,Jerrabomberra,NSW,9601.0,17.08,490.0,490.0,490.0
SAL12026,Jerrara,NSW,132.0,13.89,435.0,435.0,435.0
SAL12027,Jerrawa,NSW,106.0,104.1,350.0,350.0,350.0
SAL12028,Jerrawangala,NSW,60.0,142.27,413.0,413.0,413.0
SAL12029,Jerrong,NSW,16.0,94.85,0.0,0.0,0.0
SAL12030,Jerrys Plains,NSW,447.0,301.44,350.0,350.0,350.0
SAL12031,Jerseyville,NSW,132.0,10.21,340.0,340.0,340.0
SAL12032,Jesmond,NSW,3210.0,1.72,350.0,350.0,350.0
SAL12033,Jewells,NSW,2452.0,4.2,450.0,450.0,450.0
SAL12034,Jews Lagoon,NSW,0.0,429.4,20.0,20.0,20.0
SAL12035,Jiggi,NSW,370.0,42.04,300.0,300.0,300.0
SAL12036,Jilliby,NSW,1694.0,120.37,445.0,445.0,445.0
SAL12037,Jimenbuen,NSW,40.0,527.97,0.0,0.0,0.0
SAL12038,Jincumbilly,NSW,10.0,69.92,0.0,0.0,0.0
SAL12039,Jindabyne,NSW,2986.0,175.15,400.0,400.0,400.0
SAL12040,Jinden,NSW,20.0,192.45,0.0,0.0,0.0
SAL12041,Jindera,NSW,2721.0,211.64,316.0,316.0,316.0
SAL12042,Jingellic,NSW,73.0,230.81,180.0,180.0,180.0
SAL12043,Jingera,NSW,39.0,158.09,350.0,350.0,350.0
SAL12044,Joadja,NSW,139.0,125.11,380.0,380.0,380.0
SAL12045,Joes Box,NSW,24.0,17.48,185.0,185.0,185.0
SAL12046,Johns River,NSW,346.0,61.62,300.0,300.0,300.0
SAL12047,Jolly Nose,NSW,0.0,42.64,0.0,0.0,0.0
SAL12048,Jones Bridge,NSW,15.0,6.83,0.0,0.0,0.0
SAL12049,Jones Island,NSW,82.0,13.92,295.0,295.0,295.0
SAL12050,Jordan Springs,NSW,11772.0,14.1,530.0,530.0,530.0
SAL12051,Judds Creek,NSW,12.0,61.58,0.0,0.0,0.0
SAL12052,Jugiong,NSW,255.0,238.81,185.0,185.0,185.0
SAL12053,Junction Hill,NSW,1547.0,9.56,350.0,350.0,350.0
SAL12054,Junee,NSW,5066.0,46.19,260.0,260.0,260.0
SAL12055,Junee Reefs,NSW,86.0,324.47,110.0,110.0,110.0
SAL12056,Kahibah,NSW,2603.0,1.56,400.0,400.0,400.0
SAL12057,Kains Flat,NSW,219.0,61.22,231.0,231.0,231.0
SAL12058,Kalang,NSW,280.0,238.18,241.0,241.0,241.0
SAL12059,Kalaru,NSW,820.0,22.75,375.0,375.0,375.0
SAL12060,Kalkite,NSW,294.0,39.26,350.0,350.0,350.0
SAL12061,Kamarah,NSW,83.0,264.97,100.0,100.0,100.0
SAL12062,Kameruka,NSW,192.0,49.54,260.0,260.0,260.0
SAL12063,Kanahooka,NSW,5698.0,5.41,450.0,450.0,450.0
SAL12064,Kanangra,NSW,0.0,658.39,0.0,0.0,0.0
SAL12065,Kandos,NSW,1263.0,56.72,220.0,220.0,220.0
SAL12066,Kangaloon,NSW,206.0,50.1,430.0,430.0,430.0
SAL12067,Kangaroo Creek,NSW,102.0,214.85,310.0,310.0,310.0
SAL12068,Kangaroo Point (Nsw),NSW,602.0,0.39,715.0,715.0,715.0
SAL12069,Kangaroo Valley,NSW,856.0,183.79,310.0,310.0,310.0
SAL12070,Kangaroobie,NSW,60.0,32.24,100.0,100.0,100.0
SAL12071,Kangiara,NSW,50.0,135.65,120.0,120.0,120.0
SAL12072,Kangy Angy,NSW,331.0,10.25,360.0,360.0,360.0
SAL12073,Kanimbla (Nsw),NSW,184.0,89.24,275.0,275.0,275.0
SAL12074,Kanoona,NSW,147.0,25.44,300.0,300.0,300.0
SAL12075,Kanwal,NSW,4194.0,3.49,380.0,380.0,380.0
SAL12076,Kapooka,NSW,395.0,22.13,254.0,254.0,254.0
SAL12077,Kaputar,NSW,4.0,228.04,0.0,0.0,0.0
SAL12078,Karaak Flat,NSW,43.0,10.72,320.0,320.0,320.0
SAL12079,Karabar,NSW,8517.0,10.53,350.0,350.0,350.0
SAL12080,Karangi,NSW,515.0,68.13,310.0,310.0,310.0
SAL12081,Kareela,NSW,3572.0,2.33,695.0,695.0,695.0
SAL12082,Kariong,NSW,6485.0,37.15,450.0,450.0,450.0
SAL12083,Kars Springs,NSW,37.0,221.14,0.0,0.0,0.0
SAL12084,Karuah,NSW,1618.0,104.48,300.0,300.0,300.0
SAL12085,Katoomba,NSW,8268.0,32.08,350.0,350.0,350.0
SAL12086,Kayuga,NSW,49.0,65.65,275.0,275.0,275.0
SAL12087,Kearns,NSW,2693.0,3.44,420.0,420.0,420.0
SAL12088,Kearsley,NSW,838.0,12.04,315.0,315.0,315.0
SAL12089,Keepit,NSW,16.0,90.84,400.0,400.0,400.0
SAL12090,Keera,NSW,45.0,411.17,100.0,100.0,100.0
SAL12091,Keerrong,NSW,155.0,17.55,305.0,305.0,305.0
SAL12092,Keinbah,NSW,109.0,20.55,405.0,405.0,405.0
SAL12093,Keiraville,NSW,4001.0,3.67,420.0,420.0,420.0
SAL12094,Keith Hall,NSW,156.0,12.28,313.0,313.0,313.0
SAL12095,Kellys Plains,NSW,169.0,12.21,500.0,500.0,500.0
SAL12096,Kellyville,NSW,27011.0,13.91,630.0,630.0,630.0
SAL12097,Kellyville Ridge,NSW,10890.0,3.92,580.0,580.0,580.0
SAL12098,Kelso (Nsw),NSW,10039.0,45.79,360.0,360.0,360.0
SAL12099,Kelvin,NSW,182.0,376.57,220.0,220.0,220.0
SAL12100,Kembla Grange,NSW,1452.0,21.35,570.0,570.0,570.0
SAL12101,Kembla Heights,NSW,88.0,8.95,355.0,355.0,355.0
SAL12102,Kemps Creek,NSW,2121.0,50.03,470.0,470.0,470.0
SAL12103,Kempsey,NSW,483.0,9.55,253.0,253.0,253.0
SAL12104,Kendall,NSW,1153.0,19.11,342.0,342.0,342.0
SAL12105,Kenebri,NSW,31.0,565.33,0.0,0.0,0.0
SAL12106,Kennaicle Creek,NSW,3.0,15.42,0.0,0.0,0.0
SAL12107,Kensington (Nsw),NSW,11927.0,3.89,500.0,500.0,500.0
SAL12108,Kenthurst,NSW,5313.0,65.81,550.0,550.0,550.0
SAL12109,Kentlyn,NSW,726.0,16.5,300.0,300.0,300.0
SAL12110,Kentucky,NSW,179.0,333.69,120.0,120.0,120.0
SAL12111,Kentucky South,NSW,121.0,67.11,200.0,200.0,200.0
SAL12112,Kerewong,NSW,7.0,69.34,0.0,0.0,0.0
SAL12113,Keri Keri,NSW,4.0,832.22,0.0,0.0,0.0
SAL12114,Kerrabee,NSW,11.0,162.7,0.0,0.0,0.0
SAL12115,Kerrigundi,NSW,14.0,3851.02,0.0,0.0,0.0
SAL12116,Kerrs Creek,NSW,58.0,132.86,255.0,255.0,255.0
SAL12117,Kew (Nsw),NSW,1761.0,28.42,370.0,370.0,370.0
SAL12118,Keybarbin,NSW,0.0,52.56,0.0,0.0,0.0
SAL12119,Khancoban,NSW,319.0,372.15,195.0,195.0,195.0
SAL12120,Khatambuhl,NSW,0.0,86.68,0.0,0.0,0.0
SAL12121,Kia Ora (Nsw),NSW,34.0,21.7,205.0,205.0,205.0
SAL12122,Kiacatoo,NSW,77.0,1387.14,175.0,175.0,175.0
SAL12123,Kiah,NSW,101.0,114.64,215.0,215.0,215.0
SAL12124,Kiama,NSW,7904.0,14.51,478.0,478.0,478.0
SAL12125,Kiama Downs,NSW,5087.0,5.63,490.0,490.0,490.0
SAL12126,Kiama Heights,NSW,878.0,6.03,540.0,540.0,540.0
SAL12127,Kianga (Nsw),NSW,785.0,55.53,350.0,350.0,350.0
SAL12128,Kiar,NSW,25.0,6.56,315.0,315.0,315.0
SAL12129,Kickabil,NSW,67.0,422.31,100.0,100.0,100.0
SAL12130,Kielvale,NSW,251.0,10.22,295.0,295.0,295.0
SAL12131,Kikiamah,NSW,107.0,270.74,213.0,213.0,213.0
SAL12132,Kikoira,NSW,60.0,622.63,46.0,46.0,46.0
SAL12133,Kilaben Bay,NSW,1516.0,2.29,390.0,390.0,390.0
SAL12134,Kilgin,NSW,59.0,15.12,305.0,305.0,305.0
SAL12135,Kilgra,NSW,79.0,19.41,250.0,250.0,250.0
SAL12136,Killabakh,NSW,248.0,79.51,245.0,245.0,245.0
SAL12137,Killara (Nsw),NSW,10620.0,6.72,620.0,620.0,620.0
SAL12138,Killarney Heights,NSW,4502.0,6.16,923.0,923.0,923.0
SAL12139,Killarney Vale,NSW,7491.0,4.34,400.0,400.0,400.0
SAL12140,Killawarra (Nsw),NSW,178.0,30.74,340.0,340.0,340.0
SAL12141,Killcare,NSW,517.0,2.39,445.0,445.0,445.0
SAL12142,Killcare Heights,NSW,812.0,3.1,550.0,550.0,550.0
SAL12143,Killiekrankie,NSW,0.0,114.22,0.0,0.0,0.0
SAL12144,Killimicat,NSW,35.0,52.98,0.0,0.0,0.0
SAL12145,Killingworth (Nsw),NSW,690.0,33.32,340.0,340.0,340.0
SAL12146,Killongbutta,NSW,34.0,131.99,0.0,0.0,0.0
SAL12147,Kimbriki,NSW,156.0,89.94,260.0,260.0,260.0
SAL12148,Kinchela,NSW,286.0,85.91,350.0,350.0,350.0
SAL12149,Kincumber,NSW,7398.0,14.29,400.0,400.0,400.0
SAL12150,Kincumber South,NSW,721.0,1.83,310.0,310.0,310.0
SAL12151,Kindee,NSW,91.0,84.95,300.0,300.0,300.0
SAL12152,Kindervale,NSW,25.0,99.98,150.0,150.0,150.0
SAL12153,King Creek,NSW,1863.0,24.01,410.0,410.0,410.0
SAL12154,Kingfisher Shores,NSW,160.0,0.6,385.0,385.0,385.0
SAL12155,Kinghorne,NSW,0.0,15.56,0.0,0.0,0.0
SAL12156,Kings Forest,NSW,40.0,13.75,375.0,375.0,375.0
SAL12157,Kings Langley,NSW,9354.0,5.32,500.0,500.0,500.0
SAL12158,Kings Park (Nsw),NSW,3476.0,3.78,445.0,445.0,445.0
SAL12159,Kings Plains (Blayney - Nsw),NSW,121.0,72.09,255.0,255.0,255.0
SAL12160,Kings Plains (Inverell - Nsw),NSW,26.0,212.95,0.0,0.0,0.0
SAL12161,Kings Point,NSW,609.0,3.96,375.0,375.0,375.0
SAL12162,Kingscliff,NSW,8355.0,8.13,490.0,490.0,490.0
SAL12163,Kingsdale,NSW,211.0,100.33,330.0,330.0,330.0
SAL12164,Kingsford (Nsw),NSW,13492.0,2.89,475.0,475.0,475.0
SAL12165,Kingsgate,NSW,5.0,272.21,0.0,0.0,0.0
SAL12166,Kingsgrove,NSW,12881.0,6.54,500.0,500.0,500.0
SAL12167,Kingsland,NSW,32.0,100.72,100.0,100.0,100.0
SAL12168,Kingstown,NSW,62.0,434.98,120.0,120.0,120.0
SAL12169,Kingsvale,NSW,233.0,230.95,275.0,275.0,275.0
SAL12170,Kingswood (Bega Valley - Nsw),NSW,4.0,9.95,0.0,0.0,0.0
SAL12171,Kingswood (Penrith - Nsw),NSW,10633.0,7.96,355.0,355.0,355.0
SAL12172,Kingswood (Tamworth Regional - Nsw),NSW,1142.0,26.19,360.0,360.0,360.0
SAL12173,Kinvara,NSW,193.0,15.11,500.0,500.0,500.0
SAL12174,Kioloa,NSW,292.0,8.42,370.0,370.0,370.0
SAL12175,Kiora,NSW,47.0,20.32,175.0,175.0,175.0
SAL12176,Kippara,NSW,0.0,58.39,0.0,0.0,0.0
SAL12177,Kippaxs,NSW,22.0,34.44,170.0,170.0,170.0
SAL12178,Kippenduff,NSW,17.0,151.9,0.0,0.0,0.0
SAL12179,Kirkconnell,NSW,219.0,19.82,0.0,0.0,0.0
SAL12180,Kirkham,NSW,690.0,6.16,245.0,245.0,245.0
SAL12181,Kirrawee,NSW,11007.0,5.21,500.0,500.0,500.0
SAL12182,Kirribilli,NSW,3629.0,0.63,520.0,520.0,520.0
SAL12183,Kitchener,NSW,679.0,23.99,325.0,325.0,325.0
SAL12184,Kiwarrak,NSW,3.0,91.35,0.0,0.0,0.0
SAL12185,Klori,NSW,53.0,172.5,480.0,480.0,480.0
SAL12186,Knights Hill,NSW,39.0,15.32,53.0,53.0,53.0
SAL12187,Knockrow,NSW,186.0,17.15,550.0,550.0,550.0
SAL12188,Knorrit Flat,NSW,39.0,25.46,300.0,300.0,300.0
SAL12189,Knorrit Forest,NSW,0.0,58.63,0.0,0.0,0.0
SAL12190,Kogarah,NSW,16416.0,3.78,450.0,450.0,450.0
SAL12191,Kogarah Bay,NSW,2102.0,0.97,650.0,650.0,650.0
SAL12192,Kooba,NSW,39.0,76.44,185.0,185.0,185.0
SAL12193,Kookabookra,NSW,19.0,271.28,0.0,0.0,0.0
SAL12194,Koolewong,NSW,920.0,1.89,450.0,450.0,450.0
SAL12195,Koolkhan,NSW,31.0,2.44,363.0,363.0,363.0
SAL12196,Koonawarra,NSW,3732.0,3.29,350.0,350.0,350.0
SAL12197,Koonorigan,NSW,332.0,49.86,345.0,345.0,345.0
SAL12198,Koonyum Range,NSW,17.0,10.13,0.0,0.0,0.0
SAL12199,Kooragang,NSW,4.0,35.69,0.0,0.0,0.0
SAL12200,Koorainghat,NSW,176.0,44.49,155.0,155.0,155.0
SAL12201,Koorawatha,NSW,450.0,437.37,220.0,220.0,220.0
SAL12202,Kooringal (Nsw),NSW,7404.0,7.29,270.0,270.0,270.0
SAL12203,Kootingal,NSW,2313.0,112.91,320.0,320.0,320.0
SAL12204,Koraleigh,NSW,291.0,217.63,225.0,225.0,225.0
SAL12205,Koreelah,NSW,83.0,351.25,180.0,180.0,180.0
SAL12206,Korora,NSW,2740.0,22.32,450.0,450.0,450.0
SAL12207,Kosciuszko,NSW,0.0,198.88,0.0,0.0,0.0
SAL12208,Kotara,NSW,3980.0,3.56,460.0,460.0,460.0
SAL12209,Kotara South,NSW,1267.0,0.83,378.0,378.0,378.0
SAL12210,Krambach,NSW,382.0,83.88,275.0,275.0,275.0
SAL12211,Krawarree,NSW,82.0,161.66,250.0,250.0,250.0
SAL12212,Kremnos,NSW,181.0,151.71,340.0,340.0,340.0
SAL12213,Ku-Ring-Gai Chase,NSW,10.0,135.82,0.0,0.0,0.0
SAL12214,Kulnura,NSW,589.0,271.14,443.0,443.0,443.0
SAL12215,Kulwin (Nsw),NSW,14.0,5170.3,0.0,0.0,0.0
SAL12216,Kunama,NSW,56.0,33.4,120.0,120.0,120.0
SAL12217,Kundabung,NSW,616.0,173.94,280.0,280.0,280.0
SAL12218,Kundibakh,NSW,89.0,43.35,270.0,270.0,270.0
SAL12219,Kundle Kundle,NSW,204.0,18.26,310.0,310.0,310.0
SAL12220,Kungala,NSW,145.0,63.8,248.0,248.0,248.0
SAL12221,Kunghur,NSW,133.0,29.78,300.0,300.0,300.0
SAL12222,Kunghur Creek,NSW,54.0,15.22,305.0,305.0,305.0
SAL12223,Kurmond,NSW,850.0,12.02,460.0,460.0,460.0
SAL12224,Kurnell,NSW,2528.0,28.23,550.0,550.0,550.0
SAL12225,Kurraba Point,NSW,1401.0,0.34,610.0,610.0,610.0
SAL12226,Kurrajong,NSW,3113.0,66.88,430.0,430.0,430.0
SAL12227,Kurrajong Heights,NSW,1255.0,30.0,450.0,450.0,450.0
SAL12228,Kurrajong Hills,NSW,705.0,25.21,600.0,600.0,600.0
SAL12229,Kurri Kurri,NSW,6174.0,7.19,320.0,320.0,320.0
SAL12230,Kyalite,NSW,87.0,795.71,0.0,0.0,0.0
SAL12231,Kyarran,NSW,15.0,9.91,165.0,165.0,165.0
SAL12232,Kybeyan,NSW,28.0,469.0,300.0,300.0,300.0
SAL12233,Kyeamba,NSW,67.0,456.57,218.0,218.0,218.0
SAL12234,Kyeemagh,NSW,935.0,0.87,575.0,575.0,575.0
SAL12235,Kyle Bay,NSW,1039.0,0.54,745.0,745.0,745.0
SAL12236,Kynnumboon,NSW,109.0,12.98,298.0,298.0,298.0
SAL12237,Kyogle,NSW,2248.0,39.26,280.0,280.0,280.0
SAL12238,La Perouse,NSW,366.0,2.56,325.0,325.0,325.0
SAL12239,Lacmalac,NSW,146.0,36.97,300.0,300.0,300.0
SAL12240,Lade Vale,NSW,158.0,151.63,300.0,300.0,300.0
SAL12241,Ladysmith,NSW,339.0,120.95,265.0,265.0,265.0
SAL12242,Laffing Waters,NSW,98.0,30.73,300.0,300.0,300.0
SAL12243,Laggan,NSW,407.0,572.4,300.0,300.0,300.0
SAL12244,Lagoon Grass,NSW,49.0,6.71,300.0,300.0,300.0
SAL12245,Laguna,NSW,310.0,369.41,400.0,400.0,400.0
SAL12246,Lake Albert (Nsw),NSW,6291.0,36.81,340.0,340.0,340.0
SAL12247,Lake Bathurst,NSW,218.0,305.84,277.0,277.0,277.0
SAL12248,Lake Brewster,NSW,12.0,222.68,0.0,0.0,0.0
SAL12249,Lake Burrendong,NSW,0.0,90.9,0.0,0.0,0.0
SAL12250,Lake Cargelligo,NSW,1430.0,2572.08,170.0,170.0,170.0
SAL12251,Lake Cathie,NSW,4296.0,26.51,380.0,380.0,380.0
SAL12252,Lake Conjola,NSW,687.0,29.05,335.0,335.0,335.0
SAL12253,Lake Cowal,NSW,43.0,643.59,265.0,265.0,265.0
SAL12254,Lake George,NSW,118.0,221.12,388.0,388.0,388.0
SAL12255,Lake Haven,NSW,3529.0,2.46,350.0,350.0,350.0
SAL12256,Lake Heights,NSW,4105.0,2.4,400.0,400.0,400.0
SAL12257,Lake Hiawatha,NSW,0.0,3.73,0.0,0.0,0.0
SAL12258,Lake Hume Village,NSW,59.0,16.43,180.0,180.0,180.0
SAL12259,Lake Illawarra,NSW,3288.0,2.47,328.0,328.0,328.0
SAL12260,Lake Innes,NSW,495.0,104.15,400.0,400.0,400.0
SAL12261,Lake Macquarie,NSW,0.0,1.01,0.0,0.0,0.0
SAL12262,Lake Munmorah,NSW,5084.0,8.17,380.0,380.0,380.0
SAL12263,Lake Tabourie,NSW,689.0,6.57,330.0,330.0,330.0
SAL12264,Lake Wyangan,NSW,877.0,44.34,280.0,280.0,280.0
SAL12265,Lakelands (Nsw),NSW,1445.0,1.17,450.0,450.0,450.0
SAL12266,Lakemba,NSW,17092.0,3.18,350.0,350.0,350.0
SAL12267,Lakesland,NSW,499.0,107.45,620.0,620.0,620.0
SAL12268,Lakewood,NSW,1249.0,2.97,390.0,390.0,390.0
SAL12269,Lalalty,NSW,88.0,169.95,250.0,250.0,250.0
SAL12270,Lalor Park,NSW,7834.0,3.92,350.0,350.0,350.0
SAL12271,Lambs Valley (Glen Innes Severn - Nsw),NSW,75.0,98.77,210.0,210.0,210.0
SAL12272,Lambs Valley (Singleton - Nsw),NSW,347.0,82.55,400.0,400.0,400.0
SAL12273,Lambton,NSW,5214.0,3.86,380.0,380.0,380.0
SAL12274,Landervale,NSW,25.0,236.66,0.0,0.0,0.0
SAL12275,Lane Cove,NSW,12363.0,3.75,533.0,533.0,533.0
SAL12276,Lane Cove North,NSW,11773.0,3.43,480.0,480.0,480.0
SAL12277,Lane Cove West,NSW,3146.0,2.45,570.0,570.0,570.0
SAL12278,Langley Vale,NSW,82.0,15.0,300.0,300.0,300.0
SAL12279,Lanitza,NSW,313.0,88.77,313.0,313.0,313.0
SAL12280,Lankeys Creek,NSW,60.0,207.16,162.0,162.0,162.0
SAL12281,Lansdowne (Canterbury-Bankstown - Nsw),NSW,16.0,2.05,390.0,390.0,390.0
SAL12282,Lansdowne (Mid-Coast - Nsw),NSW,607.0,49.12,355.0,355.0,355.0
SAL12283,Lansdowne Forest,NSW,23.0,99.08,100.0,100.0,100.0
SAL12284,Lansvale,NSW,2595.0,4.21,400.0,400.0,400.0
SAL12285,Lapstone,NSW,948.0,2.03,450.0,450.0,450.0
SAL12286,Larbert,NSW,34.0,130.83,305.0,305.0,305.0
SAL12287,Largs,NSW,1962.0,10.88,420.0,420.0,420.0
SAL12288,Larnook,NSW,394.0,80.64,360.0,360.0,360.0
SAL12289,Larras Lee,NSW,57.0,160.72,133.0,133.0,133.0
SAL12290,Laughtondale,NSW,102.0,38.96,320.0,320.0,320.0
SAL12291,Laurel Hill,NSW,21.0,9.3,0.0,0.0,0.0
SAL12292,Laurieton,NSW,2012.0,6.0,315.0,315.0,315.0
SAL12293,Lavadia,NSW,43.0,39.65,325.0,325.0,325.0
SAL12294,Lavender Bay,NSW,870.0,0.24,500.0,500.0,500.0
SAL12295,Laverstock,NSW,30.0,116.71,450.0,450.0,450.0
SAL12296,Lavington,NSW,13073.0,22.65,250.0,250.0,250.0
SAL12297,Lawrence (Nsw),NSW,1159.0,175.17,330.0,330.0,330.0
SAL12298,Lawson (Nsw),NSW,2651.0,10.56,387.0,387.0,387.0
SAL12299,Leadville,NSW,140.0,345.46,150.0,150.0,150.0
SAL12300,Leconfield,NSW,145.0,12.1,425.0,425.0,425.0
SAL12301,Lee Creek,NSW,0.0,68.77,0.0,0.0,0.0
SAL12302,Leeton,NSW,9170.0,340.62,250.0,250.0,250.0
SAL12303,Leets Vale,NSW,59.0,13.34,425.0,425.0,425.0
SAL12304,Leeville,NSW,282.0,99.6,275.0,275.0,275.0
SAL12305,Legume,NSW,168.0,282.03,200.0,200.0,200.0
SAL12306,Leichhardt (Nsw),NSW,15158.0,3.77,600.0,600.0,600.0
SAL12307,Lemington,NSW,12.0,73.32,235.0,235.0,235.0
SAL12308,Lemon Tree,NSW,54.0,12.16,270.0,270.0,270.0
SAL12309,Lemon Tree Passage,NSW,2686.0,4.21,365.0,365.0,365.0
SAL12310,Len Waters Estate,NSW,0.0,1.59,0.0,0.0,0.0
SAL12311,Lenaghan,NSW,70.0,8.64,400.0,400.0,400.0
SAL12312,Lennox Head,NSW,7687.0,27.01,580.0,580.0,580.0
SAL12313,Leonay,NSW,2582.0,3.58,530.0,530.0,530.0
SAL12314,Leppington,NSW,9423.0,29.71,550.0,550.0,550.0
SAL12315,Lerida,NSW,38.0,121.07,197.0,197.0,197.0
SAL12316,Lethbridge Park,NSW,4730.0,2.35,300.0,300.0,300.0
SAL12317,Leumeah,NSW,9992.0,5.92,350.0,350.0,350.0
SAL12318,Leura,NSW,4503.0,16.1,430.0,430.0,430.0
SAL12319,Levenstrath,NSW,48.0,10.86,175.0,175.0,175.0
SAL12320,Lewinsbrook,NSW,42.0,40.34,250.0,250.0,250.0
SAL12321,Lewis Ponds,NSW,127.0,138.74,200.0,200.0,200.0
SAL12322,Lewisham (Nsw),NSW,4060.0,0.93,520.0,520.0,520.0
SAL12323,Leycester,NSW,146.0,20.3,275.0,275.0,275.0
SAL12324,Liberty Grove,NSW,2055.0,0.34,600.0,600.0,600.0
SAL12325,Lidcombe,NSW,23663.0,9.88,500.0,500.0,500.0
SAL12326,Liddell,NSW,0.0,48.12,270.0,270.0,270.0
SAL12327,Lidsdale,NSW,471.0,113.21,313.0,313.0,313.0
SAL12328,Lidster,NSW,301.0,181.85,250.0,250.0,250.0
SAL12329,Lightning Ridge,NSW,1946.0,2823.05,200.0,200.0,200.0
SAL12330,Lilli Pilli (Eurobodalla - Nsw),NSW,647.0,4.33,390.0,390.0,390.0
SAL12331,Lilli Pilli (Sutherland Shire - Nsw),NSW,1405.0,0.89,900.0,900.0,900.0
SAL12332,Lillian Rock,NSW,234.0,17.79,245.0,245.0,245.0
SAL12333,Lilydale (Nsw),NSW,19.0,82.43,0.0,0.0,0.0
SAL12334,Lilyfield,NSW,7641.0,3.14,520.0,520.0,520.0
SAL12335,Lilyvale (Nsw),NSW,11.0,26.62,250.0,250.0,250.0
SAL12336,Limbri,NSW,113.0,230.12,0.0,0.0,0.0
SAL12337,Limeburners Creek (Mid-Coast - Nsw),NSW,327.0,88.51,300.0,300.0,300.0
SAL12338,Limeburners Creek (Port Macquarie-Hastings - Nsw),NSW,32.0,113.67,0.0,0.0,0.0
SAL12339,Limekilns,NSW,115.0,97.23,215.0,215.0,215.0
SAL12340,Limerick,NSW,33.0,71.16,0.0,0.0,0.0
SAL12341,Limestone (Nsw),NSW,14.0,148.23,50.0,50.0,50.0
SAL12342,Limpinwood,NSW,234.0,70.09,350.0,350.0,350.0
SAL12343,Linburn,NSW,59.0,57.44,270.0,270.0,270.0
SAL12344,Linden (Nsw),NSW,471.0,8.97,410.0,410.0,410.0
SAL12345,Lindendale,NSW,263.0,17.65,273.0,273.0,273.0
SAL12346,Lindesay,NSW,38.0,358.96,577.0,577.0,577.0
SAL12347,Lindesay Creek,NSW,27.0,60.84,200.0,200.0,200.0
SAL12348,Lindfield,NSW,10943.0,7.45,600.0,600.0,600.0
SAL12349,Lindifferon,NSW,47.0,264.52,213.0,213.0,213.0
SAL12350,Linley Point,NSW,382.0,0.29,1200.0,1200.0,1200.0
SAL12351,Lionsville,NSW,14.0,238.65,0.0,0.0,0.0
SAL12352,Lisarow,NSW,5299.0,15.62,435.0,435.0,435.0
SAL12353,Lismore (Nsw),NSW,3656.0,4.8,280.0,280.0,280.0
SAL12354,Lismore Heights,NSW,2117.0,2.4,338.0,338.0,338.0
SAL12355,Liston,NSW,130.0,100.38,235.0,235.0,235.0
SAL12356,Lithgow,NSW,4956.0,8.61,280.0,280.0,280.0
SAL12357,Little Back Creek,NSW,37.0,18.23,315.0,315.0,315.0
SAL12358,Little Bay,NSW,4817.0,3.58,590.0,590.0,590.0
SAL12359,Little Billabong,NSW,146.0,703.55,250.0,250.0,250.0
SAL12360,Little Forest,NSW,185.0,37.24,350.0,350.0,350.0
SAL12361,Little Hartley,NSW,629.0,35.43,390.0,390.0,390.0
SAL12362,Little Jacks Creek,NSW,24.0,137.71,140.0,140.0,140.0
SAL12363,Little Jilliby,NSW,102.0,5.27,560.0,560.0,560.0
SAL12364,Little Pelican,NSW,0.0,0.45,0.0,0.0,0.0
SAL12365,Little Plain,NSW,159.0,83.81,225.0,225.0,225.0
SAL12366,Little River (Nsw),NSW,38.0,34.22,0.0,0.0,0.0
SAL12367,Little Topar,NSW,19.0,5036.43,0.0,0.0,0.0
SAL12368,Little Wobby,NSW,23.0,2.15,225.0,225.0,225.0
SAL12369,Littleton,NSW,737.0,1.44,300.0,300.0,300.0
SAL12370,Liverpool,NSW,31078.0,9.25,370.0,370.0,370.0
SAL12371,Llanarth (Nsw),NSW,2302.0,3.52,440.0,440.0,440.0
SAL12372,Llandilo,NSW,1618.0,18.67,500.0,500.0,500.0
SAL12373,Llangothlin,NSW,104.0,179.73,238.0,238.0,238.0
SAL12374,Lloyd,NSW,1509.0,7.02,420.0,420.0,420.0
SAL12375,Loadstone,NSW,34.0,24.42,250.0,250.0,250.0
SAL12376,Lochiel (Nsw),NSW,411.0,132.13,260.0,260.0,260.0
SAL12377,Lochinvar,NSW,1095.0,31.02,370.0,370.0,370.0
SAL12378,Lockhart,NSW,1019.0,728.65,195.0,195.0,195.0
SAL12379,Locksley (Nsw),NSW,55.0,31.1,300.0,300.0,300.0
SAL12380,Loftus,NSW,4190.0,3.7,550.0,550.0,550.0
SAL12381,Loftville,NSW,265.0,4.87,215.0,215.0,215.0
SAL12382,Logans Crossing,NSW,162.0,9.28,430.0,430.0,430.0
SAL12383,Logie Brae,NSW,47.0,194.26,100.0,100.0,100.0
SAL12384,Londonderry (Nsw),NSW,4024.0,52.45,460.0,460.0,460.0
SAL12385,Long Beach,NSW,1758.0,14.6,410.0,410.0,410.0
SAL12386,Long Flat (Nsw),NSW,112.0,13.48,300.0,300.0,300.0
SAL12387,Long Jetty,NSW,6736.0,3.65,360.0,360.0,360.0
SAL12388,Long Plain (Inverell - Nsw),NSW,44.0,61.35,240.0,240.0,240.0
SAL12389,Long Plain (Snowy Monaro Regional - Nsw),NSW,0.0,174.08,0.0,0.0,0.0
SAL12390,Long Point (Campbelltown - Nsw),NSW,173.0,2.93,160.0,160.0,160.0
SAL12391,Long Point (Singleton - Nsw),NSW,64.0,10.65,375.0,375.0,375.0
SAL12392,Longarm,NSW,23.0,116.25,100.0,100.0,100.0
SAL12393,Longreach (Nsw),NSW,72.0,20.4,650.0,650.0,650.0
SAL12394,Longueville,NSW,2116.0,1.44,1100.0,1100.0,1100.0
SAL12395,Loomberah,NSW,552.0,414.17,300.0,300.0,300.0
SAL12396,Lord Howe Island,NSW,445.0,22.5,310.0,310.0,310.0
SAL12397,Lords Hill,NSW,33.0,139.95,220.0,220.0,220.0
SAL12398,Lorn,NSW,1465.0,6.5,378.0,378.0,378.0
SAL12399,Lorne (Nsw),NSW,277.0,70.22,315.0,315.0,315.0
SAL12400,Lost River,NSW,94.0,170.94,215.0,215.0,215.0
SAL12401,Lostock,NSW,65.0,88.33,113.0,113.0,113.0
SAL12402,Louisa Creek,NSW,10.0,36.77,0.0,0.0,0.0
SAL12403,Louth,NSW,74.0,8829.77,130.0,130.0,130.0
SAL12404,Louth Park,NSW,922.0,17.05,400.0,400.0,400.0
SAL12405,Lovedale,NSW,502.0,68.81,340.0,340.0,340.0
SAL12406,Lovett Bay,NSW,117.0,0.66,500.0,500.0,500.0
SAL12407,Lowanna,NSW,359.0,213.39,300.0,300.0,300.0
SAL12408,Lower Acacia Creek,NSW,36.0,62.04,0.0,0.0,0.0
SAL12409,Lower Bago,NSW,5.0,17.77,0.0,0.0,0.0
SAL12410,Lower Belford,NSW,407.0,59.05,300.0,300.0,300.0
SAL12411,Lower Boro,NSW,217.0,257.28,210.0,210.0,210.0
SAL12412,Lower Bottle Creek,NSW,43.0,39.31,350.0,350.0,350.0
SAL12413,Lower Creek,NSW,66.0,339.7,200.0,200.0,200.0
SAL12414,Lower Duck Creek,NSW,27.0,102.34,0.0,0.0,0.0
SAL12415,Lower Dyraaba,NSW,43.0,25.01,66.0,66.0,66.0
SAL12416,Lower Lewis Ponds,NSW,40.0,59.69,370.0,370.0,370.0
SAL12417,Lower Macdonald,NSW,244.0,14.67,310.0,310.0,310.0
SAL12418,Lower Mangrove,NSW,70.0,23.8,380.0,380.0,380.0
SAL12419,Lower Pappinbarra,NSW,136.0,20.7,131.0,131.0,131.0
SAL12420,Lower Peacock,NSW,5.0,42.78,125.0,125.0,125.0
SAL12421,Lower Portland,NSW,711.0,86.48,400.0,400.0,400.0
SAL12422,Lower Southgate,NSW,112.0,97.14,180.0,180.0,180.0
SAL12423,Lowesdale,NSW,100.0,225.57,175.0,175.0,175.0
SAL12424,Lowther,NSW,69.0,49.52,355.0,355.0,355.0
SAL12425,Loxford,NSW,42.0,12.95,250.0,250.0,250.0
SAL12426,Lucas Heights,NSW,4.0,14.5,0.0,0.0,0.0
SAL12427,Lucknow (Nsw),NSW,277.0,33.25,400.0,400.0,400.0
SAL12428,Luddenham,NSW,1927.0,64.12,480.0,480.0,480.0
SAL12429,Lue,NSW,216.0,167.41,320.0,320.0,320.0
SAL12430,Lugarno,NSW,5869.0,3.91,560.0,560.0,560.0
SAL12431,Lurnea,NSW,10057.0,3.65,380.0,380.0,380.0
SAL12432,Luskintyre,NSW,216.0,27.06,390.0,390.0,390.0
SAL12433,Lynchs Creek,NSW,106.0,47.91,300.0,300.0,300.0
SAL12434,Lyndhurst (Armidale Regional - Nsw),NSW,41.0,244.43,0.0,0.0,0.0
SAL12435,Lyndhurst (Blayney - Nsw),NSW,359.0,89.72,250.0,250.0,250.0
SAL12436,Lynwood (Nsw),NSW,215.0,10.53,400.0,400.0,400.0
SAL12437,Mabins Well,NSW,8.0,616.63,0.0,0.0,0.0
SAL12438,Macdonalds Creek,NSW,11.0,96.64,0.0,0.0,0.0
SAL12439,Macksville,NSW,2782.0,15.09,320.0,320.0,320.0
SAL12440,Maclean,NSW,2778.0,12.88,330.0,330.0,330.0
SAL12441,Macmasters Beach,NSW,1399.0,8.37,500.0,500.0,500.0
SAL12442,Macquarie Fields,NSW,14023.0,10.23,340.0,340.0,340.0
SAL12443,Macquarie Hills,NSW,3605.0,3.34,473.0,473.0,473.0
SAL12444,Macquarie Links,NSW,1455.0,2.58,580.0,580.0,580.0
SAL12445,Macquarie Marshes,NSW,0.0,528.8,0.0,0.0,0.0
SAL12446,Macquarie Park,NSW,11071.0,9.82,460.0,460.0,460.0
SAL12447,Macquarie Pass,NSW,0.0,14.51,0.0,0.0,0.0
SAL12448,Maddens Plains,NSW,8.0,22.94,600.0,600.0,600.0
SAL12449,Maffra (Nsw),NSW,22.0,118.61,350.0,350.0,350.0
SAL12450,Magenta (Nsw),NSW,332.0,9.27,550.0,550.0,550.0
SAL12451,Magometon,NSW,26.0,445.43,0.0,0.0,0.0
SAL12452,Maianbar,NSW,539.0,0.43,500.0,500.0,500.0
SAL12453,Maimuru,NSW,145.0,84.46,200.0,200.0,200.0
SAL12454,Main Arm,NSW,640.0,33.51,450.0,450.0,450.0
SAL12455,Main Creek,NSW,95.0,106.62,270.0,270.0,270.0
SAL12456,Mairjimmy,NSW,37.0,146.46,0.0,0.0,0.0
SAL12457,Maison Dieu,NSW,175.0,43.79,330.0,330.0,330.0
SAL12458,Maitland (Nsw),NSW,1972.0,7.75,320.0,320.0,320.0
SAL12459,Maitland Bar,NSW,21.0,31.12,300.0,300.0,300.0
SAL12460,Maitland Vale,NSW,281.0,16.02,513.0,513.0,513.0
SAL12461,Majors Creek (Nsw),NSW,290.0,105.97,390.0,390.0,390.0
SAL12462,Malabar,NSW,4714.0,5.21,150.0,150.0,150.0
SAL12463,Malabugilmah,NSW,35.0,124.77,250.0,250.0,250.0
SAL12464,Maldon (Nsw),NSW,25.0,3.05,230.0,230.0,230.0
SAL12465,Mallabula,NSW,963.0,4.21,350.0,350.0,350.0
SAL12466,Mallan,NSW,45.0,481.41,120.0,120.0,120.0
SAL12467,Mallanganee,NSW,137.0,60.97,240.0,240.0,240.0
SAL12468,Mallee,NSW,8.0,2749.11,175.0,175.0,175.0
SAL12469,Mallowa,NSW,97.0,971.99,228.0,228.0,228.0
SAL12470,Maloneys Beach,NSW,408.0,7.89,380.0,380.0,380.0
SAL12471,Malua Bay,NSW,2071.0,18.86,418.0,418.0,418.0
SAL12472,Manar,NSW,112.0,65.55,485.0,485.0,485.0
SAL12473,Manchester Square,NSW,27.0,12.51,0.0,0.0,0.0
SAL12474,Mandagery,NSW,82.0,298.82,300.0,300.0,300.0
SAL12475,Mandalong,NSW,433.0,74.72,410.0,410.0,410.0
SAL12476,Mandemar,NSW,64.0,23.19,428.0,428.0,428.0
SAL12477,Mandurama,NSW,345.0,465.65,250.0,250.0,250.0
SAL12478,Mangerton,NSW,2862.0,1.53,353.0,353.0,353.0
SAL12479,Mangoola,NSW,76.0,66.38,270.0,270.0,270.0
SAL12480,Mangoplah,NSW,291.0,332.15,200.0,200.0,200.0
SAL12481,Mangrove Creek,NSW,56.0,27.58,650.0,650.0,650.0
SAL12482,Mangrove Mountain,NSW,736.0,110.29,369.0,369.0,369.0
SAL12483,Manildra,NSW,822.0,504.21,220.0,220.0,220.0
SAL12484,Manilla,NSW,2386.0,95.92,260.0,260.0,260.0
SAL12485,Manly (Nsw),NSW,16296.0,8.08,725.0,725.0,725.0
SAL12486,Manly Vale,NSW,6389.0,2.76,550.0,550.0,550.0
SAL12487,Mannering Park,NSW,2554.0,10.2,378.0,378.0,378.0
SAL12488,Manning Point,NSW,229.0,4.17,210.0,210.0,210.0
SAL12489,Mannus,NSW,225.0,149.14,120.0,120.0,120.0
SAL12490,Manobalai,NSW,76.0,206.54,253.0,253.0,253.0
SAL12491,Manton (Nsw),NSW,350.0,105.97,620.0,620.0,620.0
SAL12492,Manyana,NSW,670.0,3.58,325.0,325.0,325.0
SAL12493,Maragle,NSW,84.0,418.8,0.0,0.0,0.0
SAL12494,Maraylya,NSW,1281.0,28.06,500.0,500.0,500.0
SAL12495,Marayong,NSW,7834.0,3.92,379.0,379.0,379.0
SAL12496,March,NSW,118.0,19.23,240.0,240.0,240.0
SAL12497,Marchmont,NSW,285.0,79.41,340.0,340.0,340.0
SAL12498,Mardi,NSW,3598.0,13.63,440.0,440.0,440.0
SAL12499,Marengo (Nsw),NSW,8.0,335.75,0.0,0.0,0.0
SAL12500,Mares Run,NSW,0.0,77.93,0.0,0.0,0.0
SAL12501,Marinna,NSW,36.0,113.07,0.0,0.0,0.0
SAL12502,Marks Point,NSW,1861.0,1.36,318.0,318.0,318.0
SAL12503,Markwell,NSW,144.0,74.85,250.0,250.0,250.0
SAL12504,Marlee,NSW,199.0,85.06,180.0,180.0,180.0
SAL12505,Marlo Merrican,NSW,60.0,71.49,250.0,250.0,250.0
SAL12506,Marlow,NSW,35.0,1.7,250.0,250.0,250.0
SAL12507,Marlowe,NSW,8.0,72.65,315.0,315.0,315.0
SAL12508,Marmong Point,NSW,765.0,1.27,390.0,390.0,390.0
SAL12509,Marom Creek,NSW,146.0,33.05,264.0,264.0,264.0
SAL12510,Maroota,NSW,616.0,82.28,430.0,430.0,430.0
SAL12511,Maroubra,NSW,30722.0,8.63,540.0,540.0,540.0
SAL12512,Marrangaroo,NSW,783.0,101.32,353.0,353.0,353.0
SAL12513,Marrar,NSW,363.0,254.88,275.0,275.0,275.0
SAL12514,Marrickville,NSW,26570.0,8.4,480.0,480.0,480.0
SAL12515,Marsden Park,NSW,14610.0,18.68,570.0,570.0,570.0
SAL12516,Marsfield,NSW,12492.0,5.61,475.0,475.0,475.0
SAL12517,Marshall Mount,NSW,177.0,16.5,375.0,375.0,375.0
SAL12518,Marshdale,NSW,46.0,31.7,285.0,285.0,285.0
SAL12519,Marthaguy,NSW,63.0,1527.94,0.0,0.0,0.0
SAL12520,Martindale,NSW,168.0,614.26,325.0,325.0,325.0
SAL12521,Martins Creek,NSW,351.0,47.63,335.0,335.0,335.0
SAL12522,Martinsville,NSW,389.0,93.51,347.0,347.0,347.0
SAL12523,Marulan,NSW,1428.0,282.03,380.0,380.0,380.0
SAL12524,Maryland (Newcastle - Nsw),NSW,7714.0,6.46,400.0,400.0,400.0
SAL12525,Maryland (Tenterfield - Nsw),NSW,89.0,167.25,213.0,213.0,213.0
SAL12526,Marys Mount,NSW,99.0,208.3,195.0,195.0,195.0
SAL12527,Maryvale (Nsw),NSW,190.0,140.84,300.0,300.0,300.0
SAL12528,Maryville,NSW,1671.0,0.85,505.0,505.0,505.0
SAL12529,Mascot,NSW,21591.0,17.42,600.0,600.0,600.0
SAL12530,Matcham,NSW,1038.0,12.73,550.0,550.0,550.0
SAL12531,Matheson,NSW,50.0,178.04,284.0,284.0,284.0
SAL12532,Mathoura,NSW,1002.0,832.91,180.0,180.0,180.0
SAL12533,Matong,NSW,159.0,445.25,150.0,150.0,150.0
SAL12534,Matraville,NSW,9925.0,5.73,480.0,480.0,480.0
SAL12535,Maude (Nsw),NSW,110.0,3556.46,462.0,462.0,462.0
SAL12536,Maules Creek,NSW,87.0,664.68,390.0,390.0,390.0
SAL12537,Maxwell,NSW,90.0,105.4,470.0,470.0,470.0
SAL12538,Maybole,NSW,51.0,129.9,150.0,150.0,150.0
SAL12539,Mayers Flat,NSW,50.0,48.93,295.0,295.0,295.0
SAL12540,Mayfield (Newcastle - Nsw),NSW,9760.0,4.44,375.0,375.0,375.0
SAL12541,Mayfield (Oberon - Nsw),NSW,3.0,23.07,0.0,0.0,0.0
SAL12542,Mayfield (Queanbeyan-Palerang Regional - Nsw),NSW,57.0,137.37,50.0,50.0,50.0
SAL12543,Mayfield (Shoalhaven - Nsw),NSW,36.0,3.33,400.0,400.0,400.0
SAL12544,Mayfield East,NSW,1794.0,0.88,420.0,420.0,420.0
SAL12545,Mayfield North,NSW,0.0,6.3,0.0,0.0,0.0
SAL12546,Mayfield West,NSW,1993.0,3.28,370.0,370.0,370.0
SAL12547,Mayrung,NSW,171.0,355.91,150.0,150.0,150.0
SAL12548,Mays Hill,NSW,1902.0,0.43,435.0,435.0,435.0
SAL12549,Mayvale,NSW,19.0,133.1,0.0,0.0,0.0
SAL12550,Mccullys Gap,NSW,262.0,125.63,300.0,300.0,300.0
SAL12551,Mcdougalls Hill,NSW,131.0,4.47,275.0,275.0,275.0
SAL12552,Mcgraths Hill,NSW,2537.0,4.47,450.0,450.0,450.0
SAL12553,Mckees Hill,NSW,295.0,43.37,290.0,290.0,290.0
SAL12554,Mckellars Park,NSW,210.0,0.64,340.0,340.0,340.0
SAL12555,Mcleans Ridges,NSW,808.0,24.88,400.0,400.0,400.0
SAL12556,Mcleods Shoot,NSW,113.0,8.08,515.0,515.0,515.0
SAL12557,Mcmahons Point,NSW,2315.0,0.51,580.0,580.0,580.0
SAL12558,Mcmahons Reef,NSW,68.0,195.69,150.0,150.0,150.0
SAL12559,Meadow Flat,NSW,356.0,101.85,323.0,323.0,323.0
SAL12560,Meadowbank (Nsw),NSW,5089.0,1.0,430.0,430.0,430.0
SAL12561,Mebbin,NSW,0.0,54.98,0.0,0.0,0.0
SAL12562,Mebul,NSW,61.0,142.75,425.0,425.0,425.0
SAL12563,Medlow Bath,NSW,569.0,7.53,398.0,398.0,398.0
SAL12564,Medowie,NSW,10879.0,63.39,430.0,430.0,430.0
SAL12565,Medway,NSW,143.0,26.01,375.0,375.0,375.0
SAL12566,Meerschaum Vale,NSW,372.0,48.33,435.0,435.0,435.0
SAL12567,Megalong Valley,NSW,148.0,139.23,280.0,280.0,280.0
SAL12568,Megan,NSW,168.0,63.67,238.0,238.0,238.0
SAL12569,Melbergen,NSW,19.0,225.54,0.0,0.0,0.0
SAL12570,Melinga,NSW,112.0,52.78,360.0,360.0,360.0
SAL12571,Mellong,NSW,7.0,574.66,0.0,0.0,0.0
SAL12572,Mellool,NSW,43.0,366.89,165.0,165.0,165.0
SAL12573,Melonba,NSW,1439.0,9.37,600.0,600.0,600.0
SAL12574,Melrose Park (Nsw),NSW,2059.0,1.86,490.0,490.0,490.0
SAL12575,Melville (Nsw),NSW,64.0,7.9,498.0,498.0,498.0
SAL12576,Memagong,NSW,96.0,339.87,225.0,225.0,225.0
SAL12577,Menah,NSW,186.0,56.31,450.0,450.0,450.0
SAL12578,Menai,NSW,10419.0,18.88,560.0,560.0,560.0
SAL12579,Menangle,NSW,1252.0,49.89,450.0,450.0,450.0
SAL12580,Menangle Park,NSW,224.0,12.75,500.0,500.0,500.0
SAL12581,Mendooran,NSW,626.0,1214.22,205.0,205.0,205.0
SAL12582,Menindee,NSW,537.0,18750.81,184.0,184.0,184.0
SAL12583,Merah North,NSW,129.0,796.75,110.0,110.0,110.0
SAL12584,Merewether,NSW,11788.0,8.97,420.0,420.0,420.0
SAL12585,Merewether Heights,NSW,1495.0,0.75,580.0,580.0,580.0
SAL12586,Merimbula,NSW,3821.0,28.3,310.0,310.0,310.0
SAL12587,Meringo,NSW,143.0,9.91,250.0,250.0,250.0
SAL12588,Mernot,NSW,0.0,212.87,0.0,0.0,0.0
SAL12589,Meroo,NSW,46.0,61.76,684.0,684.0,684.0
SAL12590,Meroo Meadow,NSW,474.0,27.16,400.0,400.0,400.0
SAL12591,Merotherie,NSW,24.0,134.54,0.0,0.0,0.0
SAL12592,Merriangaah,NSW,12.0,135.27,0.0,0.0,0.0
SAL12593,Merricumbene,NSW,14.0,42.06,0.0,0.0,0.0
SAL12594,Merrigal,NSW,10.0,319.58,0.0,0.0,0.0
SAL12595,Merrill,NSW,38.0,133.5,243.0,243.0,243.0
SAL12596,Merriwa (Nsw),NSW,1825.0,2656.75,245.0,245.0,245.0
SAL12597,Merriwagga,NSW,124.0,1316.29,101.0,101.0,101.0
SAL12598,Merrygoen,NSW,79.0,252.34,150.0,150.0,150.0
SAL12599,Merrylands,NSW,32472.0,9.77,400.0,400.0,400.0
SAL12600,Merrylands West,NSW,7054.0,2.52,400.0,400.0,400.0
SAL12601,Merungle Hill,NSW,258.0,62.69,241.0,241.0,241.0
SAL12602,Meryla,NSW,9.0,152.59,0.0,0.0,0.0
SAL12603,Metford,NSW,4707.0,3.43,350.0,350.0,350.0
SAL12604,Methul,NSW,60.0,286.05,50.0,50.0,50.0
SAL12605,Metz,NSW,117.0,266.06,243.0,243.0,243.0
SAL12606,Miamley,NSW,12.0,445.77,0.0,0.0,0.0
SAL12607,Miandetta (Nsw),NSW,23.0,747.36,0.0,0.0,0.0
SAL12608,Micalo Island,NSW,45.0,13.18,325.0,325.0,325.0
SAL12609,Michelago,NSW,642.0,358.31,400.0,400.0,400.0
SAL12610,Middle Arm,NSW,377.0,194.3,420.0,420.0,420.0
SAL12611,Middle Brook,NSW,260.0,100.57,400.0,400.0,400.0
SAL12612,Middle Brother,NSW,52.0,31.24,243.0,243.0,243.0
SAL12613,Middle Cove,NSW,1327.0,1.5,930.0,930.0,930.0
SAL12614,Middle Dural,NSW,1040.0,11.08,650.0,650.0,650.0
SAL12615,Middle Falbrook,NSW,73.0,15.59,450.0,450.0,450.0
SAL12616,Middle Flat,NSW,41.0,59.89,0.0,0.0,0.0
SAL12617,Middle Pocket,NSW,141.0,13.88,580.0,580.0,580.0
SAL12618,Middleton Grange,NSW,7043.0,3.72,520.0,520.0,520.0
SAL12619,Middlingbank,NSW,22.0,109.24,150.0,150.0,150.0
SAL12620,Midginbil,NSW,84.0,18.21,375.0,375.0,375.0
SAL12621,Mihi,NSW,32.0,115.14,348.0,348.0,348.0
SAL12622,Mila,NSW,55.0,307.36,100.0,100.0,100.0
SAL12623,Milbrodale,NSW,149.0,223.16,340.0,340.0,340.0
SAL12624,Milbrulong,NSW,119.0,272.0,165.0,165.0,165.0
SAL12625,Milkers Flat,NSW,3.0,10.91,0.0,0.0,0.0
SAL12626,Millah Murrah,NSW,23.0,74.07,0.0,0.0,0.0
SAL12627,Millbank (Nsw),NSW,113.0,163.59,250.0,250.0,250.0
SAL12628,Miller,NSW,3374.0,1.85,201.0,201.0,201.0
SAL12629,Millers Forest,NSW,357.0,39.43,395.0,395.0,395.0
SAL12630,Millers Point,NSW,1735.0,0.37,800.0,800.0,800.0
SAL12631,Millfield,NSW,1282.0,46.05,320.0,320.0,320.0
SAL12632,Millie,NSW,14.0,467.93,0.0,0.0,0.0
SAL12633,Millingandi,NSW,519.0,30.0,210.0,210.0,210.0
SAL12634,Millthorpe,NSW,1347.0,110.06,325.0,325.0,325.0
SAL12635,Milparinka,NSW,67.0,12289.5,0.0,0.0,0.0
SAL12636,Milperra,NSW,4074.0,7.82,538.0,538.0,538.0
SAL12637,Milroy (Gunnedah - Nsw),NSW,72.0,357.92,290.0,290.0,290.0
SAL12638,Milroy (Mid-Western Regional - Nsw),NSW,61.0,11.35,300.0,300.0,300.0
SAL12639,Milsons Passage,NSW,32.0,0.92,0.0,0.0,0.0
SAL12640,Milsons Point,NSW,2529.0,0.29,750.0,750.0,750.0
SAL12641,Milton (Nsw),NSW,1801.0,24.81,383.0,383.0,383.0
SAL12642,Milvale,NSW,89.0,435.37,100.0,100.0,100.0
SAL12643,Mimosa (Nsw),NSW,70.0,327.73,0.0,0.0,0.0
SAL12644,Minchinbury,NSW,5778.0,6.07,450.0,450.0,450.0
SAL12645,Mindaribba,NSW,97.0,34.66,23.0,23.0,23.0
SAL12646,Mingoola (Nsw),NSW,7.0,93.07,0.0,0.0,0.0
SAL12647,Minimbah,NSW,199.0,51.01,325.0,325.0,325.0
SAL12648,Minjary,NSW,55.0,32.42,300.0,300.0,300.0
SAL12649,Minmi,NSW,700.0,12.75,400.0,400.0,400.0
SAL12650,Minnamurra,NSW,804.0,2.46,500.0,500.0,500.0
SAL12651,Minnie Water,NSW,212.0,74.48,290.0,290.0,290.0
SAL12652,Minore,NSW,194.0,122.51,300.0,300.0,300.0
SAL12653,Minto,NSW,13940.0,13.97,350.0,350.0,350.0
SAL12654,Minto Heights,NSW,384.0,8.7,430.0,430.0,430.0
SAL12655,Mirador,NSW,519.0,2.78,500.0,500.0,500.0
SAL12656,Miranda (Nsw),NSW,17942.0,6.87,488.0,488.0,488.0
SAL12657,Mirannie,NSW,55.0,142.03,200.0,200.0,200.0
SAL12658,Mirrabooka (Nsw),NSW,809.0,1.12,368.0,368.0,368.0
SAL12659,Mirrool,NSW,79.0,215.85,175.0,175.0,175.0
SAL12660,Missabotti,NSW,246.0,176.14,250.0,250.0,250.0
SAL12661,Mitchell (Nsw),NSW,1179.0,5.14,215.0,215.0,215.0
SAL12662,Mitchells Flat,NSW,242.0,49.08,360.0,360.0,360.0
SAL12663,Mitchells Island,NSW,462.0,46.05,290.0,290.0,290.0
SAL12664,Mittagong,NSW,6090.0,86.15,400.0,400.0,400.0
SAL12665,Moama,NSW,7213.0,892.62,315.0,315.0,315.0
SAL12666,Modanville,NSW,614.0,12.75,340.0,340.0,340.0
SAL12667,Mogareeka,NSW,67.0,5.51,340.0,340.0,340.0
SAL12668,Mogendoura,NSW,238.0,63.64,200.0,200.0,200.0
SAL12669,Moggs Swamp,NSW,19.0,320.11,0.0,0.0,0.0
SAL12670,Mogilla,NSW,100.0,79.63,250.0,250.0,250.0
SAL12671,Mogo (Eurobodalla - Nsw),NSW,332.0,161.66,220.0,220.0,220.0
SAL12672,Mogo (Mid-Western Regional - Nsw),NSW,9.0,91.79,0.0,0.0,0.0
SAL12673,Mogo Creek,NSW,10.0,138.97,0.0,0.0,0.0
SAL12674,Mogood,NSW,21.0,146.01,0.0,0.0,0.0
SAL12675,Mograni,NSW,34.0,37.42,150.0,150.0,150.0
SAL12676,Mogriguy,NSW,122.0,130.84,205.0,205.0,205.0
SAL12677,Mole River,NSW,89.0,488.57,0.0,0.0,0.0
SAL12678,Moleville Creek,NSW,42.0,10.36,362.0,362.0,362.0
SAL12679,Mollyan,NSW,48.0,337.11,127.0,127.0,127.0
SAL12680,Mollymook,NSW,1195.0,2.21,375.0,375.0,375.0
SAL12681,Mollymook Beach,NSW,2531.0,5.03,380.0,380.0,380.0
SAL12682,Molong,NSW,2595.0,601.53,270.0,270.0,270.0
SAL12683,Mona Vale,NSW,10877.0,6.69,650.0,650.0,650.0
SAL12684,Monak,NSW,60.0,71.96,110.0,110.0,110.0
SAL12685,Monaltrie,NSW,235.0,25.21,300.0,300.0,300.0
SAL12686,Mondayong,NSW,9.0,122.68,0.0,0.0,0.0
SAL12687,Mondrook,NSW,167.0,18.39,258.0,258.0,258.0
SAL12688,Monga,NSW,27.0,158.28,0.0,0.0,0.0
SAL12689,Mongarlowe,NSW,121.0,53.43,240.0,240.0,240.0
SAL12690,Mongogarie,NSW,85.0,89.1,200.0,200.0,200.0
SAL12691,Monia Gap,NSW,22.0,450.32,0.0,0.0,0.0
SAL12692,Monivae,NSW,30.0,62.56,0.0,0.0,0.0
SAL12693,Monkerai,NSW,102.0,175.31,220.0,220.0,220.0
SAL12694,Monteagle,NSW,213.0,178.12,230.0,230.0,230.0
SAL12695,Montecollum,NSW,67.0,4.38,355.0,355.0,355.0
SAL12696,Montefiores,NSW,630.0,10.55,303.0,303.0,303.0
SAL12697,Monterey,NSW,4619.0,1.68,480.0,480.0,480.0
SAL12698,Mooball,NSW,193.0,14.29,400.0,400.0,400.0
SAL12699,Moobi,NSW,168.0,78.02,300.0,300.0,300.0
SAL12700,Moogem,NSW,0.0,180.54,0.0,0.0,0.0
SAL12701,Mookerawa,NSW,24.0,86.09,248.0,248.0,248.0
SAL12702,Mookima Wybra,NSW,43.0,78.21,100.0,100.0,100.0
SAL12703,Moolarben,NSW,10.0,77.52,285.0,285.0,285.0
SAL12704,Moollattoo,NSW,0.0,121.5,0.0,0.0,0.0
SAL12705,Moolpa,NSW,18.0,477.69,0.0,0.0,0.0
SAL12706,Moombooldool,NSW,26.0,188.44,80.0,80.0,80.0
SAL12707,Moonan Brook,NSW,19.0,277.54,135.0,135.0,135.0
SAL12708,Moonan Flat,NSW,131.0,211.84,180.0,180.0,180.0
SAL12709,Moonbah,NSW,564.0,240.05,400.0,400.0,400.0
SAL12710,Moonbi,NSW,1201.0,271.28,220.0,220.0,220.0
SAL12711,Moonbria,NSW,8.0,397.52,0.0,0.0,0.0
SAL12712,Mooneba,NSW,71.0,12.67,350.0,350.0,350.0
SAL12713,Moonee,NSW,0.0,4.27,0.0,0.0,0.0
SAL12714,Moonee Beach,NSW,2176.0,24.47,450.0,450.0,450.0
SAL12715,Mooney Mooney,NSW,350.0,2.74,300.0,300.0,300.0
SAL12716,Mooney Mooney Creek,NSW,27.0,27.33,600.0,600.0,600.0
SAL12717,Moonpar,NSW,21.0,83.33,325.0,325.0,325.0
SAL12718,Mooral Creek,NSW,105.0,63.24,355.0,355.0,355.0
SAL12719,Moorara,NSW,0.0,2188.76,0.0,0.0,0.0
SAL12720,Moorbel,NSW,251.0,22.97,210.0,210.0,210.0
SAL12721,Moore Creek,NSW,2868.0,148.38,450.0,450.0,450.0
SAL12722,Moore Park,NSW,18.0,2.71,550.0,550.0,550.0
SAL12723,Moorebank,NSW,11408.0,18.23,500.0,500.0,500.0
SAL12724,Moorilda,NSW,38.0,41.14,150.0,150.0,150.0
SAL12725,Moorland (Nsw),NSW,516.0,52.03,300.0,300.0,300.0
SAL12726,Moorong,NSW,175.0,28.17,300.0,300.0,300.0
SAL12727,Moorwatha,NSW,60.0,135.32,305.0,305.0,305.0
SAL12728,Moparrabah,NSW,123.0,457.86,55.0,55.0,55.0
SAL12729,Moppy,NSW,8.0,118.59,0.0,0.0,0.0
SAL12730,Morago,NSW,50.0,294.23,185.0,185.0,185.0
SAL12731,Morangarell,NSW,34.0,281.73,180.0,180.0,180.0
SAL12732,Morans Crossing,NSW,55.0,49.72,290.0,290.0,290.0
SAL12733,Moree,NSW,8962.0,5109.94,230.0,230.0,230.0
SAL12734,Morisset,NSW,4078.0,38.68,380.0,380.0,380.0
SAL12735,Morisset Park,NSW,1085.0,1.36,480.0,480.0,480.0
SAL12736,Morning Bay,NSW,31.0,0.31,215.0,215.0,215.0
SAL12737,Mororo,NSW,115.0,116.54,420.0,420.0,420.0
SAL12738,Morpeth,NSW,1686.0,6.29,370.0,370.0,370.0
SAL12739,Mortdale,NSW,10745.0,4.28,420.0,420.0,420.0
SAL12740,Mortlake (Nsw),NSW,1954.0,0.35,560.0,560.0,560.0
SAL12741,Morton,NSW,225.0,123.26,480.0,480.0,480.0
SAL12742,Mortons Creek,NSW,309.0,58.23,350.0,350.0,350.0
SAL12743,Morts Estate,NSW,545.0,1.19,285.0,285.0,285.0
SAL12744,Morundah,NSW,81.0,1779.34,150.0,150.0,150.0
SAL12745,Moruya,NSW,4295.0,118.98,300.0,300.0,300.0
SAL12746,Moruya Heads,NSW,1125.0,22.36,350.0,350.0,350.0
SAL12747,Morven (Glen Innes Severn - Nsw),NSW,0.0,153.67,0.0,0.0,0.0
SAL12748,Morven (Greater Hume Shire - Nsw),NSW,125.0,196.78,150.0,150.0,150.0
SAL12749,Mosman,NSW,28329.0,12.57,590.0,590.0,590.0
SAL12750,Moss Vale,NSW,9310.0,115.58,400.0,400.0,400.0
SAL12751,Mossgiel,NSW,26.0,3547.87,0.0,0.0,0.0
SAL12752,Mossy Point,NSW,608.0,3.54,340.0,340.0,340.0
SAL12753,Moto,NSW,144.0,49.25,300.0,300.0,300.0
SAL12754,Moulamein,NSW,489.0,2756.27,150.0,150.0,150.0
SAL12755,Mount Adrah,NSW,49.0,204.9,260.0,260.0,260.0
SAL12756,Mount Annan,NSW,11784.0,14.94,480.0,480.0,480.0
SAL12757,Mount Aquila,NSW,6.0,43.95,0.0,0.0,0.0
SAL12758,Mount Arthur,NSW,109.0,90.18,260.0,260.0,260.0
SAL12759,Mount Austin,NSW,4035.0,3.85,250.0,250.0,250.0
SAL12760,Mount Burrell,NSW,276.0,41.15,175.0,175.0,175.0
SAL12761,Mount Colah,NSW,7816.0,16.01,525.0,525.0,525.0
SAL12762,Mount Collins,NSW,11.0,114.87,0.0,0.0,0.0
SAL12763,Mount Cooper (Nsw),NSW,8.0,111.76,0.0,0.0,0.0
SAL12764,Mount Darragh,NSW,25.0,96.32,140.0,140.0,140.0
SAL12765,Mount David,NSW,51.0,93.46,230.0,230.0,230.0
SAL12766,Mount Dee,NSW,14.0,1.15,0.0,0.0,0.0
SAL12767,Mount Druitt,NSW,16986.0,9.08,355.0,355.0,355.0
SAL12768,Mount Elliot (Nsw),NSW,169.0,3.49,320.0,320.0,320.0
SAL12769,Mount Fairy,NSW,244.0,137.11,410.0,410.0,410.0
SAL12770,Mount Foster,NSW,18.0,185.54,0.0,0.0,0.0
SAL12771,Mount Frome,NSW,120.0,30.69,350.0,350.0,350.0
SAL12772,Mount George (Nsw),NSW,337.0,115.14,245.0,245.0,245.0
SAL12773,Mount Harris,NSW,33.0,585.56,350.0,350.0,350.0
SAL12774,Mount Hope (Nsw),NSW,16.0,4606.71,0.0,0.0,0.0
SAL12775,Mount Horeb,NSW,22.0,46.63,650.0,650.0,650.0
SAL12776,Mount Hunter,NSW,749.0,47.88,430.0,430.0,430.0
SAL12777,Mount Hutton (Nsw),NSW,3712.0,4.88,395.0,395.0,395.0
SAL12778,Mount Irvine,NSW,22.0,13.49,0.0,0.0,0.0
SAL12779,Mount Keira,NSW,1691.0,10.3,420.0,420.0,420.0
SAL12780,Mount Kembla,NSW,1083.0,9.01,440.0,440.0,440.0
SAL12781,Mount Kingiman,NSW,14.0,45.6,0.0,0.0,0.0
SAL12782,Mount Knowles,NSW,40.0,53.13,0.0,0.0,0.0
SAL12783,Mount Kuring-Gai,NSW,1766.0,15.3,568.0,568.0,568.0
SAL12784,Mount Lambie,NSW,65.0,83.29,295.0,295.0,295.0
SAL12785,Mount Lewis,NSW,1234.0,0.48,400.0,400.0,400.0
SAL12786,Mount Lindsey,NSW,0.0,101.3,0.0,0.0,0.0
SAL12787,Mount Marsden,NSW,54.0,115.82,250.0,250.0,250.0
SAL12788,Mount Marsh,NSW,0.0,189.86,0.0,0.0,0.0
SAL12789,Mount Mitchell,NSW,106.0,273.55,180.0,180.0,180.0
SAL12790,Mount Murray,NSW,53.0,7.85,0.0,0.0,0.0
SAL12791,Mount Olive (Oberon - Nsw),NSW,28.0,38.87,0.0,0.0,0.0
SAL12792,Mount Olive (Singleton - Nsw),NSW,135.0,53.6,80.0,80.0,80.0
SAL12793,Mount Ousley,NSW,1611.0,1.18,500.0,500.0,500.0
SAL12794,Mount Panorama,NSW,101.0,9.91,485.0,485.0,485.0
SAL12795,Mount Pleasant (Nsw),NSW,1397.0,1.44,550.0,550.0,550.0
SAL12796,Mount Pritchard,NSW,10426.0,4.5,380.0,380.0,380.0
SAL12797,Mount Rankin,NSW,428.0,144.79,335.0,335.0,335.0
SAL12798,Mount Rivers,NSW,60.0,44.89,185.0,185.0,185.0
SAL12799,Mount Riverview,NSW,3074.0,4.36,450.0,450.0,450.0
SAL12800,Mount Royal,NSW,25.0,122.94,0.0,0.0,0.0
SAL12801,Mount Russell,NSW,111.0,92.97,250.0,250.0,250.0
SAL12802,Mount Saint Thomas,NSW,1449.0,0.8,300.0,300.0,300.0
SAL12803,Mount Seaview,NSW,28.0,308.27,0.0,0.0,0.0
SAL12804,Mount Tenandra,NSW,24.0,289.66,0.0,0.0,0.0
SAL12805,Mount Thorley,NSW,86.0,99.22,343.0,343.0,343.0
SAL12806,Mount Tomah,NSW,68.0,11.96,370.0,370.0,370.0
SAL12807,Mount Vernon,NSW,1235.0,9.51,495.0,495.0,495.0
SAL12808,Mount Victoria,NSW,945.0,23.87,380.0,380.0,380.0
SAL12809,Mount View,NSW,114.0,39.98,360.0,360.0,360.0
SAL12810,Mount Vincent,NSW,380.0,50.14,300.0,300.0,300.0
SAL12811,Mount Warning,NSW,148.0,70.27,230.0,230.0,230.0
SAL12812,Mount Warrigal,NSW,4880.0,2.81,405.0,405.0,405.0
SAL12813,Mount Werong,NSW,3.0,303.81,0.0,0.0,0.0
SAL12814,Mount White,NSW,171.0,24.02,250.0,250.0,250.0
SAL12815,Mount Wilson,NSW,81.0,14.81,0.0,0.0,0.0
SAL12816,Mountain Creek (Nsw),NSW,65.0,219.35,280.0,280.0,280.0
SAL12817,Mountain Lagoon,NSW,78.0,78.7,360.0,360.0,360.0
SAL12818,Mountain Top,NSW,45.0,15.04,263.0,263.0,263.0
SAL12819,Mountain View (Nsw),NSW,208.0,16.79,330.0,330.0,330.0
SAL12820,Mourquong,NSW,75.0,18.92,188.0,188.0,188.0
SAL12821,Mowbray Park,NSW,94.0,12.96,520.0,520.0,520.0
SAL12822,Mozart,NSW,58.0,85.5,250.0,250.0,250.0
SAL12823,Mudgee,NSW,11457.0,37.43,360.0,360.0,360.0
SAL12824,Mulbring,NSW,682.0,39.13,360.0,360.0,360.0
SAL12825,Mulgoa,NSW,2044.0,78.84,450.0,450.0,450.0
SAL12826,Mulgrave (Nsw),NSW,78.0,5.81,500.0,500.0,500.0
SAL12827,Mulguthrie,NSW,19.0,169.05,0.0,0.0,0.0
SAL12828,Muli Muli,NSW,90.0,0.74,125.0,125.0,125.0
SAL12829,Mulla,NSW,21.0,374.8,0.0,0.0,0.0
SAL12830,Mulla Creek,NSW,87.0,225.22,0.0,0.0,0.0
SAL12831,Mullaley,NSW,174.0,429.88,250.0,250.0,250.0
SAL12832,Mullamuddy,NSW,95.0,50.86,300.0,300.0,300.0
SAL12833,Mullaway,NSW,607.0,2.74,410.0,410.0,410.0
SAL12834,Mullengandra,NSW,122.0,194.24,175.0,175.0,175.0
SAL12835,Mullengudgery,NSW,38.0,680.37,125.0,125.0,125.0
SAL12836,Mullion,NSW,89.0,223.19,581.0,581.0,581.0
SAL12837,Mullion Creek,NSW,561.0,224.27,300.0,300.0,300.0
SAL12838,Mulloon,NSW,129.0,157.61,405.0,405.0,405.0
SAL12839,Mullumbimby,NSW,4180.0,35.91,500.0,500.0,500.0
SAL12840,Mullumbimby Creek,NSW,512.0,15.32,440.0,440.0,440.0
SAL12841,Mulwala,NSW,2557.0,546.08,270.0,270.0,270.0
SAL12842,Mulyandry,NSW,38.0,309.38,213.0,213.0,213.0
SAL12843,Mumbil,NSW,298.0,216.78,140.0,140.0,140.0
SAL12844,Mumblebone Plain,NSW,9.0,515.66,0.0,0.0,0.0
SAL12845,Mumbulla Mountain,NSW,0.0,68.3,0.0,0.0,0.0
SAL12846,Mummel,NSW,129.0,76.08,150.0,150.0,150.0
SAL12847,Mummulgum,NSW,105.0,61.9,225.0,225.0,225.0
SAL12848,Mundamia,NSW,85.0,18.01,250.0,250.0,250.0
SAL12849,Mundarlo,NSW,51.0,260.89,30.0,30.0,30.0
SAL12850,Munderoo,NSW,58.0,218.29,310.0,310.0,310.0
SAL12851,Mundongo,NSW,246.0,18.93,325.0,325.0,325.0
SAL12852,Mungay Creek,NSW,133.0,78.98,423.0,423.0,423.0
SAL12853,Munghorn,NSW,0.0,83.96,0.0,0.0,0.0
SAL12854,Mungindi (Nsw),NSW,487.0,2130.55,170.0,170.0,170.0
SAL12855,Mungo,NSW,0.0,1150.84,0.0,0.0,0.0
SAL12856,Mungo Brush,NSW,0.0,79.27,0.0,0.0,0.0
SAL12857,Munni,NSW,38.0,76.76,295.0,295.0,295.0
SAL12858,Munyabla,NSW,72.0,196.79,185.0,185.0,185.0
SAL12859,Murga,NSW,58.0,180.12,0.0,0.0,0.0
SAL12860,Murrah,NSW,82.0,143.58,100.0,100.0,100.0
SAL12861,Murrami,NSW,288.0,366.08,220.0,220.0,220.0
SAL12862,Murrawombie,NSW,29.0,547.82,10.0,10.0,10.0
SAL12863,Murray Downs,NSW,274.0,260.65,370.0,370.0,370.0
SAL12864,Murray Gorge,NSW,0.0,137.36,0.0,0.0,0.0
SAL12865,Murrays Beach,NSW,882.0,4.3,579.0,579.0,579.0
SAL12866,Murrays Run,NSW,140.0,47.34,255.0,255.0,255.0
SAL12867,Murrengenburg,NSW,0.0,31.33,0.0,0.0,0.0
SAL12868,Murrin Bridge,NSW,57.0,5.7,150.0,150.0,150.0
SAL12869,Murringo,NSW,390.0,480.47,245.0,245.0,245.0
SAL12870,Murrulebale,NSW,61.0,222.84,150.0,150.0,150.0
SAL12871,Murrumbateman,NSW,3607.0,207.49,528.0,528.0,528.0
SAL12872,Murrumbo,NSW,4.0,168.81,0.0,0.0,0.0
SAL12873,Murrumbucca,NSW,82.0,232.66,169.0,169.0,169.0
SAL12874,Murrumburrah,NSW,81.0,64.18,250.0,250.0,250.0
SAL12875,Murrurundi,NSW,945.0,101.37,250.0,250.0,250.0
SAL12876,Murulla,NSW,23.0,91.4,400.0,400.0,400.0
SAL12877,Murwillumbah,NSW,7616.0,15.55,346.0,346.0,346.0
SAL12878,Muscle Creek,NSW,313.0,124.18,243.0,243.0,243.0
SAL12879,Muswellbrook,NSW,12272.0,368.44,310.0,310.0,310.0
SAL12880,Mutawintji,NSW,30.0,8625.7,250.0,250.0,250.0
SAL12881,Muttama,NSW,140.0,242.64,245.0,245.0,245.0
SAL12882,Myall Creek,NSW,27.0,187.0,0.0,0.0,0.0
SAL12883,Myall Lake,NSW,0.0,89.33,0.0,0.0,0.0
SAL12884,Myall Park (Nsw),NSW,226.0,389.58,250.0,250.0,250.0
SAL12885,Myalla (Nsw),NSW,4.0,124.1,0.0,0.0,0.0
SAL12886,Mylestom,NSW,336.0,4.87,360.0,360.0,360.0
SAL12887,Mylneford,NSW,78.0,17.3,450.0,450.0,450.0
SAL12888,Myocum,NSW,1217.0,42.07,380.0,380.0,380.0
SAL12889,Myola (Nsw),NSW,94.0,1.65,333.0,333.0,333.0
SAL12890,Myrtle Creek (Nsw),NSW,92.0,280.85,290.0,290.0,290.0
SAL12891,Myrtle Mountain,NSW,75.0,66.4,0.0,0.0,0.0
SAL12892,Myrtle Park,NSW,51.0,126.7,80.0,80.0,80.0
SAL12893,Myrtleville,NSW,100.0,238.69,250.0,250.0,250.0
SAL12894,Mystery Bay,NSW,199.0,5.3,360.0,360.0,360.0
SAL12895,Myuna Bay,NSW,0.0,1.86,0.0,0.0,0.0
SAL12896,Nabiac,NSW,1294.0,200.92,330.0,330.0,330.0
SAL12897,Nadgee,NSW,0.0,665.54,0.0,0.0,0.0
SAL12898,Nambucca Heads,NSW,6675.0,41.8,280.0,280.0,280.0
SAL12899,Namoi River,NSW,61.0,402.78,370.0,370.0,370.0
SAL12900,Nana Glen,NSW,1132.0,87.21,350.0,350.0,350.0
SAL12901,Nangus,NSW,240.0,369.06,179.0,179.0,179.0
SAL12902,Nanima,NSW,252.0,100.73,585.0,585.0,585.0
SAL12903,Napoleon Reef,NSW,130.0,50.25,215.0,215.0,215.0
SAL12904,Naradhan,NSW,63.0,899.54,35.0,35.0,35.0
SAL12905,Narara,NSW,8471.0,11.86,420.0,420.0,420.0
SAL12906,Narellan,NSW,3358.0,5.83,430.0,430.0,430.0
SAL12907,Narellan Vale,NSW,6931.0,3.73,460.0,460.0,460.0
SAL12908,Naremburn,NSW,5924.0,1.82,602.0,602.0,602.0
SAL12909,Narooma,NSW,2731.0,185.18,260.0,260.0,260.0
SAL12910,Narrabarba,NSW,22.0,167.96,0.0,0.0,0.0
SAL12911,Narrabeen,NSW,8255.0,3.18,565.0,565.0,565.0
SAL12912,Narrabri,NSW,7327.0,1738.78,260.0,260.0,260.0
SAL12913,Narraburra,NSW,70.0,180.43,93.0,93.0,93.0
SAL12914,Narran Lake,NSW,14.0,1187.49,0.0,0.0,0.0
SAL12915,Narrandera,NSW,4369.0,530.41,210.0,210.0,210.0
SAL12916,Narrangullen,NSW,9.0,222.09,250.0,250.0,250.0
SAL12917,Narrawa,NSW,112.0,439.32,150.0,150.0,150.0
SAL12918,Narrawallee,NSW,1487.0,5.31,400.0,400.0,400.0
SAL12919,Narraweena,NSW,6971.0,2.58,400.0,400.0,400.0
SAL12920,Narromine,NSW,4608.0,2678.32,250.0,250.0,250.0
SAL12921,Narwee,NSW,5411.0,1.81,354.0,354.0,354.0
SAL12922,Nashdale,NSW,403.0,38.32,300.0,300.0,300.0
SAL12923,Nashua,NSW,267.0,23.66,450.0,450.0,450.0
SAL12924,Nattai,NSW,77.0,75.42,300.0,300.0,300.0
SAL12925,Naughtons Gap,NSW,137.0,12.89,240.0,240.0,240.0
SAL12926,Neath,NSW,430.0,4.77,255.0,255.0,255.0
SAL12927,Nebea,NSW,18.0,300.7,175.0,175.0,175.0
SAL12928,Neilrex,NSW,81.0,228.67,155.0,155.0,155.0
SAL12929,Nelligen,NSW,399.0,106.86,400.0,400.0,400.0
SAL12930,Nelson (Bega Valley - Nsw),NSW,12.0,53.94,100.0,100.0,100.0
SAL12931,Nelson (The Hills Shire - Nsw),NSW,460.0,7.12,450.0,450.0,450.0
SAL12932,Nelson Bay (Nsw),NSW,6141.0,22.19,380.0,380.0,380.0
SAL12933,Nelsons Plains,NSW,326.0,24.01,553.0,553.0,553.0
SAL12934,Nelungaloo,NSW,47.0,158.17,100.0,100.0,100.0
SAL12935,Nemingha,NSW,705.0,45.69,300.0,300.0,300.0
SAL12936,Nericon,NSW,278.0,94.65,260.0,260.0,260.0
SAL12937,Neringla,NSW,17.0,293.54,0.0,0.0,0.0
SAL12938,Nerong,NSW,168.0,249.13,310.0,310.0,310.0
SAL12939,Nerriga,NSW,77.0,201.47,200.0,200.0,200.0
SAL12940,Nerrigundah,NSW,40.0,260.77,150.0,150.0,150.0
SAL12941,Nethercote,NSW,332.0,92.46,440.0,440.0,440.0
SAL12942,Neurea,NSW,129.0,172.01,185.0,185.0,185.0
SAL12943,Neutral Bay,NSW,10090.0,1.84,550.0,550.0,550.0
SAL12944,Never Never,NSW,0.0,124.14,0.0,0.0,0.0
SAL12945,Nevertire,NSW,135.0,941.72,165.0,165.0,165.0
SAL12946,Neville,NSW,229.0,297.73,278.0,278.0,278.0
SAL12947,New Berrima,NSW,598.0,5.0,400.0,400.0,400.0
SAL12948,New Brighton,NSW,368.0,2.28,600.0,600.0,600.0
SAL12949,New Buildings,NSW,31.0,49.59,225.0,225.0,225.0
SAL12950,New Italy,NSW,249.0,94.38,230.0,230.0,230.0
SAL12951,New Lambton,NSW,10651.0,8.53,395.0,395.0,395.0
SAL12952,New Lambton Heights,NSW,2610.0,4.23,483.0,483.0,483.0
SAL12953,New Mexico,NSW,59.0,138.53,250.0,250.0,250.0
SAL12954,New Park,NSW,142.0,6.95,255.0,255.0,255.0
SAL12955,New Valley,NSW,32.0,273.18,270.0,270.0,270.0
SAL12956,Newbold,NSW,8.0,7.85,0.0,0.0,0.0
SAL12957,Newbridge (Nsw),NSW,223.0,119.88,200.0,200.0,200.0
SAL12958,Newcastle,NSW,3852.0,1.65,490.0,490.0,490.0
SAL12959,Newcastle East,NSW,1061.0,0.74,390.0,390.0,390.0
SAL12960,Newcastle West,NSW,1453.0,1.24,460.0,460.0,460.0
SAL12961,Newee Creek,NSW,418.0,38.72,225.0,225.0,225.0
SAL12962,Newington (Nsw),NSW,5648.0,1.35,560.0,560.0,560.0
SAL12963,Newnes,NSW,7.0,72.85,0.0,0.0,0.0
SAL12964,Newnes Plateau,NSW,0.0,616.57,0.0,0.0,0.0
SAL12965,Newport (Nsw),NSW,9659.0,5.52,600.0,600.0,600.0
SAL12966,Newrybar,NSW,532.0,27.4,530.0,530.0,530.0
SAL12967,Newstead (Nsw),NSW,19.0,114.82,150.0,150.0,150.0
SAL12968,Newton Boyd,NSW,21.0,783.35,0.0,0.0,0.0
SAL12969,Newtown (Nsw),NSW,14690.0,2.31,550.0,550.0,550.0
SAL12970,Niagara Park,NSW,2779.0,6.87,410.0,410.0,410.0
SAL12971,Niangala,NSW,149.0,953.42,80.0,80.0,80.0
SAL12972,Niemur,NSW,74.0,405.77,100.0,100.0,100.0
SAL12973,Nightcap,NSW,0.0,51.58,0.0,0.0,0.0
SAL12974,Nimbin,NSW,1607.0,94.85,300.0,300.0,300.0
SAL12975,Nimmitabel,NSW,324.0,216.98,260.0,260.0,260.0
SAL12976,Nimmo,NSW,24.0,57.25,0.0,0.0,0.0
SAL12977,Nirimba Fields,NSW,1632.0,4.14,410.0,410.0,410.0
SAL12978,Nobbys Creek,NSW,306.0,25.23,343.0,343.0,343.0
SAL12979,Nombi,NSW,55.0,475.25,350.0,350.0,350.0
SAL12980,Noona,NSW,21.0,4725.41,0.0,0.0,0.0
SAL12981,Noorong,NSW,20.0,341.76,0.0,0.0,0.0
SAL12982,Nooroo,NSW,48.0,100.93,0.0,0.0,0.0
SAL12983,Norah Head,NSW,1149.0,6.1,400.0,400.0,400.0
SAL12984,Noraville,NSW,3001.0,2.52,370.0,370.0,370.0
SAL12985,Nords Wharf,NSW,895.0,4.38,400.0,400.0,400.0
SAL12986,Normanhurst,NSW,5387.0,3.2,550.0,550.0,550.0
SAL12987,North Albury,NSW,6232.0,9.0,240.0,240.0,240.0
SAL12988,North Arm (Nsw),NSW,117.0,6.72,550.0,550.0,550.0
SAL12989,North Arm Cove,NSW,552.0,68.57,340.0,340.0,340.0
SAL12990,North Avoca,NSW,2318.0,2.16,545.0,545.0,545.0
SAL12991,North Balgowlah,NSW,3816.0,1.63,825.0,825.0,825.0
SAL12992,North Batemans Bay,NSW,794.0,9.09,350.0,350.0,350.0
SAL12993,North Boambee Valley,NSW,2318.0,17.93,465.0,465.0,465.0
SAL12994,North Bondi,NSW,9290.0,1.84,700.0,700.0,700.0
SAL12995,North Bourke,NSW,200.0,5635.63,200.0,200.0,200.0
SAL12996,North Brother,NSW,0.0,14.49,0.0,0.0,0.0
SAL12997,North Casino,NSW,1000.0,37.73,350.0,350.0,350.0
SAL12998,North Curl Curl,NSW,4288.0,1.71,700.0,700.0,700.0
SAL12999,North Dorrigo,NSW,186.0,40.56,300.0,300.0,300.0
SAL13000,North Epping,NSW,4657.0,3.38,615.0,615.0,615.0
SAL13001,North Gosford,NSW,3986.0,2.76,390.0,390.0,390.0
SAL13002,North Haven (Nsw),NSW,1619.0,8.14,310.0,310.0,310.0
SAL13003,North Kellyville,NSW,17401.0,11.69,600.0,600.0,600.0
SAL13004,North Lambton,NSW,3454.0,1.84,400.0,400.0,400.0
SAL13005,North Lismore,NSW,754.0,16.33,320.0,320.0,320.0
SAL13006,North Macksville,NSW,669.0,24.71,340.0,340.0,340.0
SAL13007,North Manly,NSW,3396.0,1.59,675.0,675.0,675.0
SAL13008,North Narooma,NSW,683.0,17.42,325.0,325.0,325.0
SAL13009,North Narrabeen,NSW,6016.0,3.63,665.0,665.0,665.0
SAL13010,North Nowra,NSW,5856.0,15.23,380.0,380.0,380.0
SAL13011,North Parramatta,NSW,12064.0,7.65,390.0,390.0,390.0
SAL13012,North Richmond,NSW,6358.0,31.94,408.0,408.0,408.0
SAL13013,North Rocks,NSW,9136.0,7.92,505.0,505.0,505.0
SAL13014,North Rothbury,NSW,2502.0,24.89,450.0,450.0,450.0
SAL13015,North Ryde,NSW,14043.0,7.78,520.0,520.0,520.0
SAL13016,North Shore (Nsw),NSW,371.0,26.18,388.0,388.0,388.0
SAL13017,North St Marys,NSW,4123.0,4.62,340.0,340.0,340.0
SAL13018,North Star,NSW,214.0,1185.14,140.0,140.0,140.0
SAL13019,North Strathfield,NSW,4618.0,1.51,495.0,495.0,495.0
SAL13020,North Sydney,NSW,8964.0,2.14,575.0,575.0,575.0
SAL13021,North Tamworth,NSW,6273.0,24.81,310.0,310.0,310.0
SAL13022,North Tumbulgum,NSW,238.0,17.96,275.0,275.0,275.0
SAL13023,North Turramurra,NSW,4194.0,16.82,760.0,760.0,760.0
SAL13024,North Wagga Wagga,NSW,679.0,24.63,290.0,290.0,290.0
SAL13025,North Wahroonga,NSW,2100.0,5.64,950.0,950.0,950.0
SAL13026,North Willoughby,NSW,4161.0,1.36,590.0,590.0,590.0
SAL13027,North Wollongong,NSW,2299.0,3.57,395.0,395.0,395.0
SAL13028,North Woodburn,NSW,142.0,6.99,375.0,375.0,375.0
SAL13029,North Yalgogrin,NSW,77.0,645.27,111.0,111.0,111.0
SAL13030,North Yeoval,NSW,95.0,33.31,170.0,170.0,170.0
SAL13031,Northangera,NSW,44.0,37.05,550.0,550.0,550.0
SAL13032,Northbridge (Nsw),NSW,6493.0,3.96,740.0,740.0,740.0
SAL13033,Northmead,NSW,11261.0,6.22,420.0,420.0,420.0
SAL13034,Northwood (Nsw),NSW,916.0,0.55,1200.0,1200.0,1200.0
SAL13035,Norway,NSW,58.0,69.99,200.0,200.0,200.0
SAL13036,Norwest,NSW,4688.0,4.07,579.0,579.0,579.0
SAL13037,Nowendoc,NSW,88.0,1205.32,320.0,320.0,320.0
SAL13038,Nowley,NSW,50.0,492.59,45.0,45.0,45.0
SAL13039,Nowra,NSW,9956.0,13.39,300.0,300.0,300.0
SAL13040,Nowra Hill,NSW,2141.0,50.68,285.0,285.0,285.0
SAL13041,Nubba,NSW,77.0,141.5,200.0,200.0,200.0
SAL13042,Nulkaba,NSW,715.0,19.61,350.0,350.0,350.0
SAL13043,Nullamanna,NSW,171.0,350.05,285.0,285.0,285.0
SAL13044,Nullica,NSW,17.0,229.77,200.0,200.0,200.0
SAL13045,Nullo Mountain,NSW,20.0,690.71,0.0,0.0,0.0
SAL13046,Numbaa,NSW,122.0,29.97,300.0,300.0,300.0
SAL13047,Number One,NSW,27.0,71.43,0.0,0.0,0.0
SAL13048,Numbla Vale,NSW,43.0,186.88,200.0,200.0,200.0
SAL13049,Numbugga,NSW,129.0,86.77,270.0,270.0,270.0
SAL13050,Numeralla,NSW,254.0,268.59,295.0,295.0,295.0
SAL13051,Numinbah,NSW,89.0,38.43,100.0,100.0,100.0
SAL13052,Numulgi,NSW,207.0,21.59,410.0,410.0,410.0
SAL13053,Nunderi,NSW,696.0,4.96,460.0,460.0,460.0
SAL13054,Nundle,NSW,482.0,244.77,250.0,250.0,250.0
SAL13055,Nungatta,NSW,4.0,414.0,0.0,0.0,0.0
SAL13056,Nungatta South,NSW,0.0,7.19,0.0,0.0,0.0
SAL13057,Nurenmerenmong,NSW,10.0,367.07,0.0,0.0,0.0
SAL13058,Nymagee,NSW,96.0,5982.67,60.0,60.0,60.0
SAL13059,Nymboida,NSW,268.0,432.19,250.0,250.0,250.0
SAL13060,Nyngan,NSW,1953.0,2958.71,200.0,200.0,200.0
SAL13061,Nyora (Nsw),NSW,18.0,118.14,0.0,0.0,0.0
SAL13062,Nyrang Creek,NSW,29.0,46.71,150.0,150.0,150.0
SAL13063,O'Connell (Nsw),NSW,653.0,172.41,250.0,250.0,250.0
SAL13064,Oak Flats,NSW,6840.0,5.57,440.0,440.0,440.0
SAL13065,Oakdale (Nsw),NSW,2028.0,137.38,410.0,410.0,410.0
SAL13066,Oakey Park,NSW,305.0,3.14,270.0,270.0,270.0
SAL13067,Oakhampton,NSW,165.0,7.35,325.0,325.0,325.0
SAL13068,Oakhampton Heights,NSW,139.0,2.78,320.0,320.0,320.0
SAL13069,Oakhurst (Nsw),NSW,6947.0,2.94,418.0,418.0,418.0
SAL13070,Oaklands,NSW,304.0,902.19,150.0,150.0,150.0
SAL13071,Oakville,NSW,2027.0,21.9,600.0,600.0,600.0
SAL13072,Oakwood (Nsw),NSW,178.0,202.2,260.0,260.0,260.0
SAL13073,Oallen,NSW,145.0,402.49,215.0,215.0,215.0
SAL13074,Oatlands (Nsw),NSW,5833.0,3.57,530.0,530.0,530.0
SAL13075,Oatley,NSW,10664.0,6.38,490.0,490.0,490.0
SAL13076,Oban,NSW,7.0,97.33,250.0,250.0,250.0
SAL13077,Obanvale,NSW,27.0,4.44,458.0,458.0,458.0
SAL13078,Oberne Creek,NSW,49.0,288.62,50.0,50.0,50.0
SAL13079,Oberon,NSW,3319.0,271.42,280.0,280.0,280.0
SAL13080,Obley,NSW,94.0,462.1,100.0,100.0,100.0
SAL13081,Ocean Shores,NSW,5777.0,16.7,508.0,508.0,508.0
SAL13082,Ogunbil,NSW,152.0,248.01,300.0,300.0,300.0
SAL13083,Old Adaminaby,NSW,42.0,37.89,285.0,285.0,285.0
SAL13084,Old Bar,NSW,5126.0,33.82,358.0,358.0,358.0
SAL13085,Old Bonalbo,NSW,73.0,6.82,170.0,170.0,170.0
SAL13086,Old Erowal Bay,NSW,1080.0,1.19,350.0,350.0,350.0
SAL13087,Old Grevillia,NSW,53.0,12.66,300.0,300.0,300.0
SAL13088,Old Guildford,NSW,2857.0,1.4,420.0,420.0,420.0
SAL13089,Old Junee,NSW,254.0,276.2,258.0,258.0,258.0
SAL13090,Old Mill,NSW,16.0,4.33,210.0,210.0,210.0
SAL13091,Old Station,NSW,32.0,21.7,330.0,330.0,330.0
SAL13092,Old Toongabbie,NSW,3276.0,1.85,450.0,450.0,450.0
SAL13093,Olinda (Nsw),NSW,32.0,130.94,0.0,0.0,0.0
SAL13094,Olney,NSW,0.0,189.21,0.0,0.0,0.0
SAL13095,Omadale,NSW,0.0,31.94,0.0,0.0,0.0
SAL13096,One Mile (Nsw),NSW,501.0,7.2,390.0,390.0,390.0
SAL13097,One Tree,NSW,22.0,2385.49,0.0,0.0,0.0
SAL13098,Oolong,NSW,54.0,88.43,285.0,285.0,285.0
SAL13099,Ooma,NSW,41.0,189.57,60.0,60.0,60.0
SAL13100,Ootha,NSW,44.0,360.69,213.0,213.0,213.0
SAL13101,Ophir,NSW,128.0,210.09,280.0,280.0,280.0
SAL13102,Oran Park,NSW,17624.0,19.32,530.0,530.0,530.0
SAL13103,Orange,NSW,41232.0,216.4,330.0,330.0,330.0
SAL13104,Orange Grove (Nsw),NSW,60.0,141.6,350.0,350.0,350.0
SAL13105,Orangeville,NSW,1354.0,62.57,420.0,420.0,420.0
SAL13106,Orchard Hills,NSW,1798.0,62.55,450.0,450.0,450.0
SAL13107,Orient Point,NSW,629.0,3.06,283.0,283.0,283.0
SAL13108,Orton Park,NSW,38.0,7.87,380.0,380.0,380.0
SAL13109,Osborne (Nsw),NSW,32.0,266.76,0.0,0.0,0.0
SAL13110,Osterley (Nsw),NSW,132.0,5.21,400.0,400.0,400.0
SAL13111,Oswald,NSW,88.0,3.91,350.0,350.0,350.0
SAL13112,Otford,NSW,396.0,10.02,550.0,550.0,550.0
SAL13113,Oura,NSW,246.0,211.96,175.0,175.0,175.0
SAL13114,Ourimbah,NSW,4019.0,125.13,400.0,400.0,400.0
SAL13115,Ournie,NSW,34.0,168.01,180.0,180.0,180.0
SAL13116,Owens Gap,NSW,80.0,208.99,290.0,290.0,290.0
SAL13117,Oxford Falls,NSW,265.0,9.38,660.0,660.0,660.0
SAL13118,Oxley (Balranald - Nsw),NSW,31.0,4192.76,0.0,0.0,0.0
SAL13119,Oxley (Warren - Nsw),NSW,5.0,965.55,0.0,0.0,0.0
SAL13120,Oxley Island,NSW,321.0,45.11,225.0,225.0,225.0
SAL13121,Oxley Park,NSW,4197.0,1.84,400.0,400.0,400.0
SAL13122,Oxley Vale,NSW,3935.0,11.62,335.0,335.0,335.0
SAL13123,Oyster Bay,NSW,5689.0,3.07,620.0,620.0,620.0
SAL13124,Oyster Cove (Nsw),NSW,91.0,8.62,228.0,228.0,228.0
SAL13125,Packsaddle,NSW,73.0,13041.09,0.0,0.0,0.0
SAL13126,Paddington (Nsw),NSW,12701.0,2.37,650.0,650.0,650.0
SAL13127,Paddys Flat (Kyogle - Nsw),NSW,8.0,67.92,0.0,0.0,0.0
SAL13128,Paddys Flat (Snowy Monaro Regional - Nsw),NSW,23.0,264.6,200.0,200.0,200.0
SAL13129,Paddys River (Snowy Valleys - Nsw),NSW,15.0,176.12,205.0,205.0,205.0
SAL13130,Paddys River (Wingecarribee - Nsw),NSW,64.0,37.47,975.0,975.0,975.0
SAL13131,Padstow,NSW,14017.0,7.87,470.0,470.0,470.0
SAL13132,Padstow Heights,NSW,3594.0,2.81,495.0,495.0,495.0
SAL13133,Pagans Flat,NSW,4.0,18.9,0.0,0.0,0.0
SAL13134,Pages Creek,NSW,13.0,186.3,0.0,0.0,0.0
SAL13135,Pages River,NSW,5.0,51.52,0.0,0.0,0.0
SAL13136,Pagewood,NSW,3885.0,3.2,460.0,460.0,460.0
SAL13137,Palarang,NSW,26.0,144.72,205.0,205.0,205.0
SAL13138,Palerang,NSW,0.0,100.77,0.0,0.0,0.0
SAL13139,Paling Yards (Bathurst Regional - Nsw),NSW,15.0,36.85,230.0,230.0,230.0
SAL13140,Paling Yards (Oberon - Nsw),NSW,13.0,362.21,260.0,260.0,260.0
SAL13141,Pallal,NSW,66.0,329.54,150.0,150.0,150.0
SAL13142,Pallamallawa,NSW,472.0,657.77,200.0,200.0,200.0
SAL13143,Palm Beach (Nsw),NSW,1652.0,3.92,895.0,895.0,895.0
SAL13144,Palm Grove (Nsw),NSW,87.0,23.14,320.0,320.0,320.0
SAL13145,Palmdale (Nsw),NSW,95.0,4.42,400.0,400.0,400.0
SAL13146,Palmers Channel,NSW,115.0,25.74,350.0,350.0,350.0
SAL13147,Palmers Island,NSW,482.0,46.06,313.0,313.0,313.0
SAL13148,Palmers Oaky,NSW,38.0,260.77,0.0,0.0,0.0
SAL13149,Palmvale,NSW,95.0,8.23,300.0,300.0,300.0
SAL13150,Palmwoods (Nsw),NSW,78.0,5.03,200.0,200.0,200.0
SAL13151,Pambula,NSW,1002.0,13.38,313.0,313.0,313.0
SAL13152,Pambula Beach,NSW,667.0,9.92,370.0,370.0,370.0
SAL13153,Pampoolah,NSW,423.0,23.76,400.0,400.0,400.0
SAL13154,Pan Ban,NSW,38.0,4643.64,0.0,0.0,0.0
SAL13155,Panania,NSW,13507.0,6.92,460.0,460.0,460.0
SAL13156,Pangee,NSW,21.0,1030.98,0.0,0.0,0.0
SAL13157,Panuara,NSW,86.0,224.84,275.0,275.0,275.0
SAL13158,Pappinbarra,NSW,86.0,92.6,185.0,185.0,185.0
SAL13159,Para,NSW,7.0,993.59,0.0,0.0,0.0
SAL13160,Paradise (Nsw),NSW,15.0,151.66,0.0,0.0,0.0
SAL13161,Paringi,NSW,29.0,160.9,120.0,120.0,120.0
SAL13162,Parkes (Nsw),NSW,11324.0,1404.77,260.0,260.0,260.0
SAL13163,Parkesbourne,NSW,152.0,100.92,175.0,175.0,175.0
SAL13164,Parklea,NSW,3684.0,1.54,550.0,550.0,550.0
SAL13165,Parkville (Nsw),NSW,275.0,87.72,285.0,285.0,285.0
SAL13166,Parma,NSW,167.0,29.0,375.0,375.0,375.0
SAL13167,Parramatta,NSW,30211.0,7.6,440.0,440.0,440.0
SAL13168,Parraweena,NSW,61.0,353.48,62.0,62.0,62.0
SAL13169,Patchs Beach,NSW,45.0,3.35,413.0,413.0,413.0
SAL13170,Paterson (Nsw),NSW,960.0,58.47,300.0,300.0,300.0
SAL13171,Patonga,NSW,235.0,26.12,390.0,390.0,390.0
SAL13172,Paupong,NSW,11.0,240.73,0.0,0.0,0.0
SAL13173,Paxton,NSW,1215.0,6.14,345.0,345.0,345.0
SAL13174,Paynes Crossing,NSW,50.0,297.48,330.0,330.0,330.0
SAL13175,Paytens Bridge,NSW,109.0,356.61,130.0,130.0,130.0
SAL13176,Peacock Creek,NSW,23.0,87.35,465.0,465.0,465.0
SAL13177,Peak Hill (Nsw),NSW,1162.0,1789.38,185.0,185.0,185.0
SAL13178,Peak View,NSW,43.0,399.56,0.0,0.0,0.0
SAL13179,Peakhurst,NSW,12079.0,5.28,440.0,440.0,440.0
SAL13180,Peakhurst Heights,NSW,2524.0,1.27,451.0,451.0,451.0
SAL13181,Pearces Creek,NSW,210.0,11.25,380.0,380.0,380.0
SAL13182,Pearl Beach,NSW,510.0,1.81,488.0,488.0,488.0
SAL13183,Peats Ridge,NSW,301.0,40.57,378.0,378.0,378.0
SAL13184,Pebbly Beach,NSW,0.0,5.95,350.0,350.0,350.0
SAL13185,Peel,NSW,256.0,131.48,410.0,410.0,410.0
SAL13186,Peelwood,NSW,45.0,319.26,217.0,217.0,217.0
SAL13187,Pejar,NSW,67.0,96.29,300.0,300.0,300.0
SAL13188,Pelaw Main,NSW,1080.0,13.17,310.0,310.0,310.0
SAL13189,Pelican (Nsw),NSW,874.0,1.43,370.0,370.0,370.0
SAL13190,Pelton,NSW,82.0,17.54,310.0,310.0,310.0
SAL13191,Pembrooke,NSW,118.0,88.46,330.0,330.0,330.0
SAL13192,Pemulwuy,NSW,5532.0,21.76,570.0,570.0,570.0
SAL13193,Pendle Hill,NSW,7743.0,2.85,400.0,400.0,400.0
SAL13194,Pennant Hills,NSW,7588.0,8.88,500.0,500.0,500.0
SAL13195,Penrith,NSW,17966.0,17.88,380.0,380.0,380.0
SAL13196,Penrose,NSW,263.0,63.55,390.0,390.0,390.0
SAL13197,Penshurst (Nsw),NSW,12592.0,3.69,400.0,400.0,400.0
SAL13198,Pericoe,NSW,22.0,168.83,0.0,0.0,0.0
SAL13199,Perisher Valley,NSW,99.0,9.42,403.0,403.0,403.0
SAL13200,Perrys Crossing,NSW,4.0,103.06,0.0,0.0,0.0
SAL13201,Perthville,NSW,567.0,55.31,340.0,340.0,340.0
SAL13202,Petersham,NSW,8200.0,1.87,450.0,450.0,450.0
SAL13203,Pheasants Nest,NSW,716.0,47.82,430.0,430.0,430.0
SAL13204,Phegans Bay,NSW,406.0,0.81,460.0,460.0,460.0
SAL13205,Phillip Bay,NSW,721.0,0.91,313.0,313.0,313.0
SAL13206,Phoenix Park,NSW,77.0,7.41,470.0,470.0,470.0
SAL13207,Piallamore,NSW,276.0,56.16,450.0,450.0,450.0
SAL13208,Piallaway,NSW,128.0,404.04,144.0,144.0,144.0
SAL13209,Piambong,NSW,157.0,323.96,250.0,250.0,250.0
SAL13210,Picketts Valley,NSW,221.0,2.6,1025.0,1025.0,1025.0
SAL13211,Picnic Point,NSW,6413.0,5.63,580.0,580.0,580.0
SAL13212,Picton (Nsw),NSW,5282.0,61.95,375.0,375.0,375.0
SAL13213,Pigeonbah,NSW,12.0,298.9,0.0,0.0,0.0
SAL13214,Piggabeen,NSW,333.0,12.56,395.0,395.0,395.0
SAL13215,Pikapene,NSW,5.0,46.63,0.0,0.0,0.0
SAL13216,Pillar Valley,NSW,352.0,261.18,250.0,250.0,250.0
SAL13217,Pilliga,NSW,175.0,1711.59,189.0,189.0,189.0
SAL13218,Pilot Wilderness,NSW,0.0,290.04,0.0,0.0,0.0
SAL13219,Pimlico (Nsw),NSW,358.0,34.26,395.0,395.0,395.0
SAL13220,Pimlico Island,NSW,0.0,0.97,0.0,0.0,0.0
SAL13221,Pinbeyan,NSW,0.0,266.66,0.0,0.0,0.0
SAL13222,Pindaroi,NSW,53.0,375.47,175.0,175.0,175.0
SAL13223,Pindimar,NSW,345.0,43.72,350.0,350.0,350.0
SAL13224,Pine Camp,NSW,10.0,2685.22,0.0,0.0,0.0
SAL13225,Pine Clump,NSW,11.0,233.35,0.0,0.0,0.0
SAL13226,Pine Grove (Nsw),NSW,3.0,150.76,0.0,0.0,0.0
SAL13227,Pine Lodge (Nsw),NSW,38.0,98.76,155.0,155.0,155.0
SAL13228,Pine Ridge,NSW,96.0,288.56,210.0,210.0,210.0
SAL13229,Pine Valley,NSW,30.0,4.57,280.0,280.0,280.0
SAL13230,Piney Range,NSW,63.0,352.15,250.0,250.0,250.0
SAL13231,Pinkett,NSW,77.0,167.82,150.0,150.0,150.0
SAL13232,Pinnacle (Nsw),NSW,30.0,186.45,150.0,150.0,150.0
SAL13233,Pinnacle Swamp,NSW,40.0,69.92,0.0,0.0,0.0
SAL13234,Pinny Beach,NSW,0.0,6.9,0.0,0.0,0.0
SAL13235,Piora,NSW,71.0,52.23,235.0,235.0,235.0
SAL13236,Pipeclay,NSW,102.0,42.55,400.0,400.0,400.0
SAL13237,Pitnacree,NSW,48.0,3.66,450.0,450.0,450.0
SAL13238,Pitt Town,NSW,3871.0,18.2,570.0,570.0,570.0
SAL13239,Pitt Town Bottoms,NSW,85.0,8.27,600.0,600.0,600.0
SAL13240,Pleasant Hills,NSW,127.0,302.4,150.0,150.0,150.0
SAL13241,Pleasure Point,NSW,606.0,2.26,500.0,500.0,500.0
SAL13242,Plumpton (Nsw),NSW,10070.0,4.29,430.0,430.0,430.0
SAL13243,Point Clare,NSW,3974.0,4.8,380.0,380.0,380.0
SAL13244,Point Frederick,NSW,2043.0,0.86,390.0,390.0,390.0
SAL13245,Point Piper,NSW,1334.0,0.56,900.0,900.0,900.0
SAL13246,Point Wolstoncroft,NSW,0.0,1.62,0.0,0.0,0.0
SAL13247,Pointer Mountain,NSW,14.0,64.95,0.0,0.0,0.0
SAL13248,Pokolbin,NSW,1049.0,178.83,600.0,600.0,600.0
SAL13249,Pola Creek,NSW,86.0,10.04,280.0,280.0,280.0
SAL13250,Polo Flat,NSW,13.0,4.36,180.0,180.0,180.0
SAL13251,Pomeroy,NSW,94.0,66.39,100.0,100.0,100.0
SAL13252,Pomona (Nsw),NSW,167.0,11.56,145.0,145.0,145.0
SAL13253,Ponto,NSW,53.0,95.32,200.0,200.0,200.0
SAL13254,Pooncarie,NSW,226.0,7518.63,205.0,205.0,205.0
SAL13255,Port Botany,NSW,0.0,1.79,0.0,0.0,0.0
SAL13256,Port Hacking,NSW,1210.0,0.59,795.0,795.0,795.0
SAL13257,Port Kembla,NSW,5088.0,20.39,340.0,340.0,340.0
SAL13258,Port Macquarie,NSW,47693.0,73.23,380.0,380.0,380.0
SAL13259,Port Stephens,NSW,0.0,5.72,0.0,0.0,0.0
SAL13260,Porters Creek,NSW,0.0,42.91,0.0,0.0,0.0
SAL13261,Porters Retreat,NSW,64.0,155.93,590.0,590.0,590.0
SAL13262,Portland (Nsw),NSW,2447.0,142.13,250.0,250.0,250.0
SAL13263,Possum Brush,NSW,145.0,93.63,280.0,280.0,280.0
SAL13264,Possum Creek,NSW,277.0,14.65,540.0,540.0,540.0
SAL13265,Potato Point,NSW,156.0,18.1,340.0,340.0,340.0
SAL13266,Pottery Estate,NSW,112.0,0.62,275.0,275.0,275.0
SAL13267,Potts Hill,NSW,1454.0,1.64,500.0,500.0,500.0
SAL13268,Potts Point,NSW,7183.0,0.91,490.0,490.0,490.0
SAL13269,Pottsville,NSW,7238.0,16.37,500.0,500.0,500.0
SAL13270,Prairiewood,NSW,3457.0,3.1,433.0,433.0,433.0
SAL13271,Premer,NSW,126.0,240.6,210.0,210.0,210.0
SAL13272,Prestons,NSW,15694.0,13.42,520.0,520.0,520.0
SAL13273,Pretty Beach (Central Coast - Nsw),NSW,314.0,0.76,428.0,428.0,428.0
SAL13274,Pretty Beach (Shoalhaven - Nsw),NSW,0.0,5.82,0.0,0.0,0.0
SAL13275,Pretty Pine,NSW,59.0,245.1,255.0,255.0,255.0
SAL13276,Primbee,NSW,1623.0,4.75,350.0,350.0,350.0
SAL13277,Primrose Valley,NSW,155.0,148.95,360.0,360.0,360.0
SAL13278,Prospect (Nsw),NSW,5187.0,3.75,435.0,435.0,435.0
SAL13279,Providence Portal,NSW,6.0,577.32,0.0,0.0,0.0
SAL13280,Pucawan,NSW,36.0,117.91,150.0,150.0,150.0
SAL13281,Puddledock,NSW,41.0,28.3,220.0,220.0,220.0
SAL13282,Pulganbar,NSW,5.0,100.69,0.0,0.0,0.0
SAL13283,Pullabooka,NSW,52.0,295.9,240.0,240.0,240.0
SAL13284,Pulletop,NSW,64.0,188.02,150.0,150.0,150.0
SAL13285,Pumpenbil,NSW,247.0,52.87,350.0,350.0,350.0
SAL13286,Punchbowl (Canterbury-Bankstown - Nsw),NSW,21384.0,6.29,380.0,380.0,380.0
SAL13287,Punchbowl (Clarence Valley - Nsw),NSW,3.0,46.9,0.0,0.0,0.0
SAL13288,Purfleet,NSW,107.0,0.54,185.0,185.0,185.0
SAL13289,Purlewaugh,NSW,81.0,485.65,170.0,170.0,170.0
SAL13290,Putney,NSW,4097.0,2.19,700.0,700.0,700.0
SAL13291,Putta Bucca,NSW,190.0,6.14,470.0,470.0,470.0
SAL13292,Putty,NSW,126.0,714.88,500.0,500.0,500.0
SAL13293,Pyangle,NSW,37.0,111.52,320.0,320.0,320.0
SAL13294,Pymble,NSW,11775.0,9.52,630.0,630.0,630.0
SAL13295,Pyramul,NSW,60.0,234.55,0.0,0.0,0.0
SAL13296,Pyree,NSW,110.0,32.69,360.0,360.0,360.0
SAL13297,Pyrmont,NSW,12658.0,1.35,580.0,580.0,580.0
SAL13298,Quaama,NSW,291.0,57.21,250.0,250.0,250.0
SAL13299,Quakers Hill,NSW,27893.0,13.28,450.0,450.0,450.0
SAL13300,Quambone,NSW,128.0,1631.51,80.0,80.0,80.0
SAL13301,Quanda,NSW,19.0,246.4,0.0,0.0,0.0
SAL13302,Quandary,NSW,57.0,186.51,125.0,125.0,125.0
SAL13303,Quandialla,NSW,163.0,339.6,140.0,140.0,140.0
SAL13304,Queanbeyan,NSW,6409.0,4.22,340.0,340.0,340.0
SAL13305,Queanbeyan East,NSW,4240.0,6.34,310.0,310.0,310.0
SAL13306,Queanbeyan West,NSW,3146.0,4.31,350.0,350.0,350.0
SAL13307,Queens Park (Nsw),NSW,3143.0,1.23,682.0,682.0,682.0
SAL13308,Queens Pinch,NSW,44.0,63.12,0.0,0.0,0.0
SAL13309,Queenscliff (Nsw),NSW,3407.0,0.61,650.0,650.0,650.0
SAL13310,Quialigo,NSW,292.0,196.26,408.0,408.0,408.0
SAL13311,Quidong,NSW,20.0,139.61,200.0,200.0,200.0
SAL13312,Quiera,NSW,7.0,113.67,0.0,0.0,0.0
SAL13313,Quipolly,NSW,215.0,216.05,250.0,250.0,250.0
SAL13314,Quirindi,NSW,3355.0,573.59,250.0,250.0,250.0
SAL13315,Quorrobolong,NSW,573.0,94.04,430.0,430.0,430.0
SAL13316,Raby,NSW,5943.0,3.88,410.0,410.0,410.0
SAL13317,Raglan (Nsw),NSW,1272.0,19.2,366.0,366.0,366.0
SAL13318,Rainbow Flat,NSW,693.0,44.96,400.0,400.0,400.0
SAL13319,Rainbow Reach,NSW,84.0,20.28,300.0,300.0,300.0
SAL13320,Raleigh,NSW,681.0,52.3,345.0,345.0,345.0
SAL13321,Ramornie,NSW,186.0,280.67,365.0,365.0,365.0
SAL13322,Ramsgate,NSW,1151.0,0.62,550.0,550.0,550.0
SAL13323,Ramsgate Beach,NSW,1734.0,0.59,480.0,480.0,480.0
SAL13324,Rand,NSW,192.0,634.4,120.0,120.0,120.0
SAL13325,Randwick,NSW,28943.0,7.73,572.0,572.0,572.0
SAL13326,Rangari,NSW,42.0,244.79,150.0,150.0,150.0
SAL13327,Rangers Valley,NSW,27.0,166.04,0.0,0.0,0.0
SAL13328,Rankin Park,NSW,2547.0,2.05,450.0,450.0,450.0
SAL13329,Rankins Springs,NSW,208.0,1369.22,143.0,143.0,143.0
SAL13330,Rannock,NSW,78.0,260.4,192.0,192.0,192.0
SAL13331,Rappville,NSW,142.0,61.48,225.0,225.0,225.0
SAL13332,Rathmines,NSW,2076.0,5.79,400.0,400.0,400.0
SAL13333,Ravensdale,NSW,70.0,167.55,375.0,375.0,375.0
SAL13334,Ravenswood (Nsw),NSW,444.0,0.9,200.0,200.0,200.0
SAL13335,Ravensworth (Nsw),NSW,5.0,90.89,0.0,0.0,0.0
SAL13336,Rawdon Island,NSW,142.0,14.64,475.0,475.0,475.0
SAL13337,Rawdon Vale,NSW,15.0,93.19,200.0,200.0,200.0
SAL13338,Raworth,NSW,2094.0,6.43,440.0,440.0,440.0
SAL13339,Rawsonville,NSW,66.0,77.3,200.0,200.0,200.0
SAL13340,Raymond Terrace,NSW,13453.0,57.42,325.0,325.0,325.0
SAL13341,Razorback,NSW,1174.0,67.31,445.0,445.0,445.0
SAL13342,Red Head,NSW,798.0,3.57,400.0,400.0,400.0
SAL13343,Red Hill (Snowy Valleys - Nsw),NSW,4.0,37.05,270.0,270.0,270.0
SAL13344,Red Hill (Tamworth Regional - Nsw),NSW,30.0,198.37,200.0,200.0,200.0
SAL13345,Red Hill (Warren - Nsw),NSW,5.0,54.81,190.0,190.0,190.0
SAL13346,Red Range,NSW,247.0,319.67,220.0,220.0,220.0
SAL13347,Red Rock,NSW,412.0,12.03,320.0,320.0,320.0
SAL13348,Red Rocks,NSW,3.0,13.65,0.0,0.0,0.0
SAL13349,Redbank (Nsw),NSW,404.0,39.75,338.0,338.0,338.0
SAL13350,Redbournberry,NSW,247.0,6.25,365.0,365.0,365.0
SAL13351,Reddestone,NSW,59.0,191.72,865.0,865.0,865.0
SAL13352,Redfern,NSW,13072.0,1.7,500.0,500.0,500.0
SAL13353,Redhead,NSW,3785.0,5.25,420.0,420.0,420.0
SAL13354,Redlands,NSW,36.0,94.72,215.0,215.0,215.0
SAL13355,Reedy Creek (Nsw),NSW,159.0,87.54,210.0,210.0,210.0
SAL13356,Reedy Swamp,NSW,97.0,14.66,240.0,240.0,240.0
SAL13357,Reefton (Nsw),NSW,34.0,212.52,135.0,135.0,135.0
SAL13358,Regents Park (Nsw),NSW,4990.0,2.89,370.0,370.0,370.0
SAL13359,Regentville,NSW,829.0,1.73,400.0,400.0,400.0
SAL13360,Reids Flat,NSW,85.0,259.1,240.0,240.0,240.0
SAL13361,Reidsdale,NSW,121.0,102.91,300.0,300.0,300.0
SAL13362,Rennie,NSW,31.0,174.47,120.0,120.0,120.0
SAL13363,Reno,NSW,131.0,133.1,220.0,220.0,220.0
SAL13364,Renwick,NSW,1453.0,2.06,620.0,620.0,620.0
SAL13365,Repentance Creek,NSW,118.0,9.25,265.0,265.0,265.0
SAL13366,Repton,NSW,667.0,11.96,405.0,405.0,405.0
SAL13367,Reserve Creek,NSW,201.0,21.3,303.0,303.0,303.0
SAL13368,Retreat (Nsw),NSW,45.0,183.56,0.0,0.0,0.0
SAL13369,Revesby,NSW,15268.0,8.17,450.0,450.0,450.0
SAL13370,Revesby Heights,NSW,1916.0,1.17,650.0,650.0,650.0
SAL13371,Rhine Falls,NSW,39.0,67.2,140.0,140.0,140.0
SAL13372,Rhodes,NSW,11453.0,1.46,560.0,560.0,560.0
SAL13373,Richards,NSW,37.0,10.91,210.0,210.0,210.0
SAL13374,Richlands (Nsw),NSW,48.0,45.95,0.0,0.0,0.0
SAL13375,Richmond (Nsw),NSW,5418.0,38.75,375.0,375.0,375.0
SAL13376,Richmond Hill (Nsw),NSW,850.0,8.66,405.0,405.0,405.0
SAL13377,Richmond Lowlands,NSW,55.0,11.07,490.0,490.0,490.0
SAL13378,Richmond Vale,NSW,95.0,39.08,240.0,240.0,240.0
SAL13379,Rileys Hill,NSW,181.0,14.04,360.0,360.0,360.0
SAL13380,Ringwood (Nsw),NSW,37.0,140.71,0.0,0.0,0.0
SAL13381,Riverlea,NSW,32.0,14.79,0.0,0.0,0.0
SAL13382,Riverside (Nsw),NSW,298.0,20.49,415.0,415.0,415.0
SAL13383,Riverstone,NSW,8627.0,9.22,450.0,450.0,450.0
SAL13384,Rivertree,NSW,10.0,229.04,0.0,0.0,0.0
SAL13385,Riverview (Nsw),NSW,3148.0,1.99,1000.0,1000.0,1000.0
SAL13386,Riverwood,NSW,12793.0,5.63,300.0,300.0,300.0
SAL13387,Rixs Creek,NSW,18.0,16.75,265.0,265.0,265.0
SAL13388,Rob Roy,NSW,69.0,52.59,313.0,313.0,313.0
SAL13389,Robertson (Nsw),NSW,2017.0,132.49,443.0,443.0,443.0
SAL13390,Robin Hill,NSW,925.0,11.09,234.0,234.0,234.0
SAL13391,Rock Flat,NSW,73.0,329.42,250.0,250.0,250.0
SAL13392,Rock Forest,NSW,149.0,132.8,203.0,203.0,203.0
SAL13393,Rock Valley,NSW,266.0,49.09,320.0,320.0,320.0
SAL13394,Rockdale,NSW,15475.0,3.56,460.0,460.0,460.0
SAL13395,Rockley,NSW,180.0,144.38,245.0,245.0,245.0
SAL13396,Rockley Mount,NSW,78.0,21.42,250.0,250.0,250.0
SAL13397,Rockton,NSW,22.0,130.51,50.0,50.0,50.0
SAL13398,Rocky Creek (Gwydir - Nsw),NSW,25.0,541.7,0.0,0.0,0.0
SAL13399,Rocky Creek (Inverell - Nsw),NSW,25.0,220.3,0.0,0.0,0.0
SAL13400,Rocky Glen,NSW,65.0,534.21,0.0,0.0,0.0
SAL13401,Rocky Hall,NSW,53.0,95.45,110.0,110.0,110.0
SAL13402,Rocky Plain (Nsw),NSW,69.0,206.19,280.0,280.0,280.0
SAL13403,Rocky Point (Nsw),NSW,275.0,0.18,380.0,380.0,380.0
SAL13404,Rocky River (Tenterfield - Nsw),NSW,35.0,861.26,0.0,0.0,0.0
SAL13405,Rocky River (Uralla - Nsw),NSW,297.0,69.62,220.0,220.0,220.0
SAL13406,Rodd Point,NSW,1380.0,0.54,750.0,750.0,750.0
SAL13407,Rollands Plains,NSW,151.0,52.5,300.0,300.0,300.0
SAL13408,Rookhurst,NSW,60.0,75.01,280.0,280.0,280.0
SAL13409,Rookwood (Nsw),NSW,3.0,4.39,243.0,243.0,243.0
SAL13410,Rooty Hill,NSW,16176.0,9.88,420.0,420.0,420.0
SAL13411,Ropes Crossing,NSW,7280.0,7.98,480.0,480.0,480.0
SAL13412,Rose Bay (Nsw),NSW,9911.0,3.68,630.0,630.0,630.0
SAL13413,Rose Valley (Kiama - Nsw),NSW,87.0,17.11,300.0,300.0,300.0
SAL13414,Rose Valley (Snowy Monaro Regional - Nsw),NSW,32.0,108.19,310.0,310.0,310.0
SAL13415,Rosebank,NSW,423.0,38.8,435.0,435.0,435.0
SAL13416,Roseberg,NSW,39.0,239.58,60.0,60.0,60.0
SAL13417,Roseberry,NSW,25.0,11.39,210.0,210.0,210.0
SAL13418,Roseberry Creek,NSW,57.0,52.54,300.0,300.0,300.0
SAL13419,Rosebery (Nsw),NSW,13533.0,2.81,580.0,580.0,580.0
SAL13420,Rosebrook (Nsw),NSW,73.0,28.85,0.0,0.0,0.0
SAL13421,Rosedale (Nsw),NSW,225.0,7.29,340.0,340.0,340.0
SAL13422,Rosehill (Nsw),NSW,4047.0,5.33,390.0,390.0,390.0
SAL13423,Roselands,NSW,12356.0,4.0,410.0,410.0,410.0
SAL13424,Rosemeadow,NSW,8007.0,4.4,380.0,380.0,380.0
SAL13425,Rosemeath,NSW,26.0,64.61,400.0,400.0,400.0
SAL13426,Roseville,NSW,10340.0,5.69,600.0,600.0,600.0
SAL13427,Roseville Chase,NSW,1618.0,1.84,925.0,925.0,925.0
SAL13428,Rosewood (Port Macquarie-Hastings - Nsw),NSW,221.0,17.63,315.0,315.0,315.0
SAL13429,Rosewood (Snowy Valleys - Nsw),NSW,218.0,227.46,200.0,200.0,200.0
SAL13430,Roslyn,NSW,95.0,217.37,330.0,330.0,330.0
SAL13431,Rossglen,NSW,50.0,6.17,300.0,300.0,300.0
SAL13432,Rossgole,NSW,5.0,87.54,7.0,7.0,7.0
SAL13433,Rossi,NSW,117.0,107.07,458.0,458.0,458.0
SAL13434,Rossmore (Nsw),NSW,2241.0,23.81,500.0,500.0,500.0
SAL13435,Rothbury,NSW,55.0,19.64,325.0,325.0,325.0
SAL13436,Roto,NSW,33.0,4116.22,200.0,200.0,200.0
SAL13437,Rouchel,NSW,137.0,102.05,343.0,343.0,343.0
SAL13438,Rouchel Brook,NSW,22.0,100.57,243.0,243.0,243.0
SAL13439,Roughit,NSW,111.0,15.58,300.0,300.0,300.0
SAL13440,Round Mountain,NSW,148.0,13.79,338.0,338.0,338.0
SAL13441,Round Swamp,NSW,11.0,27.63,0.0,0.0,0.0
SAL13442,Rous,NSW,230.0,16.6,440.0,440.0,440.0
SAL13443,Rous Mill,NSW,204.0,13.03,410.0,410.0,410.0
SAL13444,Rouse Hill,NSW,11349.0,18.56,500.0,500.0,500.0
SAL13445,Rowan,NSW,105.0,45.92,350.0,350.0,350.0
SAL13446,Rowena,NSW,172.0,1639.36,50.0,50.0,50.0
SAL13447,Rowlands Creek,NSW,84.0,35.84,231.0,231.0,231.0
SAL13448,Royal National Park,NSW,42.0,203.51,390.0,390.0,390.0
SAL13449,Royalla,NSW,1063.0,64.86,530.0,530.0,530.0
SAL13450,Rozelle,NSW,8553.0,2.67,650.0,650.0,650.0
SAL13451,Ruby Creek,NSW,65.0,37.85,340.0,340.0,340.0
SAL13452,Rufus,NSW,41.0,2261.82,30.0,30.0,30.0
SAL13453,Rugby,NSW,83.0,304.36,105.0,105.0,105.0
SAL13454,Rukenvale,NSW,15.0,12.38,350.0,350.0,350.0
SAL13455,Run-O-Waters,NSW,605.0,13.68,475.0,475.0,475.0
SAL13456,Running Stream,NSW,120.0,384.89,215.0,215.0,215.0
SAL13457,Runnyford,NSW,28.0,71.46,0.0,0.0,0.0
SAL13458,Ruse,NSW,5632.0,3.79,410.0,410.0,410.0
SAL13459,Rushcutters Bay,NSW,2335.0,0.23,450.0,450.0,450.0
SAL13460,Rushes Creek,NSW,98.0,238.85,190.0,190.0,190.0
SAL13461,Rushforth,NSW,285.0,46.74,420.0,420.0,420.0
SAL13462,Russell Lea,NSW,4920.0,1.46,520.0,520.0,520.0
SAL13463,Russell Vale,NSW,1593.0,3.25,400.0,400.0,400.0
SAL13464,Rutherford,NSW,13091.0,19.08,360.0,360.0,360.0
SAL13465,Ruthven,NSW,114.0,23.2,313.0,313.0,313.0
SAL13466,Ryan (Nsw),NSW,62.0,96.15,69.0,69.0,69.0
SAL13467,Rydal,NSW,163.0,88.12,200.0,200.0,200.0
SAL13468,Rydalmere,NSW,7274.0,5.57,430.0,430.0,430.0
SAL13469,Ryde,NSW,31907.0,10.31,465.0,465.0,465.0
SAL13470,Rye Park,NSW,230.0,482.02,170.0,170.0,170.0
SAL13471,Ryhope,NSW,35.0,2.41,0.0,0.0,0.0
SAL13472,Rylstone,NSW,904.0,176.0,280.0,280.0,280.0
SAL13473,Sackville,NSW,230.0,7.34,415.0,415.0,415.0
SAL13474,Sackville North,NSW,388.0,18.87,400.0,400.0,400.0
SAL13475,Saddleback Mountain,NSW,67.0,9.6,350.0,350.0,350.0
SAL13476,Sadleir,NSW,3243.0,1.31,250.0,250.0,250.0
SAL13477,Safety Beach (Nsw),NSW,1103.0,1.82,500.0,500.0,500.0
SAL13478,Salamander Bay,NSW,4991.0,12.14,380.0,380.0,380.0
SAL13479,Salisbury (Nsw),NSW,50.0,145.25,0.0,0.0,0.0
SAL13480,Salisbury Plains,NSW,61.0,320.38,42.0,42.0,42.0
SAL13481,Sallys Flat,NSW,13.0,77.29,0.0,0.0,0.0
SAL13482,Salt Ash,NSW,1103.0,72.8,310.0,310.0,310.0
SAL13483,Saltwater,NSW,4.0,7.82,0.0,0.0,0.0
SAL13484,San Isidore,NSW,349.0,7.39,350.0,350.0,350.0
SAL13485,San Remo (Nsw),NSW,4434.0,3.27,380.0,380.0,380.0
SAL13486,Sancrox,NSW,602.0,35.27,400.0,400.0,400.0
SAL13487,Sanctuary Point,NSW,7874.0,8.96,360.0,360.0,360.0
SAL13488,Sandbar,NSW,0.0,3.65,0.0,0.0,0.0
SAL13489,Sandgate (Nsw),NSW,276.0,3.28,288.0,288.0,288.0
SAL13490,Sandigo,NSW,87.0,506.15,100.0,100.0,100.0
SAL13491,Sandilands (Nsw),NSW,20.0,23.95,200.0,200.0,200.0
SAL13492,Sandon (Nsw),NSW,9.0,7.51,0.0,0.0,0.0
SAL13493,Sandringham (Nsw),NSW,1275.0,0.72,550.0,550.0,550.0
SAL13494,Sandy Beach,NSW,2913.0,18.07,420.0,420.0,420.0
SAL13495,Sandy Creek (Cobar - Nsw),NSW,25.0,6701.68,160.0,160.0,160.0
SAL13496,Sandy Creek (Upper Hunter Shire - Nsw),NSW,42.0,95.59,260.0,260.0,260.0
SAL13497,Sandy Crossing,NSW,26.0,2.82,0.0,0.0,0.0
SAL13498,Sandy Flat,NSW,97.0,226.98,285.0,285.0,285.0
SAL13499,Sandy Gully (Nsw),NSW,15.0,15.15,0.0,0.0,0.0
SAL13500,Sandy Hill,NSW,44.0,229.81,0.0,0.0,0.0
SAL13501,Sandy Hollow,NSW,188.0,65.17,240.0,240.0,240.0
SAL13502,Sandy Point (Nsw),NSW,597.0,0.58,510.0,510.0,510.0
SAL13503,Sanger,NSW,5.0,78.29,0.0,0.0,0.0
SAL13504,Sans Souci,NSW,10864.0,4.47,500.0,500.0,500.0
SAL13505,Sapphire,NSW,32.0,137.88,330.0,330.0,330.0
SAL13506,Sapphire Beach,NSW,2660.0,10.53,475.0,475.0,475.0
SAL13507,Saratoga,NSW,3982.0,3.42,485.0,485.0,485.0
SAL13508,Sassafras (Nsw),NSW,18.0,174.44,0.0,0.0,0.0
SAL13509,Saumarez,NSW,76.0,36.43,303.0,303.0,303.0
SAL13510,Saumarez Ponds,NSW,416.0,38.4,425.0,425.0,425.0
SAL13511,Savernake,NSW,67.0,591.81,0.0,0.0,0.0
SAL13512,Sawpit Creek,NSW,7.0,48.27,200.0,200.0,200.0
SAL13513,Sawtell,NSW,3788.0,5.0,380.0,380.0,380.0
SAL13514,Sawyers Gully,NSW,542.0,46.83,405.0,405.0,405.0
SAL13515,Scarborough (Nsw),NSW,325.0,3.05,575.0,575.0,575.0
SAL13516,Scheyville,NSW,7.0,10.71,310.0,310.0,310.0
SAL13517,Schofields,NSW,15213.0,12.86,540.0,540.0,540.0
SAL13518,Scone,NSW,5824.0,151.79,290.0,290.0,290.0
SAL13519,Scotia,NSW,12.0,5948.11,176.0,176.0,176.0
SAL13520,Scotland Island,NSW,711.0,0.79,490.0,490.0,490.0
SAL13521,Scotts Creek (Nsw),NSW,25.0,151.16,200.0,200.0,200.0
SAL13522,Scotts Flat,NSW,43.0,10.39,233.0,233.0,233.0
SAL13523,Scotts Head,NSW,986.0,8.75,330.0,330.0,330.0
SAL13524,Seaforth (Nsw),NSW,7384.0,4.51,875.0,875.0,875.0
SAL13525,Seaham,NSW,1011.0,54.68,360.0,360.0,360.0
SAL13526,Seahampton,NSW,292.0,8.6,403.0,403.0,403.0
SAL13527,Seal Rocks,NSW,56.0,27.21,250.0,250.0,250.0
SAL13528,Sebastopol (Nsw),NSW,56.0,188.48,150.0,150.0,150.0
SAL13529,Sedgefield,NSW,254.0,20.82,600.0,600.0,600.0
SAL13530,Seelands,NSW,376.0,37.73,340.0,340.0,340.0
SAL13531,Sefton,NSW,6300.0,2.64,425.0,425.0,425.0
SAL13532,Segenhoe,NSW,219.0,101.01,240.0,240.0,240.0
SAL13533,Seven Hills (Nsw),NSW,20095.0,13.97,400.0,400.0,400.0
SAL13534,Seven Oaks,NSW,56.0,7.02,340.0,340.0,340.0
SAL13535,Sextonville,NSW,30.0,70.71,200.0,200.0,200.0
SAL13536,Shadforth (Nsw),NSW,104.0,26.06,255.0,255.0,255.0
SAL13537,Shallow Bay,NSW,68.0,32.29,350.0,350.0,350.0
SAL13538,Shalvey,NSW,3455.0,2.3,300.0,300.0,300.0
SAL13539,Shanes Park,NSW,384.0,12.68,440.0,440.0,440.0
SAL13540,Shannon Brook,NSW,182.0,83.84,270.0,270.0,270.0
SAL13541,Shannon Vale,NSW,143.0,208.35,300.0,300.0,300.0
SAL13542,Shannondale,NSW,76.0,76.86,380.0,380.0,380.0
SAL13543,Shannons Flat,NSW,87.0,320.08,0.0,0.0,0.0
SAL13544,Shark Creek,NSW,30.0,68.69,100.0,100.0,100.0
SAL13545,Sharps Creek,NSW,13.0,62.22,0.0,0.0,0.0
SAL13546,Sheedys Gully,NSW,136.0,2.33,340.0,340.0,340.0
SAL13547,Shell Cove,NSW,7591.0,14.96,600.0,600.0,600.0
SAL13548,Shellharbour,NSW,3520.0,3.61,420.0,420.0,420.0
SAL13549,Shellharbour City Centre,NSW,457.0,1.08,400.0,400.0,400.0
SAL13550,Shelly Beach (Nsw),NSW,1313.0,1.67,423.0,423.0,423.0
SAL13551,Sherwood (Clarence Valley - Nsw),NSW,68.0,136.98,0.0,0.0,0.0
SAL13552,Sherwood (Kempsey - Nsw),NSW,145.0,20.16,300.0,300.0,300.0
SAL13553,Sherwood (Kyogle - Nsw),NSW,36.0,31.67,200.0,200.0,200.0
SAL13554,Shoal Bay (Nsw),NSW,1815.0,5.69,338.0,338.0,338.0
SAL13555,Shoalhaven Heads,NSW,3248.0,5.84,365.0,365.0,365.0
SAL13556,Shooters Hill,NSW,29.0,158.04,200.0,200.0,200.0
SAL13557,Shortland,NSW,4537.0,9.32,377.0,377.0,377.0
SAL13558,Silent Grove,NSW,11.0,304.85,0.0,0.0,0.0
SAL13559,Silverdale (Nsw),NSW,4543.0,70.51,500.0,500.0,500.0
SAL13560,Silverton (Nsw),NSW,48.0,1609.46,60.0,60.0,60.0
SAL13561,Silverwater (Lake Macquarie - Nsw),NSW,274.0,1.28,380.0,380.0,380.0
SAL13562,Silverwater (Parramatta - Nsw),NSW,3600.0,3.92,450.0,450.0,450.0
SAL13563,Simpkins Creek,NSW,28.0,20.18,300.0,300.0,300.0
SAL13564,Singleton (Nsw),NSW,5185.0,6.16,300.0,300.0,300.0
SAL13565,Singleton Heights,NSW,4896.0,5.35,320.0,320.0,320.0
SAL13566,Singleton Military Area,NSW,581.0,194.41,0.0,0.0,0.0
SAL13567,Singletons Mill,NSW,3.0,8.68,190.0,190.0,190.0
SAL13568,Six Mile Swamp,NSW,0.0,51.95,0.0,0.0,0.0
SAL13569,Skennars Head,NSW,1303.0,9.76,550.0,550.0,550.0
SAL13570,Skillion Flat,NSW,93.0,22.64,450.0,450.0,450.0
SAL13571,Skinners Shoot,NSW,130.0,6.38,460.0,460.0,460.0
SAL13572,Sleepy Hollow,NSW,123.0,15.05,325.0,325.0,325.0
SAL13573,Smeaton Grange,NSW,16.0,4.05,150.0,150.0,150.0
SAL13574,Smiggin Holes,NSW,19.0,0.54,0.0,0.0,0.0
SAL13575,Smithfield (Nsw),NSW,13160.0,12.96,400.0,400.0,400.0
SAL13576,Smiths Creek (Clarence Valley - Nsw),NSW,20.0,44.6,0.0,0.0,0.0
SAL13577,Smiths Creek (Kyogle - Nsw),NSW,55.0,38.8,0.0,0.0,0.0
SAL13578,Smiths Creek (Tweed - Nsw),NSW,345.0,23.72,345.0,345.0,345.0
SAL13579,Smiths Lake,NSW,1332.0,21.74,380.0,380.0,380.0
SAL13580,Smithtown,NSW,625.0,2.25,320.0,320.0,320.0
SAL13581,Snakes Plain,NSW,14.0,121.44,160.0,160.0,160.0
SAL13582,Snowball,NSW,3.0,202.73,0.0,0.0,0.0
SAL13583,Snowy Plain,NSW,0.0,159.65,0.0,0.0,0.0
SAL13584,Sodwalls,NSW,94.0,132.88,365.0,365.0,365.0
SAL13585,Sofala,NSW,111.0,121.93,194.0,194.0,194.0
SAL13586,Soldiers Point,NSW,1564.0,1.54,400.0,400.0,400.0
SAL13587,Somersby,NSW,1087.0,114.89,380.0,380.0,380.0
SAL13588,Somerton (Nsw),NSW,272.0,294.86,285.0,285.0,285.0
SAL13589,South Albury,NSW,1372.0,6.48,200.0,200.0,200.0
SAL13590,South Arm (Clarence Valley - Nsw),NSW,196.0,23.48,275.0,275.0,275.0
SAL13591,South Arm (Nambucca Valley - Nsw),NSW,311.0,132.09,178.0,178.0,178.0
SAL13592,South Ballina,NSW,27.0,3.95,385.0,385.0,385.0
SAL13593,South Bathurst,NSW,1583.0,6.69,310.0,310.0,310.0
SAL13594,South Bowenfels,NSW,1326.0,44.3,370.0,370.0,370.0
SAL13595,South Coogee,NSW,5611.0,1.65,207.0,207.0,207.0
SAL13596,South Durras,NSW,319.0,18.5,320.0,320.0,320.0
SAL13597,South Golden Beach,NSW,887.0,1.21,509.0,509.0,509.0
SAL13598,South Grafton,NSW,6288.0,33.17,280.0,280.0,280.0
SAL13599,South Granville,NSW,5829.0,3.19,263.0,263.0,263.0
SAL13600,South Gundagai,NSW,781.0,326.32,225.0,225.0,225.0
SAL13601,South Gundurimba,NSW,355.0,73.72,300.0,300.0,300.0
SAL13602,South Guyra,NSW,385.0,2.41,230.0,230.0,230.0
SAL13603,South Hurstville,NSW,5221.0,1.52,500.0,500.0,500.0
SAL13604,South Kempsey,NSW,2604.0,90.71,270.0,270.0,270.0
SAL13605,South Lismore,NSW,1775.0,9.58,300.0,300.0,300.0
SAL13606,South Littleton,NSW,317.0,0.64,268.0,268.0,268.0
SAL13607,South Maitland,NSW,432.0,2.44,280.0,280.0,280.0
SAL13608,South Maroota,NSW,613.0,50.28,400.0,400.0,400.0
SAL13609,South Murwillumbah,NSW,1064.0,14.66,390.0,390.0,390.0
SAL13610,South Nowra,NSW,3165.0,12.85,398.0,398.0,398.0
SAL13611,South Pambula,NSW,493.0,12.73,350.0,350.0,350.0
SAL13612,South Penrith,NSW,12005.0,7.34,420.0,420.0,420.0
SAL13613,South Tamworth,NSW,6621.0,5.18,260.0,260.0,260.0
SAL13614,South Turramurra,NSW,3208.0,4.44,795.0,795.0,795.0
SAL13615,South Wentworthville,NSW,6913.0,2.63,450.0,450.0,450.0
SAL13616,South West Rocks,NSW,5058.0,18.64,323.0,323.0,323.0
SAL13617,South Windsor,NSW,5948.0,12.88,360.0,360.0,360.0
SAL13618,South Wolumla,NSW,180.0,144.88,350.0,350.0,350.0
SAL13619,Southampton (Nsw),NSW,33.0,12.87,0.0,0.0,0.0
SAL13620,Southgate,NSW,198.0,46.65,300.0,300.0,300.0
SAL13621,Speers Point,NSW,3400.0,4.35,393.0,393.0,393.0
SAL13622,Speewa,NSW,115.0,189.57,220.0,220.0,220.0
SAL13623,Spencer,NSW,288.0,46.12,295.0,295.0,295.0
SAL13624,Spicers Creek,NSW,55.0,301.5,150.0,150.0,150.0
SAL13625,Spicketts Creek,NSW,32.0,38.49,580.0,580.0,580.0
SAL13626,Splitters Creek,NSW,312.0,50.33,168.0,168.0,168.0
SAL13627,Spring Creek (Nsw),NSW,131.0,22.29,250.0,250.0,250.0
SAL13628,Spring Farm (Nsw),NSW,9868.0,9.29,510.0,510.0,510.0
SAL13629,Spring Flat,NSW,345.0,86.48,375.0,375.0,375.0
SAL13630,Spring Grove,NSW,532.0,47.85,350.0,350.0,350.0
SAL13631,Spring Hill (Orange - Nsw),NSW,526.0,40.27,348.0,348.0,348.0
SAL13632,Spring Hill (Wollongong - Nsw),NSW,92.0,5.2,500.0,500.0,500.0
SAL13633,Spring Mountain (Nsw),NSW,20.0,84.94,274.0,274.0,274.0
SAL13634,Spring Plains,NSW,73.0,716.87,100.0,100.0,100.0
SAL13635,Spring Ridge,NSW,266.0,709.13,231.0,231.0,231.0
SAL13636,Spring Terrace,NSW,123.0,34.62,238.0,238.0,238.0
SAL13637,Springdale (Nsw),NSW,126.0,197.03,200.0,200.0,200.0
SAL13638,Springdale Heights,NSW,2644.0,10.54,253.0,253.0,253.0
SAL13639,Springfield (Central Coast - Nsw),NSW,4310.0,6.6,390.0,390.0,390.0
SAL13640,Springfield (Snowy Monaro Regional - Nsw),NSW,34.0,309.17,168.0,168.0,168.0
SAL13641,Springrange,NSW,498.0,158.59,550.0,550.0,550.0
SAL13642,Springside (Nsw),NSW,303.0,86.67,300.0,300.0,300.0
SAL13643,Springvale (Nsw),NSW,1851.0,24.53,420.0,420.0,420.0
SAL13644,Springwood (Nsw),NSW,8423.0,28.09,400.0,400.0,400.0
SAL13645,St Albans (Nsw),NSW,161.0,154.03,275.0,275.0,275.0
SAL13646,St Andrews (Nsw),NSW,5785.0,3.04,400.0,400.0,400.0
SAL13647,St Clair (Penrith - Nsw),NSW,19942.0,10.46,440.0,440.0,440.0
SAL13648,St Clair (Singleton - Nsw),NSW,17.0,68.54,250.0,250.0,250.0
SAL13649,St Fillans,NSW,259.0,29.1,330.0,330.0,330.0
SAL13650,St George (Nsw),NSW,0.0,134.01,0.0,0.0,0.0
SAL13651,St Georges Basin,NSW,3215.0,67.45,350.0,350.0,350.0
SAL13652,St Helens Park,NSW,6647.0,7.55,400.0,400.0,400.0
SAL13653,St Huberts Island,NSW,1080.0,0.78,560.0,560.0,560.0
SAL13654,St Ives (Nsw),NSW,18384.0,20.67,688.0,688.0,688.0
SAL13655,St Ives Chase,NSW,3283.0,5.04,950.0,950.0,950.0
SAL13656,St Johns Park,NSW,6302.0,2.88,450.0,450.0,450.0
SAL13657,St Leonards (Nsw),NSW,7212.0,1.16,600.0,600.0,600.0
SAL13658,St Marys (Nsw),NSW,13256.0,14.06,365.0,365.0,365.0
SAL13659,St Peters (Nsw),NSW,3629.0,2.52,650.0,650.0,650.0
SAL13660,Stanborough,NSW,85.0,129.26,260.0,260.0,260.0
SAL13661,Stanbridge,NSW,204.0,107.81,175.0,175.0,175.0
SAL13662,Stanford Merthyr,NSW,575.0,1.04,310.0,310.0,310.0
SAL13663,Stanhope (Nsw),NSW,162.0,54.5,385.0,385.0,385.0
SAL13664,Stanhope Gardens,NSW,9349.0,4.12,580.0,580.0,580.0
SAL13665,Stanmore (Nsw),NSW,7619.0,1.77,490.0,490.0,490.0
SAL13666,Stannifer,NSW,75.0,98.23,138.0,138.0,138.0
SAL13667,Stannum,NSW,56.0,98.35,250.0,250.0,250.0
SAL13668,Stanwell Park,NSW,1532.0,4.45,460.0,460.0,460.0
SAL13669,Stanwell Tops,NSW,517.0,6.87,650.0,650.0,650.0
SAL13670,State Mine Gully,NSW,10.0,26.63,0.0,0.0,0.0
SAL13671,Steam Plains,NSW,0.0,963.71,0.0,0.0,0.0
SAL13672,Steeple Flat,NSW,25.0,177.04,0.0,0.0,0.0
SAL13673,Stewarts Brook,NSW,24.0,171.08,300.0,300.0,300.0
SAL13674,Stewarts River,NSW,126.0,19.2,320.0,320.0,320.0
SAL13675,Stockinbingal,NSW,347.0,386.93,155.0,155.0,155.0
SAL13676,Stockrington,NSW,92.0,25.98,520.0,520.0,520.0
SAL13677,Stockton (Nsw),NSW,4046.0,5.24,370.0,370.0,370.0
SAL13678,Stockyard Creek (Nsw),NSW,55.0,62.76,350.0,350.0,350.0
SAL13679,Stokers Siding,NSW,692.0,40.58,350.0,350.0,350.0
SAL13680,Stonehenge (Nsw),NSW,136.0,98.69,200.0,200.0,200.0
SAL13681,Stonequarry,NSW,34.0,45.56,0.0,0.0,0.0
SAL13682,Stony Chute,NSW,156.0,27.36,200.0,200.0,200.0
SAL13683,Stony Creek (Bega Valley - Nsw),NSW,151.0,43.39,330.0,330.0,330.0
SAL13684,Stony Creek (Mid-Western Regional - Nsw),NSW,65.0,30.99,250.0,250.0,250.0
SAL13685,Stony Crossing,NSW,27.0,178.77,0.0,0.0,0.0
SAL13686,Stotts Creek,NSW,10.0,8.71,100.0,100.0,100.0
SAL13687,Stratford (Nsw),NSW,161.0,51.3,250.0,250.0,250.0
SAL13688,Strathcedar,NSW,88.0,24.83,410.0,410.0,410.0
SAL13689,Stratheden,NSW,220.0,61.62,300.0,300.0,300.0
SAL13690,Strathfield (Nsw),NSW,25915.0,9.53,480.0,480.0,480.0
SAL13691,Strathfield South,NSW,3636.0,3.65,460.0,460.0,460.0
SAL13692,Stroud,NSW,988.0,248.69,320.0,320.0,320.0
SAL13693,Stroud Hill,NSW,31.0,21.81,400.0,400.0,400.0
SAL13694,Stroud Road,NSW,242.0,80.37,223.0,223.0,223.0
SAL13695,Stuart Town,NSW,241.0,202.83,200.0,200.0,200.0
SAL13696,Stuarts Point,NSW,766.0,22.86,283.0,283.0,283.0
SAL13697,Stubbo,NSW,270.0,174.27,325.0,325.0,325.0
SAL13698,Stud Park,NSW,54.0,178.03,195.0,195.0,195.0
SAL13699,Suffolk Park,NSW,4222.0,5.43,700.0,700.0,700.0
SAL13700,Sugarloaf (Nsw),NSW,65.0,48.95,335.0,335.0,335.0
SAL13701,Summer Hill (Dungog - Nsw),NSW,128.0,63.4,300.0,300.0,300.0
SAL13702,Summer Hill (Inner West - Nsw),NSW,7288.0,1.75,460.0,460.0,460.0
SAL13703,Summer Hill Creek,NSW,234.0,25.93,360.0,360.0,360.0
SAL13704,Summer Island,NSW,93.0,18.17,450.0,450.0,450.0
SAL13705,Summerland Point,NSW,2708.0,4.37,400.0,400.0,400.0
SAL13706,Sun Valley (Nsw),NSW,234.0,3.32,400.0,400.0,400.0
SAL13707,Sunny Corner,NSW,94.0,62.77,163.0,163.0,163.0
SAL13708,Sunset Strip (Nsw),NSW,42.0,5.16,95.0,95.0,95.0
SAL13709,Sunshine (Nsw),NSW,475.0,1.09,400.0,400.0,400.0
SAL13710,Sunshine Bay,NSW,1439.0,2.02,370.0,370.0,370.0
SAL13711,Suntop,NSW,61.0,163.54,270.0,270.0,270.0
SAL13712,Surf Beach (Nsw),NSW,1934.0,6.64,330.0,330.0,330.0
SAL13713,Surfside,NSW,1456.0,4.21,350.0,350.0,350.0
SAL13714,Surry Hills,NSW,15828.0,1.91,550.0,550.0,550.0
SAL13715,Sussex Inlet,NSW,3888.0,55.39,310.0,310.0,310.0
SAL13716,Sutherland (Nsw),NSW,11570.0,5.21,450.0,450.0,450.0
SAL13717,Sutton (Nsw),NSW,1556.0,217.12,450.0,450.0,450.0
SAL13718,Sutton Forest,NSW,504.0,157.33,300.0,300.0,300.0
SAL13719,Swan Bay (Port Stephens - Nsw),NSW,310.0,44.8,350.0,350.0,350.0
SAL13720,Swan Bay (Richmond Valley - Nsw),NSW,357.0,50.59,310.0,310.0,310.0
SAL13721,Swan Creek (Nsw),NSW,106.0,12.17,310.0,310.0,310.0
SAL13722,Swan Vale,NSW,35.0,125.97,237.0,237.0,237.0
SAL13723,Swanbrook,NSW,9.0,45.17,0.0,0.0,0.0
SAL13724,Swanhaven,NSW,196.0,3.19,280.0,280.0,280.0
SAL13725,Swans Crossing,NSW,0.0,34.61,0.0,0.0,0.0
SAL13726,Swansea (Nsw),NSW,5044.0,6.24,330.0,330.0,330.0
SAL13727,Swansea Heads,NSW,609.0,1.12,380.0,380.0,380.0
SAL13728,Sweetmans Creek,NSW,44.0,15.06,305.0,305.0,305.0
SAL13729,Sydenham (Nsw),NSW,1100.0,0.39,580.0,580.0,580.0
SAL13730,Sydney,NSW,16667.0,4.27,600.0,600.0,600.0
SAL13731,Sydney Olympic Park,NSW,4848.0,9.65,520.0,520.0,520.0
SAL13732,Sylvania,NSW,10749.0,4.91,530.0,530.0,530.0
SAL13733,Sylvania Waters,NSW,3200.0,1.55,600.0,600.0,600.0
SAL13734,Tabbil Creek,NSW,53.0,24.39,405.0,405.0,405.0
SAL13735,Tabbimoble,NSW,33.0,202.51,0.0,0.0,0.0
SAL13736,Tabbita,NSW,76.0,663.59,200.0,200.0,200.0
SAL13737,Table Top,NSW,1516.0,268.08,380.0,380.0,380.0
SAL13738,Tabulam,NSW,508.0,466.33,138.0,138.0,138.0
SAL13739,Tacoma,NSW,615.0,3.12,390.0,390.0,390.0
SAL13740,Tacoma South,NSW,257.0,2.13,440.0,440.0,440.0
SAL13741,Tahlee,NSW,28.0,4.24,210.0,210.0,210.0
SAL13742,Tahmoor,NSW,5777.0,24.9,410.0,410.0,410.0
SAL13743,Talarm,NSW,242.0,39.69,300.0,300.0,300.0
SAL13744,Talawanta,NSW,19.0,1638.23,0.0,0.0,0.0
SAL13745,Talbingo,NSW,224.0,133.87,190.0,190.0,190.0
SAL13746,Tallawang,NSW,165.0,272.63,400.0,400.0,400.0
SAL13747,Tallawong,NSW,6570.0,5.27,575.0,575.0,575.0
SAL13748,Tallimba,NSW,185.0,892.07,100.0,100.0,100.0
SAL13749,Tallong,NSW,914.0,294.5,385.0,385.0,385.0
SAL13750,Tallowal,NSW,0.0,136.89,0.0,0.0,0.0
SAL13751,Tallowwood Ridge,NSW,25.0,64.0,100.0,100.0,100.0
SAL13752,Tallwood,NSW,67.0,50.08,200.0,200.0,200.0
SAL13753,Tallwoods Village,NSW,993.0,3.41,400.0,400.0,400.0
SAL13754,Talmalmo,NSW,44.0,402.23,210.0,210.0,210.0
SAL13755,Talofa,NSW,103.0,7.07,300.0,300.0,300.0
SAL13756,Taloumbi,NSW,96.0,71.75,325.0,325.0,325.0
SAL13757,Tamarama,NSW,1478.0,0.44,850.0,850.0,850.0
SAL13758,Tamban,NSW,94.0,92.78,270.0,270.0,270.0
SAL13759,Tambar Springs,NSW,273.0,1367.8,183.0,183.0,183.0
SAL13760,Tambaroora,NSW,30.0,85.39,50.0,50.0,50.0
SAL13761,Taminda,NSW,57.0,10.49,290.0,290.0,290.0
SAL13762,Tamworth,NSW,189.0,1.69,248.0,248.0,248.0
SAL13763,Tanglewood,NSW,104.0,7.06,463.0,463.0,463.0
SAL13764,Tanilba Bay,NSW,3237.0,18.47,380.0,380.0,380.0
SAL13765,Tanja,NSW,174.0,75.2,203.0,203.0,203.0
SAL13766,Tannas Mount,NSW,47.0,86.09,250.0,250.0,250.0
SAL13767,Tantangara,NSW,0.0,216.86,0.0,0.0,0.0
SAL13768,Tantawangalo,NSW,162.0,310.26,340.0,340.0,340.0
SAL13769,Tantonan,NSW,15.0,264.43,1731.0,1731.0,1731.0
SAL13770,Tapitallee,NSW,625.0,27.93,510.0,510.0,510.0
SAL13771,Tara (Nsw),NSW,47.0,131.84,265.0,265.0,265.0
SAL13772,Taradale (Nsw),NSW,33.0,100.47,0.0,0.0,0.0
SAL13773,Tarago,NSW,510.0,464.77,400.0,400.0,400.0
SAL13774,Taralga,NSW,403.0,175.77,231.0,231.0,231.0
SAL13775,Tarana,NSW,187.0,201.45,280.0,280.0,280.0
SAL13776,Tarban,NSW,13.0,136.55,0.0,0.0,0.0
SAL13777,Tarbuck Bay,NSW,194.0,7.43,430.0,430.0,430.0
SAL13778,Tarcutta,NSW,425.0,621.41,205.0,205.0,205.0
SAL13779,Taree,NSW,16715.0,66.56,289.0,289.0,289.0
SAL13780,Taree South,NSW,326.0,9.93,345.0,345.0,345.0
SAL13781,Taren Point,NSW,1879.0,1.98,650.0,650.0,650.0
SAL13782,Tarlo,NSW,171.0,140.45,260.0,260.0,260.0
SAL13783,Tarraganda,NSW,346.0,19.53,270.0,270.0,270.0
SAL13784,Tarrawanna,NSW,2184.0,3.69,340.0,340.0,340.0
SAL13785,Tarriaro,NSW,102.0,324.07,275.0,275.0,275.0
SAL13786,Tarro,NSW,1703.0,8.22,340.0,340.0,340.0
SAL13787,Tascott,NSW,1675.0,3.07,450.0,450.0,450.0
SAL13788,Tatham,NSW,225.0,88.93,245.0,245.0,245.0
SAL13789,Tathra,NSW,1527.0,32.39,320.0,320.0,320.0
SAL13790,Tatton,NSW,2560.0,2.65,385.0,385.0,385.0
SAL13791,Taylors Arm,NSW,133.0,25.02,225.0,225.0,225.0
SAL13792,Taylors Beach (Nsw),NSW,130.0,7.56,370.0,370.0,370.0
SAL13793,Taylors Flat,NSW,58.0,273.53,0.0,0.0,0.0
SAL13794,Tea Gardens,NSW,3288.0,115.28,365.0,365.0,365.0
SAL13795,Telarah,NSW,2318.0,2.03,300.0,300.0,300.0
SAL13796,Telegraph Point,NSW,604.0,36.09,350.0,350.0,350.0
SAL13797,Telopea,NSW,5356.0,2.13,370.0,370.0,370.0
SAL13798,Temagog,NSW,268.0,115.93,255.0,255.0,255.0
SAL13799,Temora,NSW,4706.0,439.51,240.0,240.0,240.0
SAL13800,Tempe,NSW,3550.0,2.7,600.0,600.0,600.0
SAL13801,Ten Mile Hollow,NSW,6.0,6.61,0.0,0.0,0.0
SAL13802,Tenambit,NSW,3088.0,3.13,345.0,345.0,345.0
SAL13803,Tenandra,NSW,78.0,783.44,320.0,320.0,320.0
SAL13804,Tennyson (Nsw),NSW,379.0,12.56,468.0,468.0,468.0
SAL13805,Tennyson Point,NSW,1247.0,0.65,700.0,700.0,700.0
SAL13806,Tenterden (Nsw),NSW,41.0,103.84,0.0,0.0,0.0
SAL13807,Tenterfield,NSW,4067.0,880.08,250.0,250.0,250.0
SAL13808,Teralba,NSW,2654.0,20.3,363.0,363.0,363.0
SAL13809,Terania Creek,NSW,207.0,26.1,260.0,260.0,260.0
SAL13810,Terara,NSW,305.0,13.14,210.0,210.0,210.0
SAL13811,Teridgerie,NSW,27.0,332.33,150.0,150.0,150.0
SAL13812,Termeil,NSW,273.0,96.17,250.0,250.0,250.0
SAL13813,Terrabella,NSW,14.0,34.55,0.0,0.0,0.0
SAL13814,Terrace Creek,NSW,40.0,57.36,250.0,250.0,250.0
SAL13815,Terragon,NSW,98.0,18.63,300.0,300.0,300.0
SAL13816,Terramungamine,NSW,315.0,283.55,216.0,216.0,216.0
SAL13817,Terranora,NSW,3365.0,15.69,540.0,540.0,540.0
SAL13818,Terreel,NSW,3.0,204.91,240.0,240.0,240.0
SAL13819,Terrey Hills,NSW,3142.0,12.23,600.0,600.0,600.0
SAL13820,Terrigal,NSW,12730.0,13.05,520.0,520.0,520.0
SAL13821,Terry Hie Hie,NSW,76.0,568.09,55.0,55.0,55.0
SAL13822,Teven,NSW,306.0,28.53,400.0,400.0,400.0
SAL13823,Tewinga,NSW,74.0,9.85,350.0,350.0,350.0
SAL13824,Texas (Nsw),NSW,23.0,240.66,100.0,100.0,100.0
SAL13825,Thalgarrah,NSW,166.0,478.5,150.0,150.0,150.0
SAL13826,Tharbogang,NSW,452.0,162.25,231.0,231.0,231.0
SAL13827,The Angle,NSW,86.0,34.31,231.0,231.0,231.0
SAL13828,The Basin (Nsw),NSW,0.0,29.66,0.0,0.0,0.0
SAL13829,The Bight,NSW,60.0,10.51,320.0,320.0,320.0
SAL13830,The Branch,NSW,130.0,151.23,495.0,495.0,495.0
SAL13831,The Brothers,NSW,30.0,184.58,200.0,200.0,200.0
SAL13832,The Channon,NSW,325.0,24.04,250.0,250.0,250.0
SAL13833,The Devils Wilderness,NSW,0.0,155.16,0.0,0.0,0.0
SAL13834,The Entrance,NSW,4244.0,2.38,360.0,360.0,360.0
SAL13835,The Entrance North,NSW,1619.0,1.46,380.0,380.0,380.0
SAL13836,The Freshwater,NSW,5.0,34.76,0.0,0.0,0.0
SAL13837,The Gap (Richmond Valley - Nsw),NSW,0.0,62.55,0.0,0.0,0.0
SAL13838,The Gap (Wagga Wagga - Nsw),NSW,76.0,217.8,240.0,240.0,240.0
SAL13839,The Glen (Nsw),NSW,5.0,10.41,0.0,0.0,0.0
SAL13840,The Gulf,NSW,0.0,712.68,0.0,0.0,0.0
SAL13841,The Hatch,NSW,44.0,17.58,0.0,0.0,0.0
SAL13842,The Hill,NSW,2076.0,0.79,390.0,390.0,390.0
SAL13843,The Junction,NSW,994.0,0.52,470.0,470.0,470.0
SAL13844,The Lagoon,NSW,268.0,127.79,350.0,350.0,350.0
SAL13845,The Marra,NSW,76.0,4081.61,150.0,150.0,150.0
SAL13846,The Meadows,NSW,22.0,23.78,0.0,0.0,0.0
SAL13847,The Oaks,NSW,2982.0,56.88,400.0,400.0,400.0
SAL13848,The Pilliga,NSW,0.0,3735.03,0.0,0.0,0.0
SAL13849,The Pinnacles,NSW,87.0,22.21,300.0,300.0,300.0
SAL13850,The Pocket,NSW,231.0,20.62,470.0,470.0,470.0
SAL13851,The Ponds,NSW,16315.0,6.74,643.0,643.0,643.0
SAL13852,The Ridgeway,NSW,162.0,3.42,625.0,625.0,625.0
SAL13853,The Risk,NSW,31.0,27.13,0.0,0.0,0.0
SAL13854,The Rock,NSW,1347.0,430.84,245.0,245.0,245.0
SAL13855,The Rocks (Bathurst Regional - Nsw),NSW,70.0,58.21,200.0,200.0,200.0
SAL13856,The Rocks (Sydney - Nsw),NSW,629.0,0.3,850.0,850.0,850.0
SAL13857,The Sandon,NSW,0.0,27.05,0.0,0.0,0.0
SAL13858,The Slopes,NSW,327.0,5.06,480.0,480.0,480.0
SAL13859,The Whiteman,NSW,158.0,27.25,415.0,415.0,415.0
SAL13860,Theresa Creek (Nsw),NSW,72.0,45.59,250.0,250.0,250.0
SAL13861,Theresa Park,NSW,600.0,24.57,610.0,610.0,610.0
SAL13862,Thirldene,NSW,34.0,213.99,125.0,125.0,125.0
SAL13863,Thirlmere,NSW,4986.0,48.12,420.0,420.0,420.0
SAL13864,Thirroul,NSW,6348.0,7.13,540.0,540.0,540.0
SAL13865,Thora,NSW,311.0,99.52,260.0,260.0,260.0
SAL13866,Thornleigh,NSW,8898.0,5.61,530.0,530.0,530.0
SAL13867,Thornton (Nsw),NSW,10690.0,23.57,400.0,400.0,400.0
SAL13868,Thredbo,NSW,405.0,540.63,400.0,400.0,400.0
SAL13869,Thrumster,NSW,2382.0,18.0,460.0,460.0,460.0
SAL13870,Thuddungra,NSW,137.0,237.16,245.0,245.0,245.0
SAL13871,Thule,NSW,25.0,385.57,0.0,0.0,0.0
SAL13872,Thumb Creek,NSW,36.0,115.36,95.0,95.0,95.0
SAL13873,Thurgoona,NSW,11028.0,54.58,360.0,360.0,360.0
SAL13874,Thyra,NSW,17.0,122.07,200.0,200.0,200.0
SAL13875,Tianjara,NSW,7.0,121.65,0.0,0.0,0.0
SAL13876,Tibbuc,NSW,41.0,53.54,130.0,130.0,130.0
SAL13877,Tibooburra,NSW,95.0,16117.65,120.0,120.0,120.0
SAL13878,Tichborne,NSW,92.0,149.34,0.0,0.0,0.0
SAL13879,Tichular,NSW,0.0,48.39,0.0,0.0,0.0
SAL13880,Tighes Hill,NSW,1801.0,1.14,400.0,400.0,400.0
SAL13881,Tilba Tilba,NSW,102.0,34.54,200.0,200.0,200.0
SAL13882,Tilbuster,NSW,49.0,53.35,550.0,550.0,550.0
SAL13883,Tilligerry Creek,NSW,0.0,11.15,0.0,0.0,0.0
SAL13884,Tilpa,NSW,46.0,9431.59,0.0,0.0,0.0
SAL13885,Timbarra (Nsw),NSW,36.0,190.15,0.0,0.0,0.0
SAL13886,Timbillica,NSW,12.0,169.16,0.0,0.0,0.0
SAL13887,Timbumburi,NSW,122.0,58.61,513.0,513.0,513.0
SAL13888,Timor (Nsw),NSW,55.0,280.39,235.0,235.0,235.0
SAL13889,Tindarey,NSW,35.0,4593.16,0.0,0.0,0.0
SAL13890,Tinderry,NSW,59.0,414.6,200.0,200.0,200.0
SAL13891,Tingha,NSW,774.0,361.87,180.0,180.0,180.0
SAL13892,Tingira Heights,NSW,2043.0,2.6,400.0,400.0,400.0
SAL13893,Tinonee,NSW,1202.0,22.96,350.0,350.0,350.0
SAL13894,Tinpot,NSW,4.0,159.54,0.0,0.0,0.0
SAL13895,Tintenbar,NSW,618.0,12.89,555.0,555.0,555.0
SAL13896,Tintinhull,NSW,433.0,25.75,330.0,330.0,330.0
SAL13897,Tiona,NSW,10.0,0.93,300.0,300.0,300.0
SAL13898,Tipperary (Nsw),NSW,34.0,44.59,260.0,260.0,260.0
SAL13899,Tiri,NSW,3.0,15.63,0.0,0.0,0.0
SAL13900,Tirrannaville,NSW,235.0,217.01,245.0,245.0,245.0
SAL13901,Titaatee Creek,NSW,23.0,16.92,0.0,0.0,0.0
SAL13902,Tocal,NSW,47.0,29.81,230.0,230.0,230.0
SAL13903,Tocumwal,NSW,2862.0,591.58,250.0,250.0,250.0
SAL13904,Tolbar,NSW,0.0,21.95,0.0,0.0,0.0
SAL13905,Tolland,NSW,3459.0,3.13,220.0,220.0,220.0
SAL13906,Tolwong,NSW,0.0,158.4,0.0,0.0,0.0
SAL13907,Tomago,NSW,269.0,49.59,250.0,250.0,250.0
SAL13908,Tomakin,NSW,1233.0,5.91,350.0,350.0,350.0
SAL13909,Tomalla,NSW,6.0,384.61,0.0,0.0,0.0
SAL13910,Tombong,NSW,0.0,204.87,0.0,0.0,0.0
SAL13911,Tomboye,NSW,36.0,126.07,450.0,450.0,450.0
SAL13912,Tomerong,NSW,1194.0,83.67,300.0,300.0,300.0
SAL13913,Tomewin,NSW,98.0,7.3,435.0,435.0,435.0
SAL13914,Tomingley,NSW,342.0,1177.27,250.0,250.0,250.0
SAL13915,Tomki,NSW,69.0,13.3,285.0,285.0,285.0
SAL13916,Toms Creek,NSW,33.0,82.55,188.0,188.0,188.0
SAL13917,Tonderburine,NSW,112.0,620.92,135.0,135.0,135.0
SAL13918,Tongarra,NSW,141.0,32.56,350.0,350.0,350.0
SAL13919,Toogong,NSW,71.0,134.62,235.0,235.0,235.0
SAL13920,Tooleybuc,NSW,336.0,179.43,210.0,210.0,210.0
SAL13921,Toolijooa,NSW,103.0,12.12,300.0,300.0,300.0
SAL13922,Tooloom,NSW,14.0,78.54,200.0,200.0,200.0
SAL13923,Tooloon,NSW,34.0,680.2,100.0,100.0,100.0
SAL13924,Tooma,NSW,66.0,352.65,250.0,250.0,250.0
SAL13925,Toongabbie (Nsw),NSW,16177.0,6.87,420.0,420.0,420.0
SAL13926,Toongi,NSW,62.0,268.24,320.0,320.0,320.0
SAL13927,Toonumbar,NSW,30.0,132.14,0.0,0.0,0.0
SAL13928,Tooranie,NSW,12.0,272.11,100.0,100.0,100.0
SAL13929,Tooraweenah,NSW,253.0,703.5,148.0,148.0,148.0
SAL13930,Toormina,NSW,6171.0,7.28,335.0,335.0,335.0
SAL13931,Toorooka,NSW,47.0,132.49,0.0,0.0,0.0
SAL13932,Toothdale,NSW,210.0,38.99,280.0,280.0,280.0
SAL13933,Tootool,NSW,51.0,179.49,0.0,0.0,0.0
SAL13934,Toowoon Bay,NSW,543.0,0.79,380.0,380.0,380.0
SAL13935,Topi Topi,NSW,53.0,33.65,350.0,350.0,350.0
SAL13936,Toronto,NSW,5973.0,13.31,320.0,320.0,320.0
SAL13937,Torrington (Nsw),NSW,77.0,346.47,0.0,0.0,0.0
SAL13938,Torryburn (Dungog - Nsw),NSW,131.0,31.3,350.0,350.0,350.0
SAL13939,Torryburn (Uralla - Nsw),NSW,41.0,202.61,64.0,64.0,64.0
SAL13940,Totnes Valley,NSW,29.0,65.95,0.0,0.0,0.0
SAL13941,Tottenham (Nsw),NSW,451.0,2274.52,120.0,120.0,120.0
SAL13942,Touga,NSW,0.0,121.73,0.0,0.0,0.0
SAL13943,Toukley,NSW,4557.0,5.28,340.0,340.0,340.0
SAL13944,Towallum,NSW,0.0,203.09,0.0,0.0,0.0
SAL13945,Towamba,NSW,249.0,208.38,150.0,150.0,150.0
SAL13946,Townsend,NSW,991.0,4.26,365.0,365.0,365.0
SAL13947,Towradgi,NSW,3241.0,2.1,350.0,350.0,350.0
SAL13948,Towrang,NSW,161.0,81.62,390.0,390.0,390.0
SAL13949,Tralee,NSW,0.0,20.34,300.0,300.0,300.0
SAL13950,Trangie,NSW,1073.0,1435.54,180.0,180.0,180.0
SAL13951,Tregeagle,NSW,428.0,26.99,480.0,480.0,480.0
SAL13952,Tregear,NSW,3700.0,2.38,300.0,300.0,300.0
SAL13953,Trenayr,NSW,71.0,14.45,134.0,134.0,134.0
SAL13954,Trentham Cliffs,NSW,85.0,20.23,175.0,175.0,175.0
SAL13955,Trewilga,NSW,24.0,9.24,200.0,200.0,200.0
SAL13956,Triamble,NSW,12.0,362.11,1154.0,1154.0,1154.0
SAL13957,Triangle Flat,NSW,62.0,211.69,175.0,175.0,175.0
SAL13958,Trundle,NSW,568.0,1249.59,170.0,170.0,170.0
SAL13959,Trungley Hall,NSW,80.0,223.53,125.0,125.0,125.0
SAL13960,Trunkey Creek,NSW,118.0,98.63,90.0,90.0,90.0
SAL13961,Tubbamurra,NSW,19.0,71.02,0.0,0.0,0.0
SAL13962,Tubbul,NSW,63.0,197.1,100.0,100.0,100.0
SAL13963,Tucabia,NSW,354.0,46.59,320.0,320.0,320.0
SAL13964,Tucki Tucki,NSW,128.0,22.84,275.0,275.0,275.0
SAL13965,Tuckombil,NSW,285.0,11.52,366.0,366.0,366.0
SAL13966,Tuckurimba,NSW,112.0,20.57,313.0,313.0,313.0
SAL13967,Tuena,NSW,81.0,338.45,180.0,180.0,180.0
SAL13968,Tuggerah,NSW,925.0,13.39,418.0,418.0,418.0
SAL13969,Tuggerawong,NSW,1285.0,2.14,350.0,350.0,350.0
SAL13970,Tugrabakh,NSW,81.0,46.24,195.0,195.0,195.0
SAL13971,Tullakool,NSW,68.0,448.99,115.0,115.0,115.0
SAL13972,Tullamore,NSW,369.0,1917.45,100.0,100.0,100.0
SAL13973,Tullarwalla,NSW,0.0,30.92,0.0,0.0,0.0
SAL13974,Tullera,NSW,271.0,20.3,330.0,330.0,330.0
SAL13975,Tullibigeal,NSW,263.0,1575.91,100.0,100.0,100.0
SAL13976,Tullimbar,NSW,1840.0,6.85,520.0,520.0,520.0
SAL13977,Tulloona,NSW,59.0,475.53,0.0,0.0,0.0
SAL13978,Tullymorgan,NSW,106.0,77.33,138.0,138.0,138.0
SAL13979,Tumbarumba,NSW,1915.0,352.37,220.0,220.0,220.0
SAL13980,Tumbi Umbi,NSW,5369.0,18.85,410.0,410.0,410.0
SAL13981,Tumblong,NSW,225.0,193.42,188.0,188.0,188.0
SAL13982,Tumbulgum,NSW,454.0,11.07,350.0,350.0,350.0
SAL13983,Tumorrama,NSW,20.0,292.95,0.0,0.0,0.0
SAL13984,Tumut,NSW,6613.0,44.43,245.0,245.0,245.0
SAL13985,Tumut Plains,NSW,70.0,13.84,310.0,310.0,310.0
SAL13986,Tuncester,NSW,51.0,14.31,315.0,315.0,315.0
SAL13987,Tuncurry,NSW,6376.0,21.93,310.0,310.0,310.0
SAL13988,Tunglebung,NSW,42.0,63.4,175.0,175.0,175.0
SAL13989,Tuntable Creek,NSW,215.0,25.01,213.0,213.0,213.0
SAL13990,Tuppal,NSW,19.0,139.77,100.0,100.0,100.0
SAL13991,Tura Beach,NSW,3405.0,10.98,420.0,420.0,420.0
SAL13992,Turill,NSW,100.0,570.45,263.0,263.0,263.0
SAL13993,Turlinjah,NSW,144.0,20.4,275.0,275.0,275.0
SAL13994,Turners Flat,NSW,169.0,34.31,350.0,350.0,350.0
SAL13995,Turondale,NSW,103.0,120.13,418.0,418.0,418.0
SAL13996,Tuross,NSW,23.0,164.6,0.0,0.0,0.0
SAL13997,Tuross Head,NSW,2353.0,24.29,330.0,330.0,330.0
SAL13998,Turramurra,NSW,12850.0,8.7,590.0,590.0,590.0
SAL13999,Turrawan,NSW,83.0,113.81,0.0,0.0,0.0
SAL14000,Turrella,NSW,2673.0,0.93,520.0,520.0,520.0
SAL14001,Turvey Park,NSW,3572.0,5.62,338.0,338.0,338.0
SAL14002,Tweed Heads,NSW,9176.0,4.86,403.0,403.0,403.0
SAL14003,Tweed Heads South,NSW,7941.0,10.72,390.0,390.0,390.0
SAL14004,Tweed Heads West,NSW,6176.0,12.88,350.0,350.0,350.0
SAL14005,Twelve Mile,NSW,25.0,247.34,0.0,0.0,0.0
SAL14006,Twelve Mile Creek,NSW,159.0,32.06,273.0,273.0,273.0
SAL14007,Twelve Mile Peg,NSW,0.0,117.3,0.0,0.0,0.0
SAL14008,Twenty Forests,NSW,0.0,12.84,0.0,0.0,0.0
SAL14009,Twin Rivers,NSW,38.0,376.79,0.0,0.0,0.0
SAL14010,Two Mile Flat,NSW,59.0,26.19,300.0,300.0,300.0
SAL14011,Tyagarah,NSW,194.0,23.09,337.0,337.0,337.0
SAL14012,Tyalgum,NSW,521.0,39.96,390.0,390.0,390.0
SAL14013,Tyalgum Creek,NSW,129.0,40.91,350.0,350.0,350.0
SAL14014,Tygalgah,NSW,116.0,23.88,400.0,400.0,400.0
SAL14015,Tyndale,NSW,190.0,55.73,250.0,250.0,250.0
SAL14016,Tyringham,NSW,109.0,112.96,133.0,133.0,133.0
SAL14017,Uarbry,NSW,38.0,240.83,208.0,208.0,208.0
SAL14018,Uki,NSW,685.0,21.2,400.0,400.0,400.0
SAL14019,Ulamambri,NSW,189.0,450.57,175.0,175.0,175.0
SAL14020,Ulan,NSW,81.0,413.85,370.0,370.0,370.0
SAL14021,Ulladulla,NSW,7262.0,20.42,340.0,340.0,340.0
SAL14022,Ulmarra,NSW,749.0,80.15,260.0,260.0,260.0
SAL14023,Ulong,NSW,215.0,46.6,275.0,275.0,275.0
SAL14024,Ultimo,NSW,7410.0,0.81,500.0,500.0,500.0
SAL14025,Umina Beach,NSW,17372.0,10.08,400.0,400.0,400.0
SAL14026,Unanderra,NSW,5476.0,9.59,285.0,285.0,285.0
SAL14027,Underbank,NSW,16.0,71.12,268.0,268.0,268.0
SAL14028,Undercliffe,NSW,27.0,51.88,280.0,280.0,280.0
SAL14029,Ungarie,NSW,396.0,1239.38,100.0,100.0,100.0
SAL14030,Unumgar,NSW,20.0,54.95,225.0,225.0,225.0
SAL14031,Upper Allyn,NSW,17.0,205.73,0.0,0.0,0.0
SAL14032,Upper Bingara,NSW,21.0,114.3,0.0,0.0,0.0
SAL14033,Upper Burringbar,NSW,289.0,23.48,350.0,350.0,350.0
SAL14034,Upper Bylong,NSW,5.0,201.57,0.0,0.0,0.0
SAL14035,Upper Colo,NSW,48.0,80.18,200.0,200.0,200.0
SAL14036,Upper Coopers Creek,NSW,78.0,9.77,300.0,300.0,300.0
SAL14037,Upper Copmanhurst,NSW,99.0,30.83,239.0,239.0,239.0
SAL14038,Upper Corindi,NSW,158.0,86.27,400.0,400.0,400.0
SAL14039,Upper Crystal Creek,NSW,212.0,30.72,400.0,400.0,400.0
SAL14040,Upper Dartbrook,NSW,152.0,312.39,235.0,235.0,235.0
SAL14041,Upper Duck Creek,NSW,0.0,66.99,0.0,0.0,0.0
SAL14042,Upper Duroby,NSW,118.0,7.19,725.0,725.0,725.0
SAL14043,Upper Eden Creek,NSW,45.0,68.08,137.0,137.0,137.0
SAL14044,Upper Fine Flower,NSW,46.0,260.55,200.0,200.0,200.0
SAL14045,Upper Growee,NSW,8.0,24.18,0.0,0.0,0.0
SAL14046,Upper Horseshoe Creek,NSW,118.0,55.48,220.0,220.0,220.0
SAL14047,Upper Horton,NSW,138.0,799.42,100.0,100.0,100.0
SAL14048,Upper Kangaroo River,NSW,151.0,52.16,500.0,500.0,500.0
SAL14049,Upper Kangaroo Valley,NSW,3.0,20.88,200.0,200.0,200.0
SAL14050,Upper Karuah River,NSW,3.0,253.17,0.0,0.0,0.0
SAL14051,Upper Lansdowne,NSW,533.0,117.03,300.0,300.0,300.0
SAL14052,Upper Macdonald,NSW,42.0,79.73,0.0,0.0,0.0
SAL14053,Upper Main Arm,NSW,283.0,21.83,390.0,390.0,390.0
SAL14054,Upper Mangrove,NSW,0.0,62.82,0.0,0.0,0.0
SAL14055,Upper Manilla,NSW,105.0,253.89,150.0,150.0,150.0
SAL14056,Upper Mongogarie,NSW,24.0,128.1,200.0,200.0,200.0
SAL14057,Upper Myall,NSW,38.0,74.68,450.0,450.0,450.0
SAL14058,Upper Nile,NSW,12.0,315.42,0.0,0.0,0.0
SAL14059,Upper Orara,NSW,863.0,148.05,350.0,350.0,350.0
SAL14060,Upper Pappinbarra,NSW,48.0,136.0,0.0,0.0,0.0
SAL14061,Upper Rollands Plains,NSW,150.0,98.45,320.0,320.0,320.0
SAL14062,Upper Rouchel,NSW,73.0,346.56,190.0,190.0,190.0
SAL14063,Upper Taylors Arm,NSW,126.0,54.88,235.0,235.0,235.0
SAL14064,Upper Tooloom,NSW,57.0,327.45,150.0,150.0,150.0
SAL14065,Upper Turon,NSW,13.0,63.58,0.0,0.0,0.0
SAL14066,Upper Wilsons Creek,NSW,79.0,12.14,490.0,490.0,490.0
SAL14067,Upsalls Creek,NSW,116.0,18.85,290.0,290.0,290.0
SAL14068,Uralba,NSW,266.0,15.22,265.0,265.0,265.0
SAL14069,Uralla (Nsw),NSW,2728.0,262.35,250.0,250.0,250.0
SAL14070,Urana,NSW,329.0,1616.02,110.0,110.0,110.0
SAL14071,Urangeline,NSW,31.0,229.47,0.0,0.0,0.0
SAL14072,Urangeline East,NSW,37.0,147.41,0.0,0.0,0.0
SAL14073,Uranquinty,NSW,910.0,198.75,300.0,300.0,300.0
SAL14074,Urawilkie,NSW,5.0,696.57,200.0,200.0,200.0
SAL14075,Urbenville,NSW,331.0,237.26,220.0,220.0,220.0
SAL14076,Uriarra,NSW,31.0,308.79,700.0,700.0,700.0
SAL14077,Urila,NSW,110.0,61.69,400.0,400.0,400.0
SAL14078,Urliup,NSW,193.0,19.96,438.0,438.0,438.0
SAL14079,Urunga,NSW,3185.0,65.58,340.0,340.0,340.0
SAL14080,Utungun,NSW,194.0,37.69,262.0,262.0,262.0
SAL14081,Vacy,NSW,719.0,92.34,265.0,265.0,265.0
SAL14082,Vale Of Clwydd,NSW,465.0,3.11,280.0,280.0,280.0
SAL14083,Valentine,NSW,5773.0,7.0,490.0,490.0,490.0
SAL14084,Valery,NSW,53.0,45.73,209.0,209.0,209.0
SAL14085,Valla,NSW,1052.0,109.21,310.0,310.0,310.0
SAL14086,Valla Beach,NSW,1455.0,4.51,400.0,400.0,400.0
SAL14087,Valley Heights,NSW,1188.0,3.16,400.0,400.0,400.0
SAL14088,Varroville,NSW,134.0,10.6,610.0,610.0,610.0
SAL14089,Vaucluse,NSW,9510.0,4.52,700.0,700.0,700.0
SAL14090,Verges Creek,NSW,298.0,31.46,255.0,255.0,255.0
SAL14091,Verona,NSW,286.0,101.72,260.0,260.0,260.0
SAL14092,Villawood,NSW,7051.0,5.71,210.0,210.0,210.0
SAL14093,Vincentia,NSW,3870.0,19.87,425.0,425.0,425.0
SAL14094,Vineyard,NSW,1143.0,15.36,450.0,450.0,450.0
SAL14095,Violet Hill,NSW,0.0,13.63,0.0,0.0,0.0
SAL14096,Vittoria (Nsw),NSW,59.0,110.86,146.0,146.0,146.0
SAL14097,Voyager Point,NSW,1678.0,2.52,325.0,325.0,325.0
SAL14098,Wadalba,NSW,4204.0,5.48,480.0,480.0,480.0
SAL14099,Wadbilliga,NSW,0.0,404.06,0.0,0.0,0.0
SAL14100,Wadeville,NSW,177.0,16.87,175.0,175.0,175.0
SAL14101,Wagga Wagga,NSW,7198.0,13.25,295.0,295.0,295.0
SAL14102,Wagstaffe,NSW,240.0,0.57,410.0,410.0,410.0
SAL14103,Wahroonga,NSW,17853.0,14.13,600.0,600.0,600.0
SAL14104,Waitara,NSW,7837.0,1.1,490.0,490.0,490.0
SAL14105,Waitui,NSW,89.0,21.64,325.0,325.0,325.0
SAL14106,Wakefield,NSW,144.0,25.82,353.0,353.0,353.0
SAL14107,Wakeley,NSW,4893.0,2.37,450.0,450.0,450.0
SAL14108,Wakool,NSW,262.0,454.93,150.0,150.0,150.0
SAL14109,Walang,NSW,109.0,37.74,208.0,208.0,208.0
SAL14110,Walbundrie,NSW,156.0,350.76,210.0,210.0,210.0
SAL14111,Walcha,NSW,2475.0,4427.15,203.0,203.0,203.0
SAL14112,Walcha Road,NSW,72.0,159.05,200.0,200.0,200.0
SAL14113,Waldegrave,NSW,33.0,14.62,320.0,320.0,320.0
SAL14114,Walgett,NSW,1824.0,8780.8,175.0,175.0,175.0
SAL14115,Walla Walla,NSW,811.0,425.66,230.0,230.0,230.0
SAL14116,Wallabadah,NSW,382.0,522.42,240.0,240.0,240.0
SAL14117,Wallabi Point,NSW,938.0,5.89,408.0,408.0,408.0
SAL14118,Wallacetown,NSW,5.0,12.92,0.0,0.0,0.0
SAL14119,Wallacia,NSW,1711.0,37.14,400.0,400.0,400.0
SAL14120,Wallaga Lake,NSW,587.0,18.96,320.0,320.0,320.0
SAL14121,Wallagoot,NSW,597.0,58.45,370.0,370.0,370.0
SAL14122,Wallalong,NSW,1049.0,20.4,375.0,375.0,375.0
SAL14123,Wallamore,NSW,84.0,30.63,295.0,295.0,295.0
SAL14124,Wallanbah,NSW,70.0,54.08,250.0,250.0,250.0
SAL14125,Wallangra,NSW,93.0,522.93,290.0,290.0,290.0
SAL14126,Wallanthery,NSW,50.0,1690.04,320.0,320.0,320.0
SAL14127,Wallarah,NSW,344.0,9.45,525.0,525.0,525.0
SAL14128,Wallaringa,NSW,14.0,37.57,250.0,250.0,250.0
SAL14129,Wallarobba,NSW,174.0,69.86,350.0,350.0,350.0
SAL14130,Wallaroo (Nsw),NSW,576.0,136.53,440.0,440.0,440.0
SAL14131,Wallendbeen,NSW,299.0,321.94,200.0,200.0,200.0
SAL14132,Wallerawang,NSW,2019.0,96.53,275.0,275.0,275.0
SAL14133,Walleroobie,NSW,53.0,340.54,175.0,175.0,175.0
SAL14134,Wallingat,NSW,4.0,88.79,0.0,0.0,0.0
SAL14135,Wallis Lake,NSW,6.0,116.27,0.0,0.0,0.0
SAL14136,Wallsend,NSW,13244.0,15.95,375.0,375.0,375.0
SAL14137,Walmer (Nsw),NSW,52.0,169.63,185.0,185.0,185.0
SAL14138,Wamban,NSW,120.0,291.86,220.0,220.0,220.0
SAL14139,Wambangalang,NSW,68.0,386.62,230.0,230.0,230.0
SAL14140,Wamberal,NSW,6991.0,12.62,500.0,500.0,500.0
SAL14141,Wamboin,NSW,1805.0,130.04,520.0,520.0,520.0
SAL14142,Wambool,NSW,38.0,31.71,250.0,250.0,250.0
SAL14143,Wambrook,NSW,48.0,126.19,0.0,0.0,0.0
SAL14144,Wanaaring,NSW,81.0,26342.45,125.0,125.0,125.0
SAL14145,Wandandian,NSW,359.0,25.55,410.0,410.0,410.0
SAL14146,Wandella (Nsw),NSW,141.0,95.31,260.0,260.0,260.0
SAL14147,Wandera,NSW,15.0,6.25,200.0,200.0,200.0
SAL14148,Wandook,NSW,36.0,112.06,0.0,0.0,0.0
SAL14149,Wandsworth,NSW,107.0,457.34,225.0,225.0,225.0
SAL14150,Wang Wauk,NSW,98.0,44.73,380.0,380.0,380.0
SAL14151,Wanganella,NSW,61.0,2252.57,15.0,15.0,15.0
SAL14152,Wanganui,NSW,51.0,3.26,500.0,500.0,500.0
SAL14153,Wangi Wangi,NSW,2920.0,5.22,340.0,340.0,340.0
SAL14154,Wantabadgery,NSW,183.0,364.78,250.0,250.0,250.0
SAL14155,Wantagong,NSW,76.0,510.65,150.0,150.0,150.0
SAL14156,Wantiool,NSW,49.0,113.47,0.0,0.0,0.0
SAL14157,Wapengo,NSW,93.0,115.87,295.0,295.0,295.0
SAL14158,Warabrook,NSW,1982.0,2.13,375.0,375.0,375.0
SAL14159,Waratah (Nsw),NSW,4927.0,2.72,350.0,350.0,350.0
SAL14160,Waratah West,NSW,3142.0,2.23,390.0,390.0,390.0
SAL14161,Warburn,NSW,62.0,214.53,125.0,125.0,125.0
SAL14162,Wardell,NSW,830.0,42.41,350.0,350.0,350.0
SAL14163,Wardrop Valley,NSW,80.0,11.47,298.0,298.0,298.0
SAL14164,Wards Mistake,NSW,27.0,241.16,0.0,0.0,0.0
SAL14165,Wards River,NSW,178.0,127.23,270.0,270.0,270.0
SAL14166,Wareemba,NSW,1519.0,0.46,600.0,600.0,600.0
SAL14167,Warialda,NSW,1480.0,1582.65,230.0,230.0,230.0
SAL14168,Warialda Rail,NSW,182.0,217.84,223.0,223.0,223.0
SAL14169,Warilla,NSW,6226.0,3.67,300.0,300.0,300.0
SAL14170,Warkworth,NSW,42.0,193.9,300.0,300.0,300.0
SAL14171,Warners Bay,NSW,8237.0,7.83,420.0,420.0,420.0
SAL14172,Warnervale,NSW,701.0,18.24,490.0,490.0,490.0
SAL14173,Warrabah,NSW,5.0,274.87,0.0,0.0,0.0
SAL14174,Warraderry,NSW,89.0,468.93,185.0,185.0,185.0
SAL14175,Warragai Creek,NSW,84.0,24.5,260.0,260.0,260.0
SAL14176,Warragamba,NSW,1202.0,7.49,380.0,380.0,380.0
SAL14177,Warragoon,NSW,98.0,258.72,160.0,160.0,160.0
SAL14178,Warrah,NSW,46.0,76.62,298.0,298.0,298.0
SAL14179,Warrah Creek,NSW,78.0,181.66,385.0,385.0,385.0
SAL14180,Warrah Ridge,NSW,84.0,300.82,200.0,200.0,200.0
SAL14181,Warral,NSW,445.0,71.04,263.0,263.0,263.0
SAL14182,Warranulla,NSW,46.0,57.62,0.0,0.0,0.0
SAL14183,Warrawee,NSW,3170.0,1.94,650.0,650.0,650.0
SAL14184,Warrawidgee,NSW,110.0,648.02,180.0,180.0,180.0
SAL14185,Warrawong,NSW,4659.0,3.89,270.0,270.0,270.0
SAL14186,Warrazambil Creek,NSW,19.0,18.51,50.0,50.0,50.0
SAL14187,Warregah Island,NSW,30.0,6.12,250.0,250.0,250.0
SAL14188,Warrell Creek,NSW,265.0,19.63,350.0,350.0,350.0
SAL14189,Warren,NSW,1272.0,331.64,215.0,215.0,215.0
SAL14190,Warri,NSW,144.0,87.38,250.0,250.0,250.0
SAL14191,Warriewood,NSW,8379.0,5.99,750.0,750.0,750.0
SAL14192,Warrimoo,NSW,2452.0,12.43,400.0,400.0,400.0
SAL14193,Warroo (Nsw),NSW,123.0,432.42,150.0,150.0,150.0
SAL14194,Warrumbungle,NSW,0.0,251.82,0.0,0.0,0.0
SAL14195,Warwick Farm,NSW,6135.0,6.71,327.0,327.0,327.0
SAL14196,Washpool (Clarence Valley - Nsw),NSW,0.0,171.04,0.0,0.0,0.0
SAL14197,Washpool (Mid-Coast - Nsw),NSW,38.0,12.34,405.0,405.0,405.0
SAL14198,Watagan,NSW,37.0,33.14,375.0,375.0,375.0
SAL14199,Watanobbi,NSW,3980.0,2.5,380.0,380.0,380.0
SAL14200,Waterfall,NSW,522.0,25.72,515.0,515.0,515.0
SAL14201,Waterloo (Nsw),NSW,16379.0,1.65,530.0,530.0,530.0
SAL14202,Watersleigh,NSW,40.0,4.05,193.0,193.0,193.0
SAL14203,Waterview,NSW,90.0,8.84,245.0,245.0,245.0
SAL14204,Waterview Heights,NSW,1364.0,77.56,300.0,300.0,300.0
SAL14205,Watsons Bay,NSW,883.0,0.88,674.0,674.0,674.0
SAL14206,Watsons Creek (Nsw),NSW,94.0,327.79,0.0,0.0,0.0
SAL14207,Wattamolla,NSW,71.0,24.09,295.0,295.0,295.0
SAL14208,Wattamondara,NSW,214.0,100.2,218.0,218.0,218.0
SAL14209,Wattle Flat (Nsw),NSW,270.0,83.54,215.0,215.0,215.0
SAL14210,Wattle Grove (Nsw),NSW,8886.0,3.77,500.0,500.0,500.0
SAL14211,Wattle Ponds,NSW,1193.0,21.04,519.0,519.0,519.0
SAL14212,Wattle Ridge (Nsw),NSW,0.0,164.04,350.0,350.0,350.0
SAL14213,Watton,NSW,63.0,17.9,360.0,360.0,360.0
SAL14214,Wauchope,NSW,6589.0,24.54,350.0,350.0,350.0
SAL14215,Waugorah,NSW,9.0,945.03,0.0,0.0,0.0
SAL14216,Waukivory,NSW,108.0,115.63,250.0,250.0,250.0
SAL14217,Waverley (Nsw),NSW,4216.0,0.87,630.0,630.0,630.0
SAL14218,Waverly,NSW,77.0,295.94,300.0,300.0,300.0
SAL14219,Waverton,NSW,2981.0,1.02,600.0,600.0,600.0
SAL14220,Way Way,NSW,265.0,63.02,360.0,360.0,360.0
SAL14221,Wayo,NSW,125.0,109.22,120.0,120.0,120.0
SAL14222,Weabonga,NSW,43.0,241.33,0.0,0.0,0.0
SAL14223,Wean,NSW,34.0,299.55,200.0,200.0,200.0
SAL14224,Webbers Creek,NSW,28.0,49.55,0.0,0.0,0.0
SAL14225,Webbs Creek,NSW,55.0,161.78,0.0,0.0,0.0
SAL14226,Wedderburn (Nsw),NSW,665.0,37.14,420.0,420.0,420.0
SAL14227,Wee Jasper,NSW,127.0,633.18,225.0,225.0,225.0
SAL14228,Wee Waa,NSW,2034.0,1258.44,200.0,200.0,200.0
SAL14229,Weedallion,NSW,29.0,91.29,151.0,151.0,151.0
SAL14230,Weemelah,NSW,86.0,760.63,0.0,0.0,0.0
SAL14231,Weetaliba,NSW,67.0,308.36,150.0,150.0,150.0
SAL14232,Weethalle,NSW,268.0,1269.57,130.0,130.0,130.0
SAL14233,Weilmoringle,NSW,72.0,3124.28,103.0,103.0,103.0
SAL14234,Weismantels,NSW,26.0,23.7,260.0,260.0,260.0
SAL14235,Welaregang,NSW,32.0,117.72,60.0,60.0,60.0
SAL14236,Welby,NSW,764.0,2.8,376.0,376.0,376.0
SAL14237,Wellingrove,NSW,95.0,485.9,130.0,130.0,130.0
SAL14238,Wellington (Nsw),NSW,4096.0,22.48,230.0,230.0,230.0
SAL14239,Wellington Vale,NSW,27.0,120.62,0.0,0.0,0.0
SAL14240,Wells Crossing,NSW,212.0,37.01,300.0,300.0,300.0
SAL14241,Wendoree Park,NSW,131.0,3.01,363.0,363.0,363.0
SAL14242,Wentworth (Nsw),NSW,1577.0,2383.05,200.0,200.0,200.0
SAL14243,Wentworth Falls,NSW,6428.0,30.49,430.0,430.0,430.0
SAL14244,Wentworth Point,NSW,12703.0,0.83,500.0,500.0,500.0
SAL14245,Wentworthville,NSW,15098.0,4.53,425.0,425.0,425.0
SAL14246,Werai,NSW,98.0,35.98,400.0,400.0,400.0
SAL14247,Wereboldera,NSW,9.0,85.57,0.0,0.0,0.0
SAL14248,Wermatong,NSW,51.0,52.11,290.0,290.0,290.0
SAL14249,Werombi,NSW,941.0,46.73,550.0,550.0,550.0
SAL14250,Werri Beach,NSW,510.0,0.75,480.0,480.0,480.0
SAL14251,Werrikimbe,NSW,0.0,171.46,0.0,0.0,0.0
SAL14252,Werrington,NSW,5328.0,6.54,360.0,360.0,360.0
SAL14253,Werrington County,NSW,3698.0,3.03,415.0,415.0,415.0
SAL14254,Werrington Downs,NSW,3221.0,1.61,425.0,425.0,425.0
SAL14255,Werris Creek,NSW,1478.0,313.47,220.0,220.0,220.0
SAL14256,West Albury,NSW,3872.0,8.3,255.0,255.0,255.0
SAL14257,West Ballina,NSW,3230.0,12.15,370.0,370.0,370.0
SAL14258,West Bathurst,NSW,3634.0,4.16,310.0,310.0,310.0
SAL14259,West Bungawalbin,NSW,54.0,87.78,200.0,200.0,200.0
SAL14260,West Coraki,NSW,98.0,64.76,350.0,350.0,350.0
SAL14261,West Gosford,NSW,1602.0,6.88,380.0,380.0,380.0
SAL14262,West Haven,NSW,1139.0,2.25,400.0,400.0,400.0
SAL14263,West Hoxton,NSW,10152.0,9.77,530.0,530.0,530.0
SAL14264,West Kempsey,NSW,5073.0,12.88,290.0,290.0,290.0
SAL14265,West Nowra,NSW,1504.0,5.31,350.0,350.0,350.0
SAL14266,West Pennant Hills,NSW,16620.0,13.47,641.0,641.0,641.0
SAL14267,West Pymble,NSW,5441.0,5.34,800.0,800.0,800.0
SAL14268,West Ryde,NSW,13171.0,5.18,400.0,400.0,400.0
SAL14269,West Tamworth,NSW,5471.0,8.55,275.0,275.0,275.0
SAL14270,West Wallsend,NSW,2981.0,24.88,400.0,400.0,400.0
SAL14271,West Wiangaree,NSW,131.0,31.25,230.0,230.0,230.0
SAL14272,West Wollongong,NSW,5223.0,3.04,370.0,370.0,370.0
SAL14273,West Wyalong,NSW,3037.0,1165.5,230.0,230.0,230.0
SAL14274,Westbrook (Nsw),NSW,151.0,131.97,350.0,350.0,350.0
SAL14275,Westdale (Snowy Valleys - Nsw),NSW,0.0,41.68,0.0,0.0,0.0
SAL14276,Westdale (Tamworth Regional - Nsw),NSW,2963.0,71.08,350.0,350.0,350.0
SAL14277,Westleigh,NSW,4501.0,5.54,705.0,705.0,705.0
SAL14278,Westmead,NSW,16555.0,4.25,410.0,410.0,410.0
SAL14279,Weston (Nsw),NSW,4088.0,7.73,320.0,320.0,320.0
SAL14280,Westwood (Nsw),NSW,7.0,72.82,0.0,0.0,0.0
SAL14281,Wetherill Park,NSW,6412.0,16.3,480.0,480.0,480.0
SAL14282,Wetuppa,NSW,6.0,84.69,0.0,0.0,0.0
SAL14283,Whalan,NSW,5929.0,3.52,300.0,300.0,300.0
SAL14284,Whale Beach,NSW,315.0,0.72,950.0,950.0,950.0
SAL14285,Wheeler Heights,NSW,3232.0,1.24,750.0,750.0,750.0
SAL14286,Wheeny Creek,NSW,74.0,79.85,0.0,0.0,0.0
SAL14287,Wheeo,NSW,68.0,123.48,0.0,0.0,0.0
SAL14288,Wherrol Flat,NSW,329.0,197.29,250.0,250.0,250.0
SAL14289,Whian Whian,NSW,179.0,81.45,350.0,350.0,350.0
SAL14290,Whiporie,NSW,114.0,147.45,215.0,215.0,215.0
SAL14291,White Cliffs,NSW,156.0,15706.18,90.0,90.0,90.0
SAL14292,White Rock (Nsw),NSW,807.0,27.47,310.0,310.0,310.0
SAL14293,Whitebridge,NSW,2900.0,7.52,410.0,410.0,410.0
SAL14294,Whiteman Creek,NSW,158.0,40.6,243.0,243.0,243.0
SAL14295,Whitlow,NSW,51.0,344.96,240.0,240.0,240.0
SAL14296,Whittingham,NSW,421.0,56.83,320.0,320.0,320.0
SAL14297,Whitton,NSW,523.0,337.0,200.0,200.0,200.0
SAL14298,Whoota,NSW,73.0,9.51,250.0,250.0,250.0
SAL14299,Wiagdon,NSW,35.0,92.14,0.0,0.0,0.0
SAL14300,Wiangaree,NSW,161.0,17.17,220.0,220.0,220.0
SAL14301,Wiarborough,NSW,18.0,311.79,0.0,0.0,0.0
SAL14302,Wickham (Nsw),NSW,1637.0,1.04,470.0,470.0,470.0
SAL14303,Widden,NSW,87.0,835.45,300.0,300.0,300.0
SAL14304,Widgelli,NSW,91.0,123.81,235.0,235.0,235.0
SAL14305,Wilberforce (Nsw),NSW,2957.0,46.34,410.0,410.0,410.0
SAL14306,Wilbetree,NSW,35.0,59.71,575.0,575.0,575.0
SAL14307,Wilcannia,NSW,735.0,27255.61,155.0,155.0,155.0
SAL14308,Wild Cattle Creek,NSW,0.0,127.79,0.0,0.0,0.0
SAL14309,Wildes Meadow,NSW,249.0,53.12,450.0,450.0,450.0
SAL14310,Wiley Park,NSW,10016.0,1.98,350.0,350.0,350.0
SAL14311,Willala,NSW,55.0,347.25,190.0,190.0,190.0
SAL14312,Willawarrin,NSW,183.0,34.59,290.0,290.0,290.0
SAL14313,Willbriggie,NSW,127.0,443.41,200.0,200.0,200.0
SAL14314,Willi Willi,NSW,28.0,206.28,0.0,0.0,0.0
SAL14315,Williamsdale,NSW,65.0,79.39,400.0,400.0,400.0
SAL14316,Williamtown,NSW,762.0,62.39,320.0,320.0,320.0
SAL14317,Willigobung,NSW,63.0,47.61,355.0,355.0,355.0
SAL14318,Willina,NSW,73.0,20.34,200.0,200.0,200.0
SAL14319,Willmot,NSW,2382.0,1.33,290.0,290.0,290.0
SAL14320,Willoughby (Nsw),NSW,7124.0,2.36,583.0,583.0,583.0
SAL14321,Willoughby East,NSW,1864.0,0.81,873.0,873.0,873.0
SAL14322,Willow Tree,NSW,327.0,184.25,200.0,200.0,200.0
SAL14323,Willow Vale (Kiama - Nsw),NSW,73.0,10.02,600.0,600.0,600.0
SAL14324,Willow Vale (Wingecarribee - Nsw),NSW,826.0,1.9,457.0,457.0,457.0
SAL14325,Willsons Downfall,NSW,31.0,207.94,250.0,250.0,250.0
SAL14326,Willurah,NSW,0.0,521.36,0.0,0.0,0.0
SAL14327,Wilpinjong,NSW,0.0,72.61,0.0,0.0,0.0
SAL14328,Wilsons Creek,NSW,466.0,23.74,300.0,300.0,300.0
SAL14329,Wilton (Nsw),NSW,3767.0,160.19,580.0,580.0,580.0
SAL14330,Wimbledon,NSW,88.0,34.36,350.0,350.0,350.0
SAL14331,Wimborne,NSW,16.0,60.61,165.0,165.0,165.0
SAL14332,Winburndale,NSW,0.0,158.9,0.0,0.0,0.0
SAL14333,Windale,NSW,3421.0,2.93,186.0,186.0,186.0
SAL14334,Windang,NSW,2610.0,3.5,335.0,335.0,335.0
SAL14335,Windella,NSW,845.0,5.55,400.0,400.0,400.0
SAL14336,Windellama,NSW,417.0,468.73,420.0,420.0,420.0
SAL14337,Windera (Nsw),NSW,292.0,4.49,600.0,600.0,600.0
SAL14338,Windermere (Nsw),NSW,64.0,12.88,410.0,410.0,410.0
SAL14339,Windermere Park,NSW,722.0,0.63,380.0,380.0,380.0
SAL14340,Windeyer (Nsw),NSW,187.0,239.39,200.0,200.0,200.0
SAL14341,Windowie,NSW,28.0,30.7,120.0,120.0,120.0
SAL14342,Windradyne,NSW,3309.0,3.64,350.0,350.0,350.0
SAL14343,Windsor (Nsw),NSW,1915.0,5.98,360.0,360.0,360.0
SAL14344,Windsor Downs,NSW,1183.0,10.96,420.0,420.0,420.0
SAL14345,Windy,NSW,0.0,189.71,0.0,0.0,0.0
SAL14346,Winegrove,NSW,28.0,14.52,200.0,200.0,200.0
SAL14347,Wingadee,NSW,28.0,1132.39,240.0,240.0,240.0
SAL14348,Wingello,NSW,647.0,131.55,300.0,300.0,300.0
SAL14349,Wingen,NSW,277.0,207.93,290.0,290.0,290.0
SAL14350,Wingham,NSW,5395.0,85.55,306.0,306.0,306.0
SAL14351,Winifred,NSW,44.0,69.7,260.0,260.0,260.0
SAL14352,Winmalee,NSW,6388.0,13.11,450.0,450.0,450.0
SAL14353,Winston Hills,NSW,12123.0,6.88,530.0,530.0,530.0
SAL14354,Winton (Nsw),NSW,209.0,274.04,325.0,325.0,325.0
SAL14355,Wirlinga,NSW,395.0,62.85,340.0,340.0,340.0
SAL14356,Wirraba,NSW,0.0,370.15,0.0,0.0,0.0
SAL14357,Wirragulla,NSW,25.0,28.5,335.0,335.0,335.0
SAL14358,Wirrimah,NSW,62.0,49.72,0.0,0.0,0.0
SAL14359,Wirrimbi,NSW,160.0,9.45,415.0,415.0,415.0
SAL14360,Wirrinya,NSW,92.0,746.52,150.0,150.0,150.0
SAL14361,Wisemans Creek,NSW,109.0,90.61,300.0,300.0,300.0
SAL14362,Wisemans Ferry,NSW,233.0,19.37,290.0,290.0,290.0
SAL14363,Wittitrin,NSW,56.0,254.68,215.0,215.0,215.0
SAL14364,Wog Wog (Bega Valley - Nsw),NSW,0.0,95.08,0.0,0.0,0.0
SAL14365,Wog Wog (Queanbeyan-Palerang Regional - Nsw),NSW,15.0,108.64,0.0,0.0,0.0
SAL14366,Woko,NSW,9.0,49.46,0.0,0.0,0.0
SAL14367,Wolgan Valley,NSW,71.0,133.8,0.0,0.0,0.0
SAL14368,Wollangambe,NSW,0.0,694.65,0.0,0.0,0.0
SAL14369,Wollar,NSW,52.0,249.32,163.0,163.0,163.0
SAL14370,Wollemi,NSW,0.0,1010.08,0.0,0.0,0.0
SAL14371,Wolli Creek,NSW,10654.0,0.96,540.0,540.0,540.0
SAL14372,Wollogorang,NSW,49.0,129.05,405.0,405.0,405.0
SAL14373,Wollombi,NSW,301.0,90.62,400.0,400.0,400.0
SAL14374,Wollomombi,NSW,119.0,516.3,160.0,160.0,160.0
SAL14375,Wollongbar,NSW,3261.0,23.05,420.0,420.0,420.0
SAL14376,Wollongong,NSW,20446.0,8.49,410.0,410.0,410.0
SAL14377,Wollstonecraft,NSW,8115.0,1.75,576.0,576.0,576.0
SAL14378,Wollumboola,NSW,28.0,52.13,450.0,450.0,450.0
SAL14379,Wollun,NSW,44.0,87.09,275.0,275.0,275.0
SAL14380,Wolumla,NSW,767.0,47.92,318.0,318.0,318.0
SAL14381,Wombarra,NSW,944.0,2.39,600.0,600.0,600.0
SAL14382,Wombat,NSW,280.0,114.22,220.0,220.0,220.0
SAL14383,Wombat Creek (Nsw),NSW,0.0,22.48,0.0,0.0,0.0
SAL14384,Wombeyan Caves,NSW,53.0,329.41,77.0,77.0,77.0
SAL14385,Womboota,NSW,90.0,399.95,200.0,200.0,200.0
SAL14386,Womerah,NSW,0.0,183.55,0.0,0.0,0.0
SAL14387,Wonboyn,NSW,130.0,35.06,300.0,300.0,300.0
SAL14388,Wonboyn North,NSW,0.0,113.06,0.0,0.0,0.0
SAL14389,Wondabyne,NSW,3.0,35.74,0.0,0.0,0.0
SAL14390,Wondalga,NSW,85.0,104.08,250.0,250.0,250.0
SAL14391,Wongarbon,NSW,814.0,240.48,320.0,320.0,320.0
SAL14392,Wongawilli,NSW,1213.0,6.48,600.0,600.0,600.0
SAL14393,Wongo Creek,NSW,47.0,204.98,320.0,320.0,320.0
SAL14394,Wongwibinda,NSW,62.0,532.02,270.0,270.0,270.0
SAL14395,Woodberry,NSW,3024.0,11.9,320.0,320.0,320.0
SAL14396,Woodbine (Nsw),NSW,2780.0,2.36,400.0,400.0,400.0
SAL14397,Woodburn (Richmond Valley - Nsw),NSW,743.0,58.88,340.0,340.0,340.0
SAL14398,Woodburn (Shoalhaven - Nsw),NSW,74.0,52.71,0.0,0.0,0.0
SAL14399,Woodcroft (Nsw),NSW,6597.0,2.46,470.0,470.0,470.0
SAL14400,Woodenbong,NSW,390.0,111.88,200.0,200.0,200.0
SAL14401,Woodford (Nsw),NSW,1953.0,10.48,420.0,420.0,420.0
SAL14402,Woodford Island,NSW,306.0,60.86,290.0,290.0,290.0
SAL14403,Woodhill (Nsw),NSW,94.0,14.73,505.0,505.0,505.0
SAL14404,Woodhouselee,NSW,23.0,54.44,100.0,100.0,100.0
SAL14405,Woodlands (Eurobodalla - Nsw),NSW,59.0,11.17,260.0,260.0,260.0
SAL14406,Woodlands (Wingecarribee - Nsw),NSW,294.0,88.55,325.0,325.0,325.0
SAL14407,Woodlawn,NSW,45.0,6.53,310.0,310.0,310.0
SAL14408,Woodpark,NSW,1706.0,0.56,500.0,500.0,500.0
SAL14409,Woodrising,NSW,1176.0,0.86,378.0,378.0,378.0
SAL14410,Woodside (Nsw),NSW,59.0,165.95,245.0,245.0,245.0
SAL14411,Woodsreef,NSW,59.0,497.09,240.0,240.0,240.0
SAL14412,Woodstock (Cowra - Nsw),NSW,792.0,608.41,185.0,185.0,185.0
SAL14413,Woodstock (Inverell - Nsw),NSW,16.0,110.52,140.0,140.0,140.0
SAL14414,Woodstock (Shoalhaven - Nsw),NSW,248.0,29.52,216.0,216.0,216.0
SAL14415,Woodview,NSW,142.0,53.98,340.0,340.0,340.0
SAL14416,Woodville (Nsw),NSW,440.0,30.34,360.0,360.0,360.0
SAL14417,Woody Head,NSW,7.0,2.07,0.0,0.0,0.0
SAL14418,Woolbrook,NSW,183.0,508.91,170.0,170.0,170.0
SAL14419,Woolgarlo,NSW,42.0,133.33,180.0,180.0,180.0
SAL14420,Woolgoolga,NSW,6151.0,73.42,360.0,360.0,360.0
SAL14421,Wooli,NSW,503.0,41.89,300.0,300.0,300.0
SAL14422,Woollahra,NSW,7189.0,1.79,670.0,670.0,670.0
SAL14423,Woollamia,NSW,653.0,19.11,320.0,320.0,320.0
SAL14424,Woolloomooloo,NSW,3792.0,0.54,500.0,500.0,500.0
SAL14425,Woolners Arm,NSW,23.0,22.51,179.0,179.0,179.0
SAL14426,Woolomin,NSW,260.0,98.89,260.0,260.0,260.0
SAL14427,Woolooma,NSW,35.0,91.14,0.0,0.0,0.0
SAL14428,Woolooware,NSW,5060.0,2.72,550.0,550.0,550.0
SAL14429,Wooloweyah,NSW,419.0,37.61,403.0,403.0,403.0
SAL14430,Woolwich,NSW,833.0,1.02,550.0,550.0,550.0
SAL14431,Woomargama,NSW,173.0,214.63,250.0,250.0,250.0
SAL14432,Woombah,NSW,965.0,93.12,293.0,293.0,293.0
SAL14433,Woongarrah,NSW,5962.0,7.63,510.0,510.0,510.0
SAL14434,Woonona,NSW,12374.0,10.0,395.0,395.0,395.0
SAL14435,Wootton,NSW,228.0,151.34,310.0,310.0,310.0
SAL14436,Wooyung,NSW,139.0,34.23,315.0,315.0,315.0
SAL14437,Worlds End (Nsw),NSW,3.0,42.5,0.0,0.0,0.0
SAL14438,Woronora,NSW,2043.0,2.75,580.0,580.0,580.0
SAL14439,Woronora Dam,NSW,0.0,99.45,0.0,0.0,0.0
SAL14440,Woronora Heights,NSW,2781.0,3.79,750.0,750.0,750.0
SAL14441,Worrigee,NSW,5384.0,25.24,390.0,390.0,390.0
SAL14442,Worrowing Heights,NSW,713.0,20.19,187.0,187.0,187.0
SAL14443,Woy Woy,NSW,11072.0,23.05,380.0,380.0,380.0
SAL14444,Woy Woy Bay,NSW,423.0,11.11,415.0,415.0,415.0
SAL14445,Wrathall,NSW,17.0,145.51,150.0,150.0,150.0
SAL14446,Wrights Beach,NSW,137.0,0.88,415.0,415.0,415.0
SAL14447,Wrights Creek (Nsw),NSW,15.0,115.35,350.0,350.0,350.0
SAL14448,Wuuluman,NSW,859.0,277.25,200.0,200.0,200.0
SAL14449,Wyalong,NSW,620.0,516.32,225.0,225.0,225.0
SAL14450,Wyan,NSW,34.0,105.32,280.0,280.0,280.0
SAL14451,Wyanbene,NSW,41.0,92.4,300.0,300.0,300.0
SAL14452,Wyangala,NSW,216.0,353.61,200.0,200.0,200.0
SAL14453,Wyangle,NSW,54.0,127.53,250.0,250.0,250.0
SAL14454,Wybong,NSW,100.0,151.26,280.0,280.0,280.0
SAL14455,Wybung,NSW,0.0,7.13,0.0,0.0,0.0
SAL14456,Wyee,NSW,2909.0,71.64,360.0,360.0,360.0
SAL14457,Wyee Point,NSW,1171.0,5.24,445.0,445.0,445.0
SAL14458,Wylie Creek,NSW,13.0,98.0,0.0,0.0,0.0
SAL14459,Wylies Flat,NSW,50.0,12.64,295.0,295.0,295.0
SAL14460,Wymah,NSW,30.0,158.44,0.0,0.0,0.0
SAL14461,Wyndham (Nsw),NSW,418.0,202.77,200.0,200.0,200.0
SAL14462,Wyneden,NSW,42.0,31.78,360.0,360.0,360.0
SAL14463,Wyoming,NSW,10111.0,10.27,390.0,390.0,390.0
SAL14464,Wyong,NSW,4530.0,16.4,350.0,350.0,350.0
SAL14465,Wyong Creek,NSW,476.0,38.84,650.0,650.0,650.0
SAL14466,Wyongah,NSW,2020.0,1.53,390.0,390.0,390.0
SAL14467,Wyrallah,NSW,493.0,26.81,360.0,360.0,360.0
SAL14468,Yabbra,NSW,8.0,189.16,0.0,0.0,0.0
SAL14469,Yadboro,NSW,8.0,477.39,0.0,0.0,0.0
SAL14470,Yagon,NSW,0.0,63.6,0.0,0.0,0.0
SAL14471,Yagoona,NSW,19651.0,6.72,400.0,400.0,400.0
SAL14472,Yalbraith,NSW,18.0,42.93,300.0,300.0,300.0
SAL14473,Yallah,NSW,122.0,12.57,165.0,165.0,165.0
SAL14474,Yallaroi,NSW,66.0,600.8,103.0,103.0,103.0
SAL14475,Yalwal,NSW,0.0,187.76,0.0,0.0,0.0
SAL14476,Yamba (Nsw),NSW,6405.0,22.34,400.0,400.0,400.0
SAL14477,Yambulla,NSW,0.0,720.75,0.0,0.0,0.0
SAL14478,Yanco,NSW,744.0,84.21,200.0,200.0,200.0
SAL14479,Yanderra,NSW,702.0,4.03,435.0,435.0,435.0
SAL14480,Yanga,NSW,5.0,795.36,200.0,200.0,200.0
SAL14481,Yankees Creek,NSW,0.0,217.86,0.0,0.0,0.0
SAL14482,Yannergee,NSW,29.0,210.91,0.0,0.0,0.0
SAL14483,Yantabulla,NSW,22.0,4576.14,0.0,0.0,0.0
SAL14484,Yaouk,NSW,20.0,396.14,100.0,100.0,100.0
SAL14485,Yarara,NSW,27.0,122.21,100.0,100.0,100.0
SAL14486,Yarra,NSW,138.0,117.37,230.0,230.0,230.0
SAL14487,Yarrabandai,NSW,33.0,425.86,125.0,125.0,125.0
SAL14488,Yarrabin,NSW,96.0,441.38,37.0,37.0,37.0
SAL14489,Yarragal,NSW,14.0,117.16,163.0,163.0,163.0
SAL14490,Yarragrin,NSW,47.0,276.7,162.0,162.0,162.0
SAL14491,Yarragundry,NSW,72.0,96.76,243.0,243.0,243.0
SAL14492,Yarrahapinni,NSW,196.0,28.02,250.0,250.0,250.0
SAL14493,Yarramalong,NSW,329.0,36.95,410.0,410.0,410.0
SAL14494,Yarraman (Nsw),NSW,10.0,165.09,0.0,0.0,0.0
SAL14495,Yarramundi,NSW,829.0,46.73,660.0,660.0,660.0
SAL14496,Yarranbella,NSW,207.0,61.51,250.0,250.0,250.0
SAL14497,Yarrangobilly,NSW,0.0,264.54,0.0,0.0,0.0
SAL14498,Yarras (Bathurst Regional - Nsw),NSW,9.0,19.28,0.0,0.0,0.0
SAL14499,Yarras (Port Macquarie-Hastings - Nsw),NSW,48.0,105.57,375.0,375.0,375.0
SAL14500,Yarratt Forest,NSW,0.0,46.15,0.0,0.0,0.0
SAL14501,Yarravel,NSW,1182.0,33.7,340.0,340.0,340.0
SAL14502,Yarrawa,NSW,101.0,208.61,231.0,231.0,231.0
SAL14503,Yarrawarrah,NSW,2775.0,1.82,520.0,520.0,520.0
SAL14504,Yarrawonga (Nsw),NSW,445.0,66.53,320.0,320.0,320.0
SAL14505,Yarrawonga Park,NSW,390.0,0.88,370.0,370.0,370.0
SAL14506,Yarrie Lake,NSW,73.0,232.66,100.0,100.0,100.0
SAL14507,Yarrow,NSW,3.0,158.93,0.0,0.0,0.0
SAL14508,Yarrowford,NSW,110.0,117.76,200.0,200.0,200.0
SAL14509,Yarrowitch,NSW,171.0,2040.32,150.0,150.0,150.0
SAL14510,Yarrowyck,NSW,175.0,502.73,400.0,400.0,400.0
SAL14511,Yass,NSW,6763.0,148.34,340.0,340.0,340.0
SAL14512,Yass River,NSW,459.0,242.0,380.0,380.0,380.0
SAL14513,Yathella,NSW,182.0,246.31,275.0,275.0,275.0
SAL14514,Yattalunga (Nsw),NSW,580.0,1.13,498.0,498.0,498.0
SAL14515,Yatte Yattah,NSW,189.0,36.49,450.0,450.0,450.0
SAL14516,Yaven Creek,NSW,67.0,204.7,0.0,0.0,0.0
SAL14517,Yelgun,NSW,88.0,8.78,250.0,250.0,250.0
SAL14518,Yellow Dam,NSW,4.0,143.06,0.0,0.0,0.0
SAL14519,Yellow Pinch,NSW,64.0,15.94,343.0,343.0,343.0
SAL14520,Yellow Rock (Blue Mountains - Nsw),NSW,1119.0,27.24,400.0,400.0,400.0
SAL14521,Yellow Rock (Shellharbour - Nsw),NSW,226.0,26.07,500.0,500.0,500.0
SAL14522,Yenda (Nsw),NSW,1564.0,301.11,250.0,250.0,250.0
SAL14523,Yengo National Park,NSW,5.0,343.93,0.0,0.0,0.0
SAL14524,Yennora,NSW,1675.0,3.98,226.0,226.0,226.0
SAL14525,Yeoval,NSW,330.0,442.55,195.0,195.0,195.0
SAL14526,Yerong Creek,NSW,355.0,392.06,200.0,200.0,200.0
SAL14527,Yerranderie,NSW,4.0,237.57,150.0,150.0,150.0
SAL14528,Yerrinbool,NSW,1196.0,70.46,420.0,420.0,420.0
SAL14529,Yerriyong,NSW,46.0,188.7,0.0,0.0,0.0
SAL14530,Yessabah,NSW,111.0,63.86,125.0,125.0,125.0
SAL14531,Yetholme,NSW,241.0,90.12,365.0,365.0,365.0
SAL14532,Yetman,NSW,187.0,1316.48,150.0,150.0,150.0
SAL14533,Yippin Creek,NSW,758.0,3.68,450.0,450.0,450.0
SAL14534,Yoogali,NSW,1334.0,36.19,300.0,300.0,300.0
SAL14535,Yorklea,NSW,349.0,99.92,280.0,280.0,280.0
SAL14536,Young,NSW,10610.0,539.26,250.0,250.0,250.0
SAL14537,Yowie Bay,NSW,3053.0,1.76,750.0,750.0,750.0
SAL14538,Yowrie,NSW,125.0,440.96,325.0,325.0,325.0
SAL14539,Yullundry,NSW,35.0,71.62,200.0,200.0,200.0
SAL14540,Yuraygir,NSW,0.0,53.1,0.0,0.0,0.0
SAL14541,Zara,NSW,87.0,13.55,440.0,440.0,440.0
SAL14542,Zetland,NSW,12622.0,1.17,600.0,600.0,600.0
SAL19494,No Usual Address (Nsw),NSW,11371.0,,0.0,0.0,0.0
SAL19797,Migratory - Offshore - Shipping (Nsw),NSW,0.0,,0.0,0.0,0.0
SAL20001,Abbeyard,VIC,4.0,514.7,0.0,0.0,0.0
SAL20002,Abbotsford (Vic.),VIC,9088.0,2.79,425.0,425.0,425.0
SAL20003,Aberfeldie,VIC,3925.0,2.49,440.0,440.0,440.0
SAL20004,Aberfeldy,VIC,7.0,17.33,0.0,0.0,0.0
SAL20005,Acheron,VIC,146.0,114.94,271.0,271.0,271.0
SAL20006,Ada,VIC,0.0,99.05,0.0,0.0,0.0
SAL20007,Adams Estate,VIC,83.0,0.35,300.0,300.0,300.0
SAL20008,Addington,VIC,65.0,29.51,150.0,150.0,150.0
SAL20009,Adelaide Lead,VIC,85.0,60.61,0.0,0.0,0.0
SAL20010,Agnes,VIC,61.0,25.83,195.0,195.0,195.0
SAL20011,Aintree,VIC,7982.0,10.77,420.0,420.0,420.0
SAL20012,Aire Valley,VIC,0.0,26.69,0.0,0.0,0.0
SAL20013,Aireys Inlet,VIC,979.0,32.02,350.0,350.0,350.0
SAL20014,Airly,VIC,160.0,40.63,330.0,330.0,330.0
SAL20015,Airport West,VIC,8173.0,5.88,401.0,401.0,401.0
SAL20016,Albacutya,VIC,0.0,149.86,0.0,0.0,0.0
SAL20017,Albanvale,VIC,5641.0,2.99,325.0,325.0,325.0
SAL20018,Albert Park (Vic.),VIC,6044.0,4.56,590.0,590.0,590.0
SAL20019,Alberton (Vic.),VIC,297.0,74.0,255.0,255.0,255.0
SAL20020,Alberton West,VIC,76.0,41.13,210.0,210.0,210.0
SAL20021,Albion (Vic.),VIC,4334.0,4.04,301.0,301.0,301.0
SAL20022,Alexandra (Vic.),VIC,2801.0,125.43,240.0,240.0,240.0
SAL20023,Alfredton,VIC,11822.0,12.77,365.0,365.0,365.0
SAL20024,Allambee,VIC,24.0,22.0,0.0,0.0,0.0
SAL20025,Allambee Reserve,VIC,96.0,53.78,100.0,100.0,100.0
SAL20026,Allambee South,VIC,61.0,15.61,260.0,260.0,260.0
SAL20027,Allans Flat,VIC,297.0,59.13,340.0,340.0,340.0
SAL20028,Allansford,VIC,1410.0,139.62,268.0,268.0,268.0
SAL20029,Allendale,VIC,185.0,22.58,187.0,187.0,187.0
SAL20030,Allestree,VIC,168.0,12.93,263.0,263.0,263.0
SAL20031,Alma (Vic.),VIC,195.0,32.52,275.0,275.0,275.0
SAL20032,Almonds,VIC,31.0,48.61,0.0,0.0,0.0
SAL20033,Almurta,VIC,66.0,27.1,275.0,275.0,275.0
SAL20034,Alphington,VIC,5702.0,4.52,451.0,451.0,451.0
SAL20035,Altona (Vic.),VIC,11490.0,26.89,385.0,385.0,385.0
SAL20036,Altona Meadows,VIC,18479.0,16.95,341.0,341.0,341.0
SAL20037,Altona North,VIC,12962.0,22.55,400.0,400.0,400.0
SAL20038,Alvie,VIC,141.0,41.08,250.0,250.0,250.0
SAL20039,Amherst,VIC,63.0,53.6,200.0,200.0,200.0
SAL20040,Amor,VIC,4.0,10.41,0.0,0.0,0.0
SAL20041,Amphitheatre,VIC,223.0,240.67,233.0,233.0,233.0
SAL20042,Anakie,VIC,734.0,291.67,300.0,300.0,300.0
SAL20043,Ancona,VIC,99.0,107.41,295.0,295.0,295.0
SAL20044,Anderson,VIC,26.0,9.54,260.0,260.0,260.0
SAL20045,Anglers Rest,VIC,31.0,135.94,0.0,0.0,0.0
SAL20046,Anglesea,VIC,3208.0,157.71,405.0,405.0,405.0
SAL20047,Annuello,VIC,40.0,477.65,0.0,0.0,0.0
SAL20048,Antwerp,VIC,53.0,204.68,0.0,0.0,0.0
SAL20049,Apollo Bay (Vic.),VIC,1790.0,143.02,300.0,300.0,300.0
SAL20050,Appin (Vic.),VIC,12.0,57.71,50.0,50.0,50.0
SAL20051,Appin South,VIC,38.0,78.76,194.0,194.0,194.0
SAL20052,Apsley (Vic.),VIC,329.0,521.22,113.0,113.0,113.0
SAL20053,Ararat,VIC,8500.0,254.92,250.0,250.0,250.0
SAL20054,Arawata,VIC,92.0,36.75,231.0,231.0,231.0
SAL20055,Arbuckle,VIC,0.0,238.71,0.0,0.0,0.0
SAL20056,Arcadia (Vic.),VIC,212.0,118.04,200.0,200.0,200.0
SAL20057,Arcadia South,VIC,95.0,108.04,425.0,425.0,425.0
SAL20058,Archdale,VIC,23.0,64.86,0.0,0.0,0.0
SAL20059,Archdale Junction,VIC,12.0,59.67,225.0,225.0,225.0
SAL20060,Archerton,VIC,16.0,123.62,0.0,0.0,0.0
SAL20061,Archies Creek,VIC,32.0,0.11,300.0,300.0,300.0
SAL20062,Ardeer,VIC,3170.0,3.42,340.0,340.0,340.0
SAL20063,Ardmona,VIC,497.0,60.62,220.0,220.0,220.0
SAL20064,Areegra,VIC,18.0,176.93,0.0,0.0,0.0
SAL20065,Argyle (Vic.),VIC,272.0,31.28,255.0,255.0,255.0
SAL20066,Armadale (Vic.),VIC,9368.0,3.44,421.0,421.0,421.0
SAL20067,Armstrong,VIC,90.0,30.3,175.0,175.0,175.0
SAL20068,Armstrong Creek (Vic.),VIC,11247.0,29.78,420.0,420.0,420.0
SAL20069,Arnold (Vic.),VIC,56.0,77.09,100.0,100.0,100.0
SAL20070,Arnold West,VIC,19.0,53.8,154.0,154.0,154.0
SAL20071,Arthurs Creek,VIC,478.0,62.46,218.0,218.0,218.0
SAL20072,Arthurs Seat,VIC,414.0,14.36,435.0,435.0,435.0
SAL20073,Ascot (Ballarat - Vic.),VIC,93.0,57.82,240.0,240.0,240.0
SAL20074,Ascot (Greater Bendigo - Vic.),VIC,2571.0,16.45,350.0,350.0,350.0
SAL20075,Ascot Vale,VIC,15197.0,6.15,370.0,370.0,370.0
SAL20076,Ashbourne (Vic.),VIC,242.0,60.08,357.0,357.0,357.0
SAL20077,Ashburton,VIC,7952.0,4.7,455.0,455.0,455.0
SAL20078,Ashwood,VIC,7154.0,4.09,391.0,391.0,391.0
SAL20079,Aspendale,VIC,7285.0,4.89,460.0,460.0,460.0
SAL20080,Aspendale Gardens,VIC,6427.0,5.23,496.0,496.0,496.0
SAL20081,Athlone,VIC,147.0,49.3,231.0,231.0,231.0
SAL20082,Attwood,VIC,3309.0,8.09,358.0,358.0,358.0
SAL20083,Aubrey,VIC,3.0,94.87,0.0,0.0,0.0
SAL20084,Auchmore,VIC,5.0,115.48,0.0,0.0,0.0
SAL20085,Avalon,VIC,255.0,72.95,398.0,398.0,398.0
SAL20086,Avenel,VIC,1112.0,321.24,300.0,300.0,300.0
SAL20087,Avoca (Vic.),VIC,1356.0,161.84,210.0,210.0,210.0
SAL20088,Avon Plains,VIC,8.0,96.72,0.0,0.0,0.0
SAL20089,Avondale Heights,VIC,12388.0,8.67,400.0,400.0,400.0
SAL20090,Avonmore,VIC,42.0,109.52,295.0,295.0,295.0
SAL20091,Avonsleigh,VIC,844.0,12.17,356.0,356.0,356.0
SAL20092,Axe Creek,VIC,452.0,66.31,270.0,270.0,270.0
SAL20093,Axedale,VIC,984.0,177.39,330.0,330.0,330.0
SAL20094,Ayrford,VIC,39.0,21.06,200.0,200.0,200.0
SAL20095,Bacchus Marsh,VIC,7808.0,17.51,330.0,330.0,330.0
SAL20096,Baddaginnie,VIC,347.0,146.13,260.0,260.0,260.0
SAL20097,Badger Creek,VIC,1610.0,14.36,323.0,323.0,323.0
SAL20098,Bael Bael,VIC,10.0,84.52,0.0,0.0,0.0
SAL20099,Bagshot,VIC,355.0,60.41,400.0,400.0,400.0
SAL20100,Bagshot North,VIC,39.0,96.28,210.0,210.0,210.0
SAL20101,Bahgallah,VIC,56.0,155.22,175.0,175.0,175.0
SAL20102,Bailieston,VIC,120.0,146.08,275.0,275.0,275.0
SAL20103,Bairnsdale,VIC,7905.0,102.03,270.0,270.0,270.0
SAL20104,Bakery Hill,VIC,180.0,0.38,313.0,313.0,313.0
SAL20105,Balaclava (Vic.),VIC,5392.0,1.23,386.0,386.0,386.0
SAL20106,Bald Hills (Vic.),VIC,114.0,17.66,230.0,230.0,230.0
SAL20107,Balintore,VIC,59.0,26.35,300.0,300.0,300.0
SAL20108,Ballan,VIC,3392.0,235.25,330.0,330.0,330.0
SAL20109,Ballangeich,VIC,71.0,136.27,150.0,150.0,150.0
SAL20110,Ballapur,VIC,19.0,115.2,80.0,80.0,80.0
SAL20111,Ballarat Central,VIC,5378.0,6.03,300.0,300.0,300.0
SAL20112,Ballarat East,VIC,5937.0,9.53,290.0,290.0,290.0
SAL20113,Ballarat North,VIC,4041.0,4.24,285.0,285.0,285.0
SAL20114,Ballendella,VIC,120.0,41.15,120.0,120.0,120.0
SAL20115,Balliang,VIC,254.0,295.07,300.0,300.0,300.0
SAL20116,Balliang East,VIC,199.0,70.96,410.0,410.0,410.0
SAL20117,Ballyrogan,VIC,77.0,274.93,114.0,114.0,114.0
SAL20118,Balmattum,VIC,135.0,140.5,260.0,260.0,260.0
SAL20119,Balmoral (Vic.),VIC,281.0,383.36,100.0,100.0,100.0
SAL20120,Balnarring,VIC,2371.0,44.72,480.0,480.0,480.0
SAL20121,Balnarring Beach,VIC,471.0,1.31,423.0,423.0,423.0
SAL20122,Balook,VIC,9.0,53.26,0.0,0.0,0.0
SAL20123,Balwyn,VIC,13495.0,7.04,451.0,451.0,451.0
SAL20124,Balwyn North,VIC,21302.0,14.58,554.0,554.0,554.0
SAL20125,Bamawm,VIC,491.0,156.29,213.0,213.0,213.0
SAL20126,Bamawm Extension,VIC,282.0,95.94,160.0,160.0,160.0
SAL20127,Bambra,VIC,115.0,67.46,300.0,300.0,300.0
SAL20128,Bamganie,VIC,44.0,49.78,275.0,275.0,275.0
SAL20129,Bandiana,VIC,855.0,28.37,380.0,380.0,380.0
SAL20130,Bangerang,VIC,62.0,287.68,200.0,200.0,200.0
SAL20131,Bangholme,VIC,749.0,37.97,176.0,176.0,176.0
SAL20132,Bannerton,VIC,78.0,250.19,230.0,230.0,230.0
SAL20133,Bannockburn (Vic.),VIC,6470.0,133.6,390.0,390.0,390.0
SAL20134,Banyan,VIC,22.0,160.02,0.0,0.0,0.0
SAL20135,Banyena,VIC,27.0,125.13,0.0,0.0,0.0
SAL20136,Baranduda,VIC,3041.0,46.62,355.0,355.0,355.0
SAL20137,Barfold,VIC,82.0,60.54,165.0,165.0,165.0
SAL20138,Baringhup,VIC,185.0,94.12,323.0,323.0,323.0
SAL20139,Baringhup West,VIC,11.0,76.11,250.0,250.0,250.0
SAL20140,Barjarg,VIC,141.0,140.08,253.0,253.0,253.0
SAL20141,Barkers Creek,VIC,487.0,47.47,250.0,250.0,250.0
SAL20142,Barkly (Vic.),VIC,49.0,100.41,0.0,0.0,0.0
SAL20143,Barkstead,VIC,41.0,33.64,0.0,0.0,0.0
SAL20144,Barmah,VIC,229.0,221.39,190.0,190.0,190.0
SAL20145,Barnadown,VIC,12.0,17.34,100.0,100.0,100.0
SAL20146,Barnawartha,VIC,987.0,82.73,293.0,293.0,293.0
SAL20147,Barnawartha North,VIC,188.0,99.64,210.0,210.0,210.0
SAL20148,Baromi,VIC,149.0,1.58,298.0,298.0,298.0
SAL20149,Barongarook,VIC,458.0,70.65,300.0,300.0,300.0
SAL20150,Barongarook West,VIC,291.0,80.55,370.0,370.0,370.0
SAL20151,Barrabool,VIC,247.0,48.28,301.0,301.0,301.0
SAL20152,Barrakee,VIC,22.0,31.91,0.0,0.0,0.0
SAL20153,Barramunga,VIC,11.0,144.82,220.0,220.0,220.0
SAL20154,Barraport,VIC,45.0,222.91,235.0,235.0,235.0
SAL20155,Barraport West,VIC,5.0,116.34,0.0,0.0,0.0
SAL20156,Barrys Reef,VIC,39.0,12.63,268.0,268.0,268.0
SAL20157,Barunah Park,VIC,33.0,137.99,0.0,0.0,0.0
SAL20158,Barunah Plains,VIC,10.0,52.53,0.0,0.0,0.0
SAL20159,Barwidgee,VIC,96.0,45.92,200.0,200.0,200.0
SAL20160,Barwite,VIC,269.0,211.01,250.0,250.0,250.0
SAL20161,Barwon Downs,VIC,136.0,213.81,230.0,230.0,230.0
SAL20162,Barwon Heads,VIC,4353.0,11.07,450.0,450.0,450.0
SAL20163,Basalt (Vic.),VIC,23.0,10.44,0.0,0.0,0.0
SAL20164,Bass,VIC,405.0,80.39,225.0,225.0,225.0
SAL20165,Batesford,VIC,1141.0,23.13,325.0,325.0,325.0
SAL20166,Bathumi,VIC,76.0,13.46,250.0,250.0,250.0
SAL20167,Baw Baw (Vic.),VIC,0.0,368.05,0.0,0.0,0.0
SAL20168,Baw Baw Village,VIC,30.0,6.91,0.0,0.0,0.0
SAL20169,Baxter,VIC,2166.0,16.08,360.0,360.0,360.0
SAL20170,Bayindeen,VIC,22.0,45.71,0.0,0.0,0.0
SAL20171,Bayles,VIC,445.0,38.45,425.0,425.0,425.0
SAL20172,Baynton (Vic.),VIC,95.0,143.7,305.0,305.0,305.0
SAL20173,Bayswater (Vic.),VIC,12262.0,12.73,375.0,375.0,375.0
SAL20174,Bayswater North,VIC,9014.0,10.55,360.0,360.0,360.0
SAL20175,Beaconsfield (Vic.),VIC,7267.0,17.46,390.0,390.0,390.0
SAL20176,Beaconsfield Upper,VIC,2997.0,45.96,368.0,368.0,368.0
SAL20177,Bealiba,VIC,213.0,208.63,130.0,130.0,130.0
SAL20178,Bearii,VIC,167.0,45.01,185.0,185.0,185.0
SAL20179,Bears Lagoon,VIC,53.0,159.36,125.0,125.0,125.0
SAL20180,Beauchamp,VIC,44.0,386.06,185.0,185.0,185.0
SAL20181,Beaufort (Vic.),VIC,1712.0,249.39,250.0,250.0,250.0
SAL20182,Beaumaris (Vic.),VIC,13947.0,8.35,612.0,612.0,612.0
SAL20183,Beazleys Bridge,VIC,24.0,108.28,0.0,0.0,0.0
SAL20184,Beeac,VIC,394.0,183.18,220.0,220.0,220.0
SAL20185,Beech Forest,VIC,125.0,243.4,185.0,185.0,185.0
SAL20186,Beechworth,VIC,4274.0,255.55,300.0,300.0,300.0
SAL20187,Beenak,VIC,17.0,26.55,340.0,340.0,340.0
SAL20188,Belgrave,VIC,3894.0,6.56,401.0,401.0,401.0
SAL20189,Belgrave Heights,VIC,1398.0,3.79,373.0,373.0,373.0
SAL20190,Belgrave South,VIC,1670.0,20.45,450.0,450.0,450.0
SAL20191,Bell Park,VIC,5602.0,4.44,340.0,340.0,340.0
SAL20192,Bell Post Hill,VIC,5083.0,9.66,350.0,350.0,350.0
SAL20193,Bellarine,VIC,169.0,23.5,350.0,350.0,350.0
SAL20194,Bellbird Creek,VIC,5.0,32.59,0.0,0.0,0.0
SAL20195,Bellbrae,VIC,1346.0,82.7,380.0,380.0,380.0
SAL20196,Bellbridge,VIC,393.0,2.17,308.0,308.0,308.0
SAL20197,Bellellen,VIC,59.0,28.61,0.0,0.0,0.0
SAL20198,Bellfield (Banyule - Vic.),VIC,1996.0,1.49,375.0,375.0,375.0
SAL20199,Bellfield (Northern Grampians - Vic.),VIC,0.0,286.91,0.0,0.0,0.0
SAL20200,Bells Beach,VIC,151.0,18.84,525.0,525.0,525.0
SAL20201,Belmont (Vic.),VIC,15066.0,14.59,350.0,350.0,350.0
SAL20202,Bemm River,VIC,72.0,435.1,220.0,220.0,220.0
SAL20203,Bena,VIC,303.0,75.36,285.0,285.0,285.0
SAL20204,Benalla,VIC,10822.0,489.9,250.0,250.0,250.0
SAL20205,Benambra,VIC,173.0,1193.64,150.0,150.0,150.0
SAL20206,Benayeo,VIC,69.0,217.65,0.0,0.0,0.0
SAL20207,Bend Of Islands,VIC,267.0,10.58,300.0,300.0,300.0
SAL20208,Bendigo,VIC,5652.0,8.59,290.0,290.0,290.0
SAL20209,Bendoc,VIC,109.0,879.18,158.0,158.0,158.0
SAL20210,Bengworden,VIC,93.0,154.53,300.0,300.0,300.0
SAL20211,Benjeroop,VIC,56.0,74.9,0.0,0.0,0.0
SAL20212,Benloch,VIC,138.0,34.12,417.0,417.0,417.0
SAL20213,Bennison,VIC,42.0,7.12,0.0,0.0,0.0
SAL20214,Bentleigh,VIC,17921.0,7.59,480.0,480.0,480.0
SAL20215,Bentleigh East,VIC,30159.0,14.51,500.0,500.0,500.0
SAL20216,Benwerrin,VIC,9.0,86.28,0.0,0.0,0.0
SAL20217,Beremboke,VIC,165.0,52.51,300.0,300.0,300.0
SAL20218,Berrimal,VIC,52.0,109.17,20.0,20.0,20.0
SAL20219,Berringa,VIC,194.0,60.38,250.0,250.0,250.0
SAL20220,Berringama,VIC,35.0,132.36,180.0,180.0,180.0
SAL20221,Berriwillock,VIC,180.0,357.83,150.0,150.0,150.0
SAL20222,Berrybank,VIC,37.0,164.41,200.0,200.0,200.0
SAL20223,Berrys Creek,VIC,174.0,50.17,205.0,205.0,205.0
SAL20224,Berwick,VIC,50298.0,53.6,400.0,400.0,400.0
SAL20225,Bessiebelle,VIC,113.0,330.47,140.0,140.0,140.0
SAL20226,Bet Bet,VIC,135.0,37.63,228.0,228.0,228.0
SAL20227,Bete Bolong,VIC,84.0,216.94,125.0,125.0,125.0
SAL20228,Bete Bolong North,VIC,13.0,109.97,0.0,0.0,0.0
SAL20229,Bethanga,VIC,485.0,178.28,260.0,260.0,260.0
SAL20230,Betley,VIC,101.0,15.71,193.0,193.0,193.0
SAL20231,Beulah (Vic.),VIC,312.0,1004.88,78.0,78.0,78.0
SAL20232,Beverford,VIC,337.0,49.0,150.0,150.0,150.0
SAL20233,Beveridge,VIC,4642.0,177.7,400.0,400.0,400.0
SAL20234,Big Desert,VIC,8.0,9209.78,0.0,0.0,0.0
SAL20235,Big Hill (Greater Bendigo - Vic.),VIC,281.0,17.31,280.0,280.0,280.0
SAL20236,Big Hill (Surf Coast - Vic.),VIC,38.0,16.27,275.0,275.0,275.0
SAL20237,Big Pats Creek,VIC,60.0,17.62,185.0,185.0,185.0
SAL20238,Biggara,VIC,61.0,257.58,0.0,0.0,0.0
SAL20239,Billabong,VIC,0.0,290.98,0.0,0.0,0.0
SAL20240,Bimbourie,VIC,11.0,68.72,50.0,50.0,50.0
SAL20241,Bindi,VIC,49.0,237.44,0.0,0.0,0.0
SAL20242,Binginwarri,VIC,134.0,95.24,250.0,250.0,250.0
SAL20243,Bingo Munjie,VIC,8.0,21.28,0.0,0.0,0.0
SAL20244,Birchip,VIC,694.0,175.08,155.0,155.0,155.0
SAL20245,Birchip West,VIC,9.0,92.3,0.0,0.0,0.0
SAL20246,Birdwoodton,VIC,748.0,18.19,300.0,300.0,300.0
SAL20247,Birregurra,VIC,942.0,215.43,300.0,300.0,300.0
SAL20248,Bittern,VIC,4276.0,28.03,366.0,366.0,366.0
SAL20249,Black Hill (Vic.),VIC,2124.0,2.8,290.0,290.0,290.0
SAL20250,Black Range (Vic.),VIC,274.0,116.73,200.0,200.0,200.0
SAL20251,Black Rock (Vic.),VIC,6389.0,5.13,541.0,541.0,541.0
SAL20252,Blackburn,VIC,14478.0,9.47,411.0,411.0,411.0
SAL20253,Blackburn North,VIC,7627.0,4.35,431.0,431.0,431.0
SAL20254,Blackburn South,VIC,10939.0,5.78,410.0,410.0,410.0
SAL20255,Blackwarry,VIC,38.0,57.57,0.0,0.0,0.0
SAL20256,Blackwood (Vic.),VIC,387.0,104.04,305.0,305.0,305.0
SAL20257,Blairgowrie,VIC,2786.0,10.24,400.0,400.0,400.0
SAL20258,Blakeville,VIC,43.0,108.55,250.0,250.0,250.0
SAL20259,Blampied,VIC,237.0,76.01,325.0,325.0,325.0
SAL20260,Blind Bight,VIC,1290.0,9.79,360.0,360.0,360.0
SAL20261,Blowhard,VIC,82.0,46.59,150.0,150.0,150.0
SAL20262,Bo Peep,VIC,25.0,19.96,175.0,175.0,175.0
SAL20263,Bobinawarrah,VIC,100.0,114.98,300.0,300.0,300.0
SAL20264,Bochara,VIC,84.0,92.91,180.0,180.0,180.0
SAL20265,Bogong,VIC,8.0,91.14,180.0,180.0,180.0
SAL20266,Boho,VIC,88.0,133.65,0.0,0.0,0.0
SAL20267,Boho South,VIC,93.0,117.59,175.0,175.0,175.0
SAL20268,Boigbeat,VIC,19.0,145.34,150.0,150.0,150.0
SAL20269,Boinka,VIC,14.0,413.81,0.0,0.0,0.0
SAL20270,Boisdale,VIC,307.0,125.92,200.0,200.0,200.0
SAL20271,Bolangum,VIC,4.0,45.27,0.0,0.0,0.0
SAL20272,Bolinda,VIC,185.0,43.94,550.0,550.0,550.0
SAL20273,Bolton,VIC,15.0,208.01,0.0,0.0,0.0
SAL20274,Bolwarra (Vic.),VIC,647.0,37.95,220.0,220.0,220.0
SAL20275,Bolwarrah,VIC,48.0,34.14,250.0,250.0,250.0
SAL20276,Bona Vista,VIC,107.0,22.5,285.0,285.0,285.0
SAL20277,Bonang,VIC,52.0,835.14,0.0,0.0,0.0
SAL20278,Bonbeach,VIC,6855.0,4.52,391.0,391.0,391.0
SAL20279,Bonegilla,VIC,610.0,93.78,225.0,225.0,225.0
SAL20280,Boneo,VIC,314.0,55.79,400.0,400.0,400.0
SAL20281,Bonn,VIC,48.0,68.17,0.0,0.0,0.0
SAL20282,Bonnie Brook,VIC,333.0,34.09,381.0,381.0,381.0
SAL20283,Bonnie Doon (Vic.),VIC,666.0,302.71,296.0,296.0,296.0
SAL20284,Bonshaw (Vic.),VIC,949.0,5.12,398.0,398.0,398.0
SAL20285,Bookaar,VIC,159.0,369.43,210.0,210.0,210.0
SAL20286,Boola,VIC,0.0,110.64,0.0,0.0,0.0
SAL20287,Boolarong,VIC,5.0,21.85,0.0,0.0,0.0
SAL20288,Boolarra,VIC,1023.0,69.19,218.0,218.0,218.0
SAL20289,Boolarra South,VIC,147.0,78.87,2077.0,2077.0,2077.0
SAL20290,Boole Poole,VIC,9.0,152.76,0.0,0.0,0.0
SAL20291,Boolite,VIC,38.0,149.99,100.0,100.0,100.0
SAL20292,Boomahnoomoonah,VIC,14.0,49.04,150.0,150.0,150.0
SAL20293,Boonah (Vic.),VIC,18.0,87.7,350.0,350.0,350.0
SAL20294,Boorcan,VIC,142.0,100.47,250.0,250.0,250.0
SAL20295,Boorhaman,VIC,135.0,141.88,300.0,300.0,300.0
SAL20296,Boorhaman East,VIC,13.0,49.93,0.0,0.0,0.0
SAL20297,Boorhaman North,VIC,53.0,59.33,215.0,215.0,215.0
SAL20298,Boorolite,VIC,166.0,117.4,225.0,225.0,225.0
SAL20299,Boorool,VIC,54.0,23.45,92.0,92.0,92.0
SAL20300,Boort,VIC,940.0,392.89,180.0,180.0,180.0
SAL20301,Boosey,VIC,108.0,71.86,461.0,461.0,461.0
SAL20302,Boralma,VIC,79.0,58.12,290.0,290.0,290.0
SAL20303,Bornes Hill,VIC,33.0,371.7,65.0,65.0,65.0
SAL20304,Boronia,VIC,23607.0,17.96,376.0,376.0,376.0
SAL20305,Borung,VIC,59.0,181.92,300.0,300.0,300.0
SAL20306,Bostocks Creek,VIC,85.0,38.25,220.0,220.0,220.0
SAL20307,Botanic Ridge,VIC,6739.0,9.98,404.0,404.0,404.0
SAL20308,Boundary Bend,VIC,154.0,243.41,162.0,162.0,162.0
SAL20309,Bowenvale,VIC,209.0,28.16,295.0,295.0,295.0
SAL20310,Boweya,VIC,51.0,65.9,200.0,200.0,200.0
SAL20311,Boweya North,VIC,42.0,37.75,260.0,260.0,260.0
SAL20312,Bowmans Forest,VIC,106.0,86.9,160.0,160.0,160.0
SAL20313,Bowser,VIC,44.0,8.17,0.0,0.0,0.0
SAL20314,Box Hill (Vic.),VIC,14353.0,5.65,381.0,381.0,381.0
SAL20315,Box Hill North,VIC,12337.0,6.37,425.0,425.0,425.0
SAL20316,Box Hill South,VIC,8491.0,5.61,425.0,425.0,425.0
SAL20317,Boxwood,VIC,19.0,40.27,0.0,0.0,0.0
SAL20318,Bradford,VIC,12.0,51.88,0.0,0.0,0.0
SAL20319,Bradvale,VIC,46.0,157.44,73.0,73.0,73.0
SAL20320,Braeside,VIC,25.0,13.77,504.0,504.0,504.0
SAL20321,Brandy Creek (Vic.),VIC,94.0,8.61,0.0,0.0,0.0
SAL20322,Branxholme,VIC,304.0,449.59,170.0,170.0,170.0
SAL20323,Bravington,VIC,14.0,1.81,0.0,0.0,0.0
SAL20324,Braybrook,VIC,9682.0,6.94,312.0,312.0,312.0
SAL20325,Breakaway Creek,VIC,39.0,100.02,168.0,168.0,168.0
SAL20326,Breakwater,VIC,1060.0,5.06,300.0,300.0,300.0
SAL20327,Breamlea,VIC,151.0,4.65,389.0,389.0,389.0
SAL20328,Brenanah,VIC,29.0,139.19,125.0,125.0,125.0
SAL20329,Brewster,VIC,47.0,83.63,250.0,250.0,250.0
SAL20330,Briagolong,VIC,1133.0,268.14,250.0,250.0,250.0
SAL20331,Briar Hill,VIC,3220.0,2.14,411.0,411.0,411.0
SAL20332,Bridge Creek,VIC,117.0,202.54,200.0,200.0,200.0
SAL20333,Bridgewater (Vic.),VIC,133.0,183.93,115.0,115.0,115.0
SAL20334,Bridgewater North,VIC,54.0,120.84,345.0,345.0,345.0
SAL20335,Bridgewater On Loddon,VIC,341.0,3.83,215.0,215.0,215.0
SAL20336,Bright (Vic.),VIC,2620.0,205.34,300.0,300.0,300.0
SAL20337,Brighton (Vic.),VIC,23252.0,13.47,600.0,600.0,600.0
SAL20338,Brighton East,VIC,16757.0,9.12,600.0,600.0,600.0
SAL20339,Brim,VIC,181.0,527.16,165.0,165.0,165.0
SAL20340,Brimboal,VIC,11.0,43.24,0.0,0.0,0.0
SAL20341,Brimin,VIC,56.0,93.63,225.0,225.0,225.0
SAL20342,Brimpaen,VIC,80.0,389.14,115.0,115.0,115.0
SAL20343,Bringalbert,VIC,6.0,168.44,0.0,0.0,0.0
SAL20344,Brit Brit,VIC,42.0,140.57,140.0,140.0,140.0
SAL20345,Broadford,VIC,4592.0,173.97,314.0,314.0,314.0
SAL20346,Broadmeadows (Vic.),VIC,12524.0,13.0,331.0,331.0,331.0
SAL20347,Broadwater (Vic.),VIC,75.0,126.16,115.0,115.0,115.0
SAL20348,Brodribb River,VIC,29.0,122.4,735.0,735.0,735.0
SAL20349,Broken Creek,VIC,45.0,33.42,70.0,70.0,70.0
SAL20350,Bromley,VIC,46.0,27.99,0.0,0.0,0.0
SAL20351,Brookfield (Vic.),VIC,10782.0,17.57,350.0,350.0,350.0
SAL20352,Brooklyn (Vic.),VIC,1979.0,8.79,391.0,391.0,391.0
SAL20353,Brookville,VIC,16.0,286.95,100.0,100.0,100.0
SAL20354,Broomfield,VIC,213.0,14.71,200.0,200.0,200.0
SAL20355,Broughton (Vic.),VIC,65.0,266.26,0.0,0.0,0.0
SAL20356,Brown Hill (Vic.),VIC,4489.0,11.81,290.0,290.0,290.0
SAL20357,Browns Plains (Vic.),VIC,99.0,82.58,200.0,200.0,200.0
SAL20358,Bruarong,VIC,114.0,70.44,250.0,250.0,250.0
SAL20359,Brucknell,VIC,127.0,60.52,100.0,100.0,100.0
SAL20360,Brumby,VIC,0.0,724.34,0.0,0.0,0.0
SAL20361,Brunswick (Vic.),VIC,24896.0,7.98,441.0,441.0,441.0
SAL20362,Brunswick East,VIC,13279.0,3.63,421.0,421.0,421.0
SAL20363,Brunswick West,VIC,14746.0,5.16,366.0,366.0,366.0
SAL20364,Bruthen,VIC,820.0,110.44,250.0,250.0,250.0
SAL20365,Buangor,VIC,112.0,203.31,210.0,210.0,210.0
SAL20366,Buchan,VIC,201.0,682.05,158.0,158.0,158.0
SAL20367,Buchan South,VIC,102.0,686.09,125.0,125.0,125.0
SAL20368,Buckland (Vic.),VIC,156.0,593.33,275.0,275.0,275.0
SAL20369,Buckley,VIC,228.0,95.35,360.0,360.0,360.0
SAL20370,Buckley Swamp,VIC,21.0,47.61,115.0,115.0,115.0
SAL20371,Buckrabanyule,VIC,52.0,208.06,100.0,100.0,100.0
SAL20372,Budgee Budgee (Vic.),VIC,0.0,120.6,0.0,0.0,0.0
SAL20373,Budgeree,VIC,146.0,71.84,100.0,100.0,100.0
SAL20374,Budgerum East,VIC,0.0,28.03,0.0,0.0,0.0
SAL20375,Buffalo,VIC,284.0,179.05,260.0,260.0,260.0
SAL20376,Buffalo River,VIC,285.0,129.13,130.0,130.0,130.0
SAL20377,Bulart,VIC,104.0,280.55,250.0,250.0,250.0
SAL20378,Buldah,VIC,5.0,349.59,0.0,0.0,0.0
SAL20379,Bulga (Vic.),VIC,0.0,94.65,0.0,0.0,0.0
SAL20380,Bulgana,VIC,19.0,143.98,0.0,0.0,0.0
SAL20381,Bulla (Vic.),VIC,668.0,53.8,348.0,348.0,348.0
SAL20382,Bullaharre,VIC,19.0,11.5,330.0,330.0,330.0
SAL20383,Bullarook,VIC,77.0,33.77,245.0,245.0,245.0
SAL20384,Bullarto,VIC,89.0,28.73,350.0,350.0,350.0
SAL20385,Bullarto South,VIC,48.0,35.99,0.0,0.0,0.0
SAL20386,Bulleen,VIC,11219.0,10.5,459.0,459.0,459.0
SAL20387,Bullengarook,VIC,714.0,111.9,300.0,300.0,300.0
SAL20388,Bullioh,VIC,63.0,148.84,250.0,250.0,250.0
SAL20389,Bullumwaal,VIC,45.0,172.51,315.0,315.0,315.0
SAL20390,Buln Buln,VIC,551.0,29.64,258.0,258.0,258.0
SAL20391,Buln Buln East,VIC,182.0,37.43,250.0,250.0,250.0
SAL20392,Bumberrah,VIC,101.0,5.92,285.0,285.0,285.0
SAL20393,Bunbartha,VIC,313.0,102.24,275.0,275.0,275.0
SAL20394,Bundalaguah,VIC,229.0,47.11,233.0,233.0,233.0
SAL20395,Bundalong,VIC,512.0,102.14,350.0,350.0,350.0
SAL20396,Bundalong South,VIC,42.0,48.01,285.0,285.0,285.0
SAL20397,Bundara,VIC,0.0,185.94,0.0,0.0,0.0
SAL20398,Bunding,VIC,61.0,36.43,450.0,450.0,450.0
SAL20399,Bundoora (Vic.),VIC,28068.0,27.57,381.0,381.0,381.0
SAL20400,Bung Bong,VIC,63.0,120.74,160.0,160.0,160.0
SAL20401,Bungador,VIC,65.0,56.88,200.0,200.0,200.0
SAL20402,Bungal,VIC,32.0,79.17,348.0,348.0,348.0
SAL20403,Bungalally,VIC,93.0,132.76,200.0,200.0,200.0
SAL20404,Bungaree (Vic.),VIC,302.0,39.64,245.0,245.0,245.0
SAL20405,Bungeet,VIC,29.0,29.62,0.0,0.0,0.0
SAL20406,Bungeet West,VIC,44.0,74.77,210.0,210.0,210.0
SAL20407,Bungil (Vic.),VIC,0.0,146.83,0.0,0.0,0.0
SAL20408,Bunguluke,VIC,18.0,168.62,375.0,375.0,375.0
SAL20409,Buninyong,VIC,3797.0,40.65,305.0,305.0,305.0
SAL20410,Bunkers Hill,VIC,270.0,19.38,335.0,335.0,335.0
SAL20411,Bunyip,VIC,3131.0,39.2,320.0,320.0,320.0
SAL20412,Bunyip North,VIC,95.0,27.1,414.0,414.0,414.0
SAL20413,Buragwonduc,VIC,0.0,234.13,0.0,0.0,0.0
SAL20414,Burkes Bridge,VIC,14.0,48.53,0.0,0.0,0.0
SAL20415,Burkes Flat,VIC,20.0,64.22,0.0,0.0,0.0
SAL20416,Burnbank,VIC,47.0,70.23,165.0,165.0,165.0
SAL20417,Burnewang,VIC,37.0,44.57,340.0,340.0,340.0
SAL20418,Burnley,VIC,794.0,1.77,440.0,440.0,440.0
SAL20419,Burnside (Vic.),VIC,5800.0,4.09,400.0,400.0,400.0
SAL20420,Burnside Heights,VIC,6377.0,3.2,411.0,411.0,411.0
SAL20421,Burramboot,VIC,36.0,171.32,0.0,0.0,0.0
SAL20422,Burramine,VIC,241.0,165.6,253.0,253.0,253.0
SAL20423,Burramine South,VIC,24.0,72.89,291.0,291.0,291.0
SAL20424,Burrowye,VIC,24.0,200.38,0.0,0.0,0.0
SAL20425,Burrumbeet,VIC,249.0,137.07,135.0,135.0,135.0
SAL20426,Burwood (Vic.),VIC,15147.0,9.77,411.0,411.0,411.0
SAL20427,Burwood East,VIC,10675.0,6.85,439.0,439.0,439.0
SAL20428,Bushfield,VIC,596.0,16.71,350.0,350.0,350.0
SAL20429,Bushy Park (Vic.),VIC,49.0,30.18,300.0,300.0,300.0
SAL20430,Butchers Ridge,VIC,7.0,51.51,0.0,0.0,0.0
SAL20431,Buxton (Vic.),VIC,591.0,97.51,348.0,348.0,348.0
SAL20432,Byaduk,VIC,129.0,193.12,110.0,110.0,110.0
SAL20433,Byaduk North,VIC,134.0,199.74,325.0,325.0,325.0
SAL20434,Byawatha,VIC,160.0,143.69,300.0,300.0,300.0
SAL20435,Bylands,VIC,117.0,64.36,210.0,210.0,210.0
SAL20436,Byrneside,VIC,161.0,51.59,230.0,230.0,230.0
SAL20437,Cabarita (Vic.),VIC,482.0,7.32,250.0,250.0,250.0
SAL20438,Cabbage Tree,VIC,10.0,16.57,200.0,200.0,200.0
SAL20439,Cabbage Tree Creek,VIC,52.0,480.26,250.0,250.0,250.0
SAL20440,Cadello,VIC,25.0,13.19,0.0,0.0,0.0
SAL20441,Cairnlea,VIC,10038.0,7.06,400.0,400.0,400.0
SAL20442,Calder Park,VIC,0.0,4.3,0.0,0.0,0.0
SAL20443,Caldermeade,VIC,181.0,67.49,269.0,269.0,269.0
SAL20444,California Gully,VIC,4476.0,5.85,251.0,251.0,251.0
SAL20445,Calivil,VIC,178.0,214.12,100.0,100.0,100.0
SAL20446,Callawadda,VIC,45.0,215.24,190.0,190.0,190.0
SAL20447,Callignee,VIC,391.0,68.2,200.0,200.0,200.0
SAL20448,Callignee North,VIC,42.0,64.45,270.0,270.0,270.0
SAL20449,Callignee South,VIC,10.0,16.8,145.0,145.0,145.0
SAL20450,Calrossie,VIC,30.0,9.62,178.0,178.0,178.0
SAL20451,Calulu,VIC,186.0,42.02,263.0,263.0,263.0
SAL20452,Cambarville,VIC,0.0,613.2,0.0,0.0,0.0
SAL20453,Camberwell (Vic.),VIC,21965.0,12.19,486.0,486.0,486.0
SAL20454,Cambrian Hill,VIC,292.0,16.88,260.0,260.0,260.0
SAL20455,Campbellfield,VIC,4977.0,19.58,320.0,320.0,320.0
SAL20456,Campbells Bridge,VIC,21.0,153.54,175.0,175.0,175.0
SAL20457,Campbells Creek,VIC,2071.0,39.08,320.0,320.0,320.0
SAL20458,Campbells Forest,VIC,50.0,99.23,220.0,220.0,220.0
SAL20459,Campbelltown (Vic.),VIC,51.0,111.62,200.0,200.0,200.0
SAL20460,Camperdown (Vic.),VIC,3354.0,112.57,240.0,240.0,240.0
SAL20461,Canadian,VIC,4098.0,12.43,300.0,300.0,300.0
SAL20462,Canary Island,VIC,4.0,85.64,0.0,0.0,0.0
SAL20463,Caniambo,VIC,82.0,153.35,260.0,260.0,260.0
SAL20464,Cann River,VIC,197.0,178.68,120.0,120.0,120.0
SAL20465,Cannie,VIC,16.0,181.94,110.0,110.0,110.0
SAL20466,Cannons Creek,VIC,650.0,32.41,313.0,313.0,313.0
SAL20467,Cannum,VIC,45.0,195.73,110.0,110.0,110.0
SAL20468,Canterbury (Vic.),VIC,7800.0,5.05,515.0,515.0,515.0
SAL20469,Cape Bridgewater,VIC,151.0,127.42,283.0,283.0,283.0
SAL20470,Cape Clear,VIC,148.0,48.62,180.0,180.0,180.0
SAL20471,Cape Conran,VIC,5.0,22.11,250.0,250.0,250.0
SAL20472,Cape Otway,VIC,34.0,135.87,351.0,351.0,351.0
SAL20473,Cape Paterson,VIC,1111.0,25.95,300.0,300.0,300.0
SAL20474,Cape Schanck,VIC,569.0,51.08,359.0,359.0,359.0
SAL20475,Cape Woolamai,VIC,2301.0,10.01,340.0,340.0,340.0
SAL20476,Capel Sound,VIC,5246.0,7.56,350.0,350.0,350.0
SAL20477,Capels Crossing,VIC,54.0,104.8,175.0,175.0,175.0
SAL20478,Carag Carag,VIC,61.0,90.22,175.0,175.0,175.0
SAL20479,Caralulup,VIC,3.0,28.05,0.0,0.0,0.0
SAL20480,Caramut,VIC,256.0,445.61,150.0,150.0,150.0
SAL20481,Carapooee,VIC,60.0,120.43,160.0,160.0,160.0
SAL20482,Carapooee West,VIC,40.0,85.37,0.0,0.0,0.0
SAL20483,Carapook,VIC,67.0,118.4,120.0,120.0,120.0
SAL20484,Carboor,VIC,97.0,190.99,120.0,120.0,120.0
SAL20485,Cardigan,VIC,1064.0,64.81,350.0,350.0,350.0
SAL20486,Cardigan Village,VIC,957.0,2.75,300.0,300.0,300.0
SAL20487,Cardinia,VIC,342.0,43.75,390.0,390.0,390.0
SAL20488,Cardross,VIC,847.0,59.77,200.0,200.0,200.0
SAL20489,Cargerie,VIC,38.0,40.41,0.0,0.0,0.0
SAL20490,Carina (Vic.),VIC,26.0,291.12,85.0,85.0,85.0
SAL20491,Caringal,VIC,16.0,115.61,185.0,185.0,185.0
SAL20492,Carisbrook,VIC,1192.0,182.78,223.0,223.0,223.0
SAL20493,Carlisle River,VIC,168.0,313.28,200.0,200.0,200.0
SAL20494,Carlsruhe,VIC,382.0,60.67,275.0,275.0,275.0
SAL20495,Carlton (Vic.),VIC,16055.0,2.84,365.0,365.0,365.0
SAL20496,Carlton North,VIC,6177.0,3.0,552.0,552.0,552.0
SAL20497,Carlyle,VIC,82.0,54.87,200.0,200.0,200.0
SAL20498,Carnegie,VIC,17909.0,5.93,395.0,395.0,395.0
SAL20499,Carngham,VIC,171.0,110.84,180.0,180.0,180.0
SAL20500,Caroline Springs,VIC,24488.0,13.35,400.0,400.0,400.0
SAL20501,Carpendeit,VIC,115.0,71.16,200.0,200.0,200.0
SAL20502,Carrajung,VIC,100.0,58.03,250.0,250.0,250.0
SAL20503,Carrajung Lower,VIC,129.0,65.15,250.0,250.0,250.0
SAL20504,Carrajung South,VIC,42.0,38.3,0.0,0.0,0.0
SAL20505,Carranballac,VIC,43.0,167.52,120.0,120.0,120.0
SAL20506,Carron,VIC,18.0,54.91,0.0,0.0,0.0
SAL20507,Carrum,VIC,4239.0,2.51,406.0,406.0,406.0
SAL20508,Carrum Downs,VIC,21976.0,32.84,370.0,370.0,370.0
SAL20509,Carwarp,VIC,68.0,1042.59,118.0,118.0,118.0
SAL20510,Cashmore,VIC,197.0,59.14,200.0,200.0,200.0
SAL20511,Cassilis (Vic.),VIC,21.0,19.88,0.0,0.0,0.0
SAL20512,Castella,VIC,257.0,27.57,420.0,420.0,420.0
SAL20513,Casterton,VIC,1673.0,361.94,160.0,160.0,160.0
SAL20514,Castle Creek (Vic.),VIC,85.0,27.69,430.0,430.0,430.0
SAL20515,Castle Donnington,VIC,139.0,69.35,250.0,250.0,250.0
SAL20516,Castlemaine,VIC,7506.0,31.17,300.0,300.0,300.0
SAL20517,Catani,VIC,297.0,55.42,210.0,210.0,210.0
SAL20518,Cathcart (Vic.),VIC,110.0,53.97,138.0,138.0,138.0
SAL20519,Cathkin,VIC,27.0,39.06,331.0,331.0,331.0
SAL20520,Catumnal,VIC,14.0,65.64,0.0,0.0,0.0
SAL20521,Caulfield,VIC,5748.0,2.36,475.0,475.0,475.0
SAL20522,Caulfield East,VIC,1293.0,2.02,320.0,320.0,320.0
SAL20523,Caulfield North,VIC,16903.0,6.75,422.0,422.0,422.0
SAL20524,Caulfield South,VIC,12328.0,5.26,496.0,496.0,496.0
SAL20525,Caveat,VIC,59.0,100.32,50.0,50.0,50.0
SAL20526,Cavendish,VIC,366.0,465.3,175.0,175.0,175.0
SAL20527,Ceres,VIC,266.0,20.12,250.0,250.0,250.0
SAL20528,Chadstone,VIC,9552.0,5.02,421.0,421.0,421.0
SAL20529,Chandlers Creek,VIC,0.0,565.04,0.0,0.0,0.0
SAL20530,Chapel Flat,VIC,0.0,8.14,0.0,0.0,0.0
SAL20531,Chapple Vale,VIC,42.0,114.59,0.0,0.0,0.0
SAL20532,Charam,VIC,42.0,218.76,0.0,0.0,0.0
SAL20533,Charlemont,VIC,2612.0,17.57,415.0,415.0,415.0
SAL20534,Charleroi,VIC,82.0,64.54,245.0,245.0,245.0
SAL20535,Charlton (Vic.),VIC,1095.0,377.22,200.0,200.0,200.0
SAL20536,Chatsworth (Vic.),VIC,49.0,150.72,462.0,462.0,462.0
SAL20537,Chelsea,VIC,8347.0,4.24,375.0,375.0,375.0
SAL20538,Chelsea Heights,VIC,5393.0,5.16,412.0,412.0,412.0
SAL20539,Cheltenham (Vic.),VIC,23992.0,16.95,430.0,430.0,430.0
SAL20540,Chepstowe,VIC,60.0,90.94,100.0,100.0,100.0
SAL20541,Cherokee,VIC,68.0,17.07,300.0,300.0,300.0
SAL20542,Cherrypool,VIC,3.0,90.61,0.0,0.0,0.0
SAL20543,Cheshunt,VIC,213.0,251.67,115.0,115.0,115.0
SAL20544,Cheshunt South,VIC,0.0,85.12,0.0,0.0,0.0
SAL20545,Chesney Vale,VIC,204.0,76.18,200.0,200.0,200.0
SAL20546,Chetwynd,VIC,85.0,444.06,123.0,123.0,123.0
SAL20547,Chewton,VIC,763.0,37.85,300.0,300.0,300.0
SAL20548,Chewton Bushlands,VIC,50.0,2.32,800.0,800.0,800.0
SAL20549,Childers (Vic.),VIC,91.0,35.38,130.0,130.0,130.0
SAL20550,Chillingollah,VIC,3.0,53.97,80.0,80.0,80.0
SAL20551,Chiltern,VIC,1580.0,308.16,260.0,260.0,260.0
SAL20552,Chiltern Valley,VIC,77.0,33.56,140.0,140.0,140.0
SAL20553,Chinangin,VIC,3.0,93.11,100.0,100.0,100.0
SAL20554,Chinkapook,VIC,17.0,311.69,0.0,0.0,0.0
SAL20555,Chintin,VIC,111.0,44.58,450.0,450.0,450.0
SAL20556,Chirnside Park,VIC,11779.0,35.56,443.0,443.0,443.0
SAL20557,Chirrip,VIC,8.0,55.42,0.0,0.0,0.0
SAL20558,Chocolyn,VIC,61.0,30.17,200.0,200.0,200.0
SAL20559,Christmas Hills (Vic.),VIC,365.0,79.55,353.0,353.0,353.0
SAL20560,Chum Creek,VIC,981.0,35.89,361.0,361.0,361.0
SAL20561,Churchill (Vic.),VIC,4924.0,34.9,230.0,230.0,230.0
SAL20562,Churchill Island,VIC,0.0,0.92,0.0,0.0,0.0
SAL20563,Chute,VIC,13.0,58.48,0.0,0.0,0.0
SAL20564,Clarendon (Vic.),VIC,163.0,23.62,350.0,350.0,350.0
SAL20565,Claretown,VIC,35.0,10.75,280.0,280.0,280.0
SAL20566,Clarinda,VIC,7441.0,5.65,394.0,394.0,394.0
SAL20567,Clarkefield,VIC,303.0,138.24,345.0,345.0,345.0
SAL20568,Clarkes Hill,VIC,75.0,19.35,185.0,185.0,185.0
SAL20569,Clayton,VIC,18988.0,12.59,400.0,400.0,400.0
SAL20570,Clayton South,VIC,13381.0,12.79,381.0,381.0,381.0
SAL20571,Clear Lake,VIC,57.0,203.6,120.0,120.0,120.0
SAL20572,Clematis,VIC,352.0,2.94,372.0,372.0,372.0
SAL20573,Clifton Creek,VIC,252.0,83.28,300.0,300.0,300.0
SAL20574,Clifton Hill,VIC,6606.0,2.79,550.0,550.0,550.0
SAL20575,Clifton Springs,VIC,7646.0,8.81,350.0,350.0,350.0
SAL20576,Clonbinane,VIC,347.0,410.66,475.0,475.0,475.0
SAL20577,Clover Flat,VIC,15.0,26.63,0.0,0.0,0.0
SAL20578,Cloverlea,VIC,178.0,28.98,235.0,235.0,235.0
SAL20579,Club Terrace,VIC,25.0,799.05,0.0,0.0,0.0
SAL20580,Clunes (Vic.),VIC,1844.0,238.35,220.0,220.0,220.0
SAL20581,Clyde (Vic.),VIC,11177.0,65.12,401.0,401.0,401.0
SAL20582,Clyde North,VIC,31681.0,47.37,410.0,410.0,410.0
SAL20583,Clydebank,VIC,133.0,95.28,255.0,255.0,255.0
SAL20584,Clydesdale (Vic.),VIC,62.0,23.11,195.0,195.0,195.0
SAL20585,Coalville,VIC,55.0,13.83,0.0,0.0,0.0
SAL20586,Cobains,VIC,245.0,55.64,240.0,240.0,240.0
SAL20587,Cobaw,VIC,104.0,26.0,568.0,568.0,568.0
SAL20588,Cobbannah,VIC,0.0,301.82,0.0,0.0,0.0
SAL20589,Cobberas,VIC,0.0,703.0,0.0,0.0,0.0
SAL20590,Cobblebank,VIC,3601.0,12.08,370.0,370.0,370.0
SAL20591,Cobden,VIC,1804.0,125.26,220.0,220.0,220.0
SAL20592,Cobram,VIC,6148.0,124.11,250.0,250.0,250.0
SAL20593,Cobram East,VIC,232.0,63.93,320.0,320.0,320.0
SAL20594,Cobrico,VIC,72.0,60.6,0.0,0.0,0.0
SAL20595,Cobungra,VIC,58.0,287.27,0.0,0.0,0.0
SAL20596,Coburg,VIC,26574.0,11.08,430.0,430.0,430.0
SAL20597,Coburg North,VIC,8327.0,7.66,401.0,401.0,401.0
SAL20598,Cocamba,VIC,4.0,81.61,0.0,0.0,0.0
SAL20599,Cochranes Creek,VIC,9.0,82.9,0.0,0.0,0.0
SAL20600,Cockatoo (Vic.),VIC,4408.0,45.42,370.0,370.0,370.0
SAL20601,Cocoroc,VIC,0.0,104.57,0.0,0.0,0.0
SAL20602,Codrington (Vic.),VIC,37.0,102.3,50.0,50.0,50.0
SAL20603,Coghills Creek,VIC,80.0,26.2,0.0,0.0,0.0
SAL20604,Cohuna,VIC,2415.0,245.64,185.0,185.0,185.0
SAL20605,Coimadai,VIC,409.0,114.32,320.0,320.0,320.0
SAL20606,Cokum,VIC,0.0,81.26,0.0,0.0,0.0
SAL20607,Colac,VIC,9243.0,61.21,260.0,260.0,260.0
SAL20608,Colac Colac,VIC,61.0,48.32,200.0,200.0,200.0
SAL20609,Colac East,VIC,168.0,5.92,230.0,230.0,230.0
SAL20610,Colac West,VIC,89.0,11.37,230.0,230.0,230.0
SAL20611,Colbinabbin,VIC,285.0,237.18,200.0,200.0,200.0
SAL20612,Colbrook,VIC,41.0,29.94,200.0,200.0,200.0
SAL20613,Coldstream (Vic.),VIC,2199.0,88.99,371.0,371.0,371.0
SAL20614,Coleraine,VIC,1062.0,278.18,140.0,140.0,140.0
SAL20615,Colignan,VIC,305.0,131.03,120.0,120.0,120.0
SAL20616,Collingwood (Vic.),VIC,9179.0,2.03,425.0,425.0,425.0
SAL20617,Combienbar,VIC,7.0,525.28,0.0,0.0,0.0
SAL20618,Concongella,VIC,146.0,233.71,230.0,230.0,230.0
SAL20619,Condah,VIC,104.0,203.65,206.0,206.0,206.0
SAL20620,Congupna,VIC,620.0,83.49,295.0,295.0,295.0
SAL20621,Connewarre,VIC,953.0,104.94,365.0,365.0,365.0
SAL20622,Connewirricoo,VIC,23.0,77.9,0.0,0.0,0.0
SAL20623,Coojar,VIC,38.0,142.57,0.0,0.0,0.0
SAL20624,Coolaroo,VIC,3193.0,5.01,335.0,335.0,335.0
SAL20625,Cooma (Vic.),VIC,94.0,35.18,250.0,250.0,250.0
SAL20626,Coomboona,VIC,134.0,77.39,320.0,320.0,320.0
SAL20627,Coomoora,VIC,308.0,13.7,300.0,300.0,300.0
SAL20628,Coongulla,VIC,229.0,51.93,210.0,210.0,210.0
SAL20629,Coonooer Bridge,VIC,30.0,98.4,0.0,0.0,0.0
SAL20630,Coonooer West,VIC,18.0,75.68,0.0,0.0,0.0
SAL20631,Cooriemungle,VIC,311.0,239.9,180.0,180.0,180.0
SAL20632,Cope Cope,VIC,42.0,222.65,140.0,140.0,140.0
SAL20633,Cora Lynn,VIC,220.0,37.52,250.0,250.0,250.0
SAL20634,Corack,VIC,33.0,117.17,115.0,115.0,115.0
SAL20635,Corack East,VIC,10.0,65.55,0.0,0.0,0.0
SAL20636,Coragulac,VIC,171.0,17.39,213.0,213.0,213.0
SAL20637,Coral Bank,VIC,88.0,29.69,215.0,215.0,215.0
SAL20638,Corindhap,VIC,131.0,50.84,200.0,200.0,200.0
SAL20639,Corinella (Vic.),VIC,1181.0,27.4,320.0,320.0,320.0
SAL20640,Corio,VIC,15497.0,31.98,280.0,280.0,280.0
SAL20641,Corndale (Vic.),VIC,27.0,229.93,0.0,0.0,0.0
SAL20642,Cornella,VIC,43.0,116.3,0.0,0.0,0.0
SAL20643,Cornishtown,VIC,94.0,69.55,290.0,290.0,290.0
SAL20644,Coronet Bay,VIC,1108.0,6.69,281.0,281.0,281.0
SAL20645,Corop,VIC,161.0,202.43,210.0,210.0,210.0
SAL20646,Cororooke,VIC,358.0,28.69,230.0,230.0,230.0
SAL20647,Corringle,VIC,17.0,65.39,225.0,225.0,225.0
SAL20648,Corryong,VIC,1352.0,106.38,200.0,200.0,200.0
SAL20649,Corunnun,VIC,119.0,27.0,140.0,140.0,140.0
SAL20650,Cosgrove (Vic.),VIC,50.0,74.82,200.0,200.0,200.0
SAL20651,Cosgrove South,VIC,53.0,80.35,200.0,200.0,200.0
SAL20652,Costerfield,VIC,70.0,69.87,50.0,50.0,50.0
SAL20653,Cotswold,VIC,20.0,71.66,100.0,100.0,100.0
SAL20654,Cottles Bridge,VIC,609.0,29.46,260.0,260.0,260.0
SAL20655,Cowa,VIC,0.0,164.15,0.0,0.0,0.0
SAL20656,Cowangie,VIC,33.0,650.37,370.0,370.0,370.0
SAL20657,Cowes,VIC,6593.0,34.09,331.0,331.0,331.0
SAL20658,Cowleys Creek,VIC,34.0,25.1,200.0,200.0,200.0
SAL20659,Cowwarr,VIC,389.0,109.03,215.0,215.0,215.0
SAL20660,Craigie (Vic.),VIC,62.0,19.41,0.0,0.0,0.0
SAL20661,Craigieburn,VIC,65178.0,56.55,380.0,380.0,380.0
SAL20662,Cranbourne,VIC,21281.0,26.72,342.0,342.0,342.0
SAL20663,Cranbourne East,VIC,24679.0,21.46,400.0,400.0,400.0
SAL20664,Cranbourne North,VIC,24683.0,16.55,385.0,385.0,385.0
SAL20665,Cranbourne South,VIC,3241.0,32.39,470.0,470.0,470.0
SAL20666,Cranbourne West,VIC,19969.0,18.46,375.0,375.0,375.0
SAL20667,Creek Junction,VIC,34.0,218.52,180.0,180.0,180.0
SAL20668,Creek View,VIC,39.0,64.72,0.0,0.0,0.0
SAL20669,Creightons Creek,VIC,162.0,140.83,250.0,250.0,250.0
SAL20670,Cremorne (Vic.),VIC,2158.0,1.09,550.0,550.0,550.0
SAL20671,Cressy (Vic.),VIC,176.0,185.14,250.0,250.0,250.0
SAL20672,Creswick,VIC,3279.0,79.26,275.0,275.0,275.0
SAL20673,Creswick North,VIC,55.0,18.39,300.0,300.0,300.0
SAL20674,Crib Point,VIC,3343.0,10.69,340.0,340.0,340.0
SAL20675,Crookayan,VIC,0.0,155.86,0.0,0.0,0.0
SAL20676,Crooked River,VIC,5.0,313.04,0.0,0.0,0.0
SAL20677,Cross Roads (Vic.),VIC,27.0,87.14,180.0,180.0,180.0
SAL20678,Crossley,VIC,235.0,27.29,265.0,265.0,265.0
SAL20679,Crossover,VIC,161.0,26.83,350.0,350.0,350.0
SAL20680,Crowlands,VIC,72.0,224.16,119.0,119.0,119.0
SAL20681,Croxton East,VIC,70.0,120.61,250.0,250.0,250.0
SAL20682,Croydon (Vic.),VIC,28608.0,22.62,380.0,380.0,380.0
SAL20683,Croydon Hills,VIC,4839.0,3.75,491.0,491.0,491.0
SAL20684,Croydon North,VIC,8092.0,6.42,410.0,410.0,410.0
SAL20685,Croydon South,VIC,4759.0,4.12,410.0,410.0,410.0
SAL20686,Crymelon,VIC,15.0,196.37,200.0,200.0,200.0
SAL20687,Cudgee,VIC,311.0,35.19,225.0,225.0,225.0
SAL20688,Cudgewa,VIC,254.0,366.39,130.0,130.0,130.0
SAL20689,Culgoa,VIC,86.0,246.14,55.0,55.0,55.0
SAL20690,Culla,VIC,31.0,107.27,65.0,65.0,65.0
SAL20691,Cullen,VIC,36.0,42.41,195.0,195.0,195.0
SAL20692,Cullulleraine,VIC,81.0,235.04,105.0,105.0,105.0
SAL20693,Cundare,VIC,15.0,27.38,0.0,0.0,0.0
SAL20694,Cundare North,VIC,10.0,81.1,270.0,270.0,270.0
SAL20695,Curdies River,VIC,25.0,12.68,75.0,75.0,75.0
SAL20696,Curdievale,VIC,125.0,71.09,190.0,190.0,190.0
SAL20697,Curlewis (Vic.),VIC,4175.0,32.83,405.0,405.0,405.0
SAL20698,Curyo,VIC,20.0,215.86,60.0,60.0,60.0
SAL20699,Dadswells Bridge,VIC,69.0,201.96,196.0,196.0,196.0
SAL20700,Daisy Hill (Vic.),VIC,398.0,58.03,230.0,230.0,230.0
SAL20701,Dales Creek,VIC,403.0,3.31,271.0,271.0,271.0
SAL20702,Dallas,VIC,6762.0,3.88,323.0,323.0,323.0
SAL20703,Dalmore,VIC,142.0,28.65,300.0,300.0,300.0
SAL20704,Daltons Bridge,VIC,57.0,29.71,0.0,0.0,0.0
SAL20705,Dalyenong,VIC,0.0,149.23,0.0,0.0,0.0
SAL20706,Dalyston,VIC,843.0,40.54,280.0,280.0,280.0
SAL20707,Dandenong,VIC,30127.0,18.35,319.0,319.0,319.0
SAL20708,Dandenong North,VIC,22550.0,15.25,341.0,341.0,341.0
SAL20709,Dandenong South,VIC,125.0,47.58,245.0,245.0,245.0
SAL20710,Dandongadale,VIC,8.0,468.64,0.0,0.0,0.0
SAL20711,Dargo,VIC,105.0,1571.63,160.0,160.0,160.0
SAL20712,Darley,VIC,9190.0,43.04,320.0,320.0,320.0
SAL20713,Darlimurla,VIC,46.0,26.55,0.0,0.0,0.0
SAL20714,Darlington (Vic.),VIC,84.0,259.74,155.0,155.0,155.0
SAL20715,Darnum,VIC,759.0,62.15,307.0,307.0,307.0
SAL20716,Darraweit Guim,VIC,402.0,114.03,261.0,261.0,261.0
SAL20717,Darriman,VIC,12.0,322.29,0.0,0.0,0.0
SAL20718,Dartmoor (Vic.),VIC,299.0,461.44,153.0,153.0,153.0
SAL20719,Dartmouth,VIC,130.0,1458.6,200.0,200.0,200.0
SAL20720,Dawson (Vic.),VIC,40.0,32.58,230.0,230.0,230.0
SAL20721,Daylesford,VIC,2781.0,60.18,331.0,331.0,331.0
SAL20722,Dean,VIC,132.0,47.16,260.0,260.0,260.0
SAL20723,Deans Marsh,VIC,368.0,92.9,288.0,288.0,288.0
SAL20724,Deanside,VIC,654.0,16.34,401.0,401.0,401.0
SAL20725,Deddick Valley,VIC,12.0,750.69,50.0,50.0,50.0
SAL20726,Dederang,VIC,198.0,118.74,162.0,162.0,162.0
SAL20727,Deep Lead,VIC,210.0,115.35,450.0,450.0,450.0
SAL20728,Deepdene (Vic.),VIC,2101.0,1.4,501.0,501.0,501.0
SAL20729,Deer Park,VIC,18145.0,13.75,350.0,350.0,350.0
SAL20730,Delacombe,VIC,5408.0,8.49,310.0,310.0,310.0
SAL20731,Delahey,VIC,8077.0,5.61,350.0,350.0,350.0
SAL20732,Delatite,VIC,13.0,38.17,150.0,150.0,150.0
SAL20733,Delburn,VIC,37.0,65.57,220.0,220.0,220.0
SAL20734,Delegate River,VIC,41.0,136.88,0.0,0.0,0.0
SAL20735,Denicull Creek,VIC,19.0,54.45,0.0,0.0,0.0
SAL20736,Denison,VIC,453.0,130.23,200.0,200.0,200.0
SAL20737,Dennington,VIC,1994.0,19.53,370.0,370.0,370.0
SAL20738,Denver,VIC,148.0,29.37,350.0,350.0,350.0
SAL20739,Deptford,VIC,0.0,557.89,0.0,0.0,0.0
SAL20740,Derby (Vic.),VIC,18.0,58.97,92.0,92.0,92.0
SAL20741,Dereel,VIC,664.0,94.75,300.0,300.0,300.0
SAL20742,Dergholm,VIC,57.0,457.46,130.0,130.0,130.0
SAL20743,Derrimut,VIC,8651.0,20.55,400.0,400.0,400.0
SAL20744,Derrinal,VIC,99.0,94.34,320.0,320.0,320.0
SAL20745,Derrinallum,VIC,386.0,441.31,170.0,170.0,170.0
SAL20746,Devenish,VIC,208.0,150.19,245.0,245.0,245.0
SAL20747,Devils River,VIC,14.0,118.16,0.0,0.0,0.0
SAL20748,Devon Meadows,VIC,1551.0,38.28,392.0,392.0,392.0
SAL20749,Devon North,VIC,352.0,105.22,250.0,250.0,250.0
SAL20750,Dewhurst,VIC,151.0,10.94,300.0,300.0,300.0
SAL20751,Dhurringile,VIC,369.0,109.97,215.0,215.0,215.0
SAL20752,Diamond Creek,VIC,12503.0,28.51,430.0,430.0,430.0
SAL20753,Digby,VIC,122.0,182.42,120.0,120.0,120.0
SAL20754,Diggers Rest,VIC,5669.0,108.18,397.0,397.0,397.0
SAL20755,Diggora,VIC,78.0,264.84,200.0,200.0,200.0
SAL20756,Dimboola,VIC,1635.0,683.37,170.0,170.0,170.0
SAL20757,Dingee,VIC,195.0,204.22,100.0,100.0,100.0
SAL20758,Dingley Village,VIC,10495.0,13.15,450.0,450.0,450.0
SAL20759,Dingwall,VIC,99.0,160.63,215.0,215.0,215.0
SAL20760,Dinner Plain,VIC,128.0,41.21,269.0,269.0,269.0
SAL20761,Dixie (Vic.),VIC,148.0,84.19,245.0,245.0,245.0
SAL20762,Dixons Creek,VIC,344.0,71.79,330.0,330.0,330.0
SAL20763,Dobie,VIC,33.0,98.4,346.0,346.0,346.0
SAL20764,Docker,VIC,106.0,65.78,250.0,250.0,250.0
SAL20765,Dockers Plains,VIC,59.0,61.49,195.0,195.0,195.0
SAL20766,Docklands,VIC,15495.0,5.05,411.0,411.0,411.0
SAL20767,Doctors Flat,VIC,13.0,28.05,0.0,0.0,0.0
SAL20768,Dollar,VIC,61.0,31.93,258.0,258.0,258.0
SAL20769,Don Valley,VIC,586.0,24.17,270.0,270.0,270.0
SAL20770,Donald,VIC,1472.0,482.78,180.0,180.0,180.0
SAL20771,Doncaster,VIC,25020.0,14.11,450.0,450.0,450.0
SAL20772,Doncaster East,VIC,30926.0,17.81,462.0,462.0,462.0
SAL20773,Donnybrook (Vic.),VIC,2100.0,44.84,401.0,401.0,401.0
SAL20774,Donvale,VIC,12644.0,18.75,450.0,450.0,450.0
SAL20775,Dooboobetic,VIC,13.0,149.12,92.0,92.0,92.0
SAL20776,Dooen,VIC,250.0,180.39,150.0,150.0,150.0
SAL20777,Dookie,VIC,333.0,108.1,210.0,210.0,210.0
SAL20778,Dookie College,VIC,51.0,25.51,185.0,185.0,185.0
SAL20779,Doreen,VIC,27122.0,51.44,397.0,397.0,397.0
SAL20780,Dorodong,VIC,21.0,354.11,100.0,100.0,100.0
SAL20781,Double Bridges,VIC,0.0,219.9,0.0,0.0,0.0
SAL20782,Douglas (Vic.),VIC,74.0,327.0,0.0,0.0,0.0
SAL20783,Doveton,VIC,9603.0,6.57,320.0,320.0,320.0
SAL20784,Dreeite,VIC,77.0,150.39,350.0,350.0,350.0
SAL20785,Dreeite South,VIC,28.0,24.1,0.0,0.0,0.0
SAL20786,Driffield,VIC,101.0,85.46,225.0,225.0,225.0
SAL20787,Drik Drik,VIC,46.0,161.62,160.0,160.0,160.0
SAL20788,Dromana,VIC,6626.0,49.31,380.0,380.0,380.0
SAL20789,Dropmore,VIC,19.0,37.19,0.0,0.0,0.0
SAL20790,Drouin,VIC,15287.0,84.79,330.0,330.0,330.0
SAL20791,Drouin East,VIC,177.0,10.2,298.0,298.0,298.0
SAL20792,Drouin South,VIC,343.0,68.45,313.0,313.0,313.0
SAL20793,Drouin West,VIC,361.0,38.15,193.0,193.0,193.0
SAL20794,Drumanure,VIC,41.0,33.07,320.0,320.0,320.0
SAL20795,Drumborg,VIC,160.0,376.71,180.0,180.0,180.0
SAL20796,Drumcondra,VIC,571.0,0.41,331.0,331.0,331.0
SAL20797,Drummartin,VIC,42.0,112.13,100.0,100.0,100.0
SAL20798,Drummond,VIC,294.0,53.47,380.0,380.0,380.0
SAL20799,Drummond North,VIC,203.0,81.86,230.0,230.0,230.0
SAL20800,Drung,VIC,119.0,172.98,190.0,190.0,190.0
SAL20801,Dry Diggings,VIC,41.0,12.4,321.0,321.0,321.0
SAL20802,Drysdale,VIC,4976.0,63.95,340.0,340.0,340.0
SAL20803,Duchembegarra,VIC,47.0,298.93,0.0,0.0,0.0
SAL20804,Dumbalk,VIC,455.0,90.76,268.0,268.0,268.0
SAL20805,Dumbalk North,VIC,90.0,35.01,400.0,400.0,400.0
SAL20806,Dumosa,VIC,18.0,237.69,0.0,0.0,0.0
SAL20807,Dunach,VIC,83.0,38.18,200.0,200.0,200.0
SAL20808,Dundonnell,VIC,52.0,295.01,255.0,255.0,255.0
SAL20809,Dunkeld (Vic.),VIC,688.0,464.35,220.0,220.0,220.0
SAL20810,Dunluce,VIC,36.0,145.69,0.0,0.0,0.0
SAL20811,Dunneworthy,VIC,15.0,60.38,160.0,160.0,160.0
SAL20812,Dunnstown,VIC,259.0,36.82,175.0,175.0,175.0
SAL20813,Dunolly (Vic.),VIC,899.0,164.43,192.0,192.0,192.0
SAL20814,Dunrobin,VIC,70.0,72.04,0.0,0.0,0.0
SAL20815,Durdidwarrah,VIC,12.0,28.33,230.0,230.0,230.0
SAL20816,Durham Lead,VIC,408.0,52.17,412.0,412.0,412.0
SAL20817,Durham Ox,VIC,60.0,224.37,115.0,115.0,115.0
SAL20818,Dutson,VIC,32.0,165.78,500.0,500.0,500.0
SAL20819,Dutson Downs,VIC,0.0,171.99,0.0,0.0,0.0
SAL20820,Dutton Way,VIC,91.0,1.31,210.0,210.0,210.0
SAL20821,Duverney,VIC,23.0,99.95,0.0,0.0,0.0
SAL20822,Eagle Point,VIC,1306.0,29.09,310.0,310.0,310.0
SAL20823,Eaglehawk,VIC,5538.0,22.71,265.0,265.0,265.0
SAL20824,Eaglehawk North,VIC,13.0,9.33,0.0,0.0,0.0
SAL20825,Eaglemont,VIC,3960.0,3.54,453.0,453.0,453.0
SAL20826,Earlston,VIC,82.0,99.15,0.0,0.0,0.0
SAL20827,East Bairnsdale,VIC,1352.0,58.97,250.0,250.0,250.0
SAL20828,East Bendigo,VIC,2246.0,15.96,295.0,295.0,295.0
SAL20829,East Geelong,VIC,4012.0,5.47,350.0,350.0,350.0
SAL20830,East Melbourne,VIC,4896.0,2.98,480.0,480.0,480.0
SAL20831,East Sale,VIC,210.0,13.99,75.0,75.0,75.0
SAL20832,East Wangaratta,VIC,66.0,31.35,231.0,231.0,231.0
SAL20833,East Warburton,VIC,906.0,269.96,300.0,300.0,300.0
SAL20834,Eastern View,VIC,47.0,31.46,0.0,0.0,0.0
SAL20835,Eastville,VIC,13.0,41.58,250.0,250.0,250.0
SAL20836,Eastwood (Vic.),VIC,2855.0,3.85,370.0,370.0,370.0
SAL20837,Ebden,VIC,110.0,37.93,100.0,100.0,100.0
SAL20838,Echuca,VIC,15056.0,221.03,285.0,285.0,285.0
SAL20839,Echuca Village,VIC,577.0,61.77,250.0,250.0,250.0
SAL20840,Echuca West,VIC,442.0,111.72,350.0,350.0,350.0
SAL20841,Ecklin South,VIC,222.0,135.53,200.0,200.0,200.0
SAL20842,Eddington,VIC,113.0,126.47,180.0,180.0,180.0
SAL20843,Eden Park,VIC,1194.0,38.92,381.0,381.0,381.0
SAL20844,Edenhope,VIC,937.0,784.9,165.0,165.0,165.0
SAL20845,Edgecombe,VIC,103.0,17.77,0.0,0.0,0.0
SAL20846,Edi,VIC,60.0,66.32,263.0,263.0,263.0
SAL20847,Edi Upper,VIC,109.0,243.67,150.0,150.0,150.0
SAL20848,Edithvale,VIC,6276.0,3.33,429.0,429.0,429.0
SAL20849,Eganstown,VIC,206.0,34.54,200.0,200.0,200.0
SAL20850,Eildon,VIC,944.0,813.51,250.0,250.0,250.0
SAL20851,Elaine,VIC,232.0,172.73,166.0,166.0,166.0
SAL20852,Eldorado,VIC,382.0,86.94,225.0,225.0,225.0
SAL20853,Elevated Plains,VIC,39.0,5.97,0.0,0.0,0.0
SAL20854,Elingamite,VIC,57.0,27.5,0.0,0.0,0.0
SAL20855,Elingamite North,VIC,118.0,64.12,150.0,150.0,150.0
SAL20856,Elizabeth Island,VIC,0.0,0.32,0.0,0.0,0.0
SAL20857,Ellaswood,VIC,206.0,24.36,280.0,280.0,280.0
SAL20858,Ellerslie (Vic.),VIC,157.0,189.87,141.0,141.0,141.0
SAL20859,Elliminyt,VIC,3260.0,56.59,290.0,290.0,290.0
SAL20860,Ellinbank,VIC,229.0,36.57,225.0,225.0,225.0
SAL20861,Elmhurst,VIC,185.0,109.36,97.0,97.0,97.0
SAL20862,Elmore,VIC,847.0,209.76,220.0,220.0,220.0
SAL20863,Elphinstone (Vic.),VIC,633.0,132.26,203.0,203.0,203.0
SAL20864,Elsternwick,VIC,10887.0,4.19,441.0,441.0,441.0
SAL20865,Eltham (Vic.),VIC,18847.0,26.55,440.0,440.0,440.0
SAL20866,Eltham North,VIC,6830.0,6.43,512.0,512.0,512.0
SAL20867,Elwood,VIC,15153.0,4.17,415.0,415.0,415.0
SAL20868,Emerald (Vic.),VIC,5890.0,81.22,400.0,400.0,400.0
SAL20869,Emu,VIC,37.0,127.65,203.0,203.0,203.0
SAL20870,Emu Creek (Vic.),VIC,376.0,29.86,320.0,320.0,320.0
SAL20871,Endeavour Hills,VIC,24455.0,24.86,375.0,375.0,375.0
SAL20872,Enfield (Vic.),VIC,574.0,157.88,285.0,285.0,285.0
SAL20873,Englefield,VIC,23.0,65.8,0.0,0.0,0.0
SAL20874,Enochs Point,VIC,3.0,59.15,0.0,0.0,0.0
SAL20875,Ensay,VIC,155.0,253.73,150.0,150.0,150.0
SAL20876,Ensay North,VIC,29.0,107.67,0.0,0.0,0.0
SAL20877,Eppalock,VIC,746.0,132.4,320.0,320.0,320.0
SAL20878,Epping (Vic.),VIC,33489.0,56.35,361.0,361.0,361.0
SAL20879,Epsom (Vic.),VIC,5014.0,13.92,340.0,340.0,340.0
SAL20880,Ercildoune,VIC,90.0,139.71,200.0,200.0,200.0
SAL20881,Erica,VIC,184.0,23.05,203.0,203.0,203.0
SAL20882,Errinundra,VIC,0.0,408.29,0.0,0.0,0.0
SAL20883,Eskdale (Vic.),VIC,238.0,479.43,175.0,175.0,175.0
SAL20884,Esmond,VIC,17.0,14.61,0.0,0.0,0.0
SAL20885,Essendon,VIC,21240.0,9.87,380.0,380.0,380.0
SAL20886,Essendon Fields,VIC,13.0,5.37,0.0,0.0,0.0
SAL20887,Essendon North,VIC,3071.0,1.17,360.0,360.0,360.0
SAL20888,Essendon West,VIC,1559.0,1.64,450.0,450.0,450.0
SAL20889,Eumemmerring,VIC,2285.0,1.81,323.0,323.0,323.0
SAL20890,Eurack,VIC,43.0,55.96,200.0,200.0,200.0
SAL20891,Eureka (Vic.),VIC,633.0,0.68,270.0,270.0,270.0
SAL20892,Euroa,VIC,3508.0,292.43,250.0,250.0,250.0
SAL20893,Eurobin,VIC,239.0,85.61,225.0,225.0,225.0
SAL20894,Evansford,VIC,147.0,93.43,180.0,180.0,180.0
SAL20895,Eversley,VIC,14.0,45.13,0.0,0.0,0.0
SAL20896,Everton,VIC,193.0,65.78,210.0,210.0,210.0
SAL20897,Everton Upper,VIC,154.0,105.89,270.0,270.0,270.0
SAL20898,Exford,VIC,133.0,17.04,429.0,429.0,429.0
SAL20899,Eynesbury,VIC,2838.0,97.74,380.0,380.0,380.0
SAL20900,Fairbank,VIC,52.0,15.66,0.0,0.0,0.0
SAL20901,Fairfield (Vic.),VIC,6535.0,5.67,369.0,369.0,369.0
SAL20902,Fairhaven,VIC,390.0,13.02,340.0,340.0,340.0
SAL20903,Fairley,VIC,14.0,52.35,0.0,0.0,0.0
SAL20904,Fairy Dell (Campaspe - Vic.),VIC,93.0,44.64,265.0,265.0,265.0
SAL20905,Fairy Dell (East Gippsland - Vic.),VIC,0.0,107.19,0.0,0.0,0.0
SAL20906,Falls Creek (Vic.),VIC,326.0,262.61,539.0,539.0,539.0
SAL20907,Faraday,VIC,194.0,36.43,315.0,315.0,315.0
SAL20908,Fawcett,VIC,82.0,107.72,425.0,425.0,425.0
SAL20909,Fawkner,VIC,14274.0,8.37,376.0,376.0,376.0
SAL20910,Fentons Creek,VIC,27.0,105.28,0.0,0.0,0.0
SAL20911,Ferguson (Vic.),VIC,13.0,20.61,220.0,220.0,220.0
SAL20912,Fern Hill,VIC,125.0,29.98,231.0,231.0,231.0
SAL20913,Fernbank,VIC,194.0,193.63,200.0,200.0,200.0
SAL20914,Ferndale (Vic.),VIC,48.0,25.22,0.0,0.0,0.0
SAL20915,Fernihurst,VIC,32.0,84.5,0.0,0.0,0.0
SAL20916,Fernshaw,VIC,0.0,104.65,0.0,0.0,0.0
SAL20917,Ferntree Gully,VIC,27398.0,22.51,386.0,386.0,386.0
SAL20918,Ferny Creek,VIC,1524.0,7.26,400.0,400.0,400.0
SAL20919,Fiery Flat,VIC,28.0,145.74,0.0,0.0,0.0
SAL20920,Fingal (Vic.),VIC,637.0,29.64,418.0,418.0,418.0
SAL20921,Fish Creek,VIC,858.0,259.36,235.0,235.0,235.0
SAL20922,Fish Point,VIC,11.0,47.61,230.0,230.0,230.0
SAL20923,Fiskville,VIC,18.0,45.43,100.0,100.0,100.0
SAL20924,Fitzroy (Vic.),VIC,10431.0,2.26,451.0,451.0,451.0
SAL20925,Fitzroy North,VIC,12781.0,3.97,481.0,481.0,481.0
SAL20926,Flaggy Creek,VIC,104.0,17.75,200.0,200.0,200.0
SAL20927,Flagstaff,VIC,97.0,5.91,235.0,235.0,235.0
SAL20928,Flamingo Beach,VIC,0.0,9.36,0.0,0.0,0.0
SAL20929,Flemington,VIC,7025.0,4.6,300.0,300.0,300.0
SAL20930,Flinders (Vic.),VIC,1130.0,90.05,451.0,451.0,451.0
SAL20931,Flora Hill,VIC,3989.0,4.59,290.0,290.0,290.0
SAL20932,Flowerdale (Vic.),VIC,790.0,239.05,286.0,286.0,286.0
SAL20933,Flynn (Vic.),VIC,188.0,165.99,258.0,258.0,258.0
SAL20934,Flynns Creek,VIC,12.0,13.69,0.0,0.0,0.0
SAL20935,Footscray,VIC,17131.0,8.1,355.0,355.0,355.0
SAL20936,Forbes (Vic.),VIC,158.0,55.03,425.0,425.0,425.0
SAL20937,Forest Hill (Vic.),VIC,10780.0,6.54,396.0,396.0,396.0
SAL20938,Forge Creek,VIC,346.0,144.49,220.0,220.0,220.0
SAL20939,Forrest (Vic.),VIC,257.0,69.79,290.0,290.0,290.0
SAL20940,Foster,VIC,2044.0,187.54,240.0,240.0,240.0
SAL20941,Foster North,VIC,152.0,72.14,385.0,385.0,385.0
SAL20942,Fosterville,VIC,57.0,73.0,240.0,240.0,240.0
SAL20943,Foxhow,VIC,31.0,100.3,0.0,0.0,0.0
SAL20944,Framlingham,VIC,169.0,75.26,140.0,140.0,140.0
SAL20945,Framlingham East,VIC,25.0,31.87,150.0,150.0,150.0
SAL20946,Franklinford,VIC,71.0,37.51,500.0,500.0,500.0
SAL20947,Frankston,VIC,37331.0,32.03,342.0,342.0,342.0
SAL20948,Frankston North,VIC,5711.0,8.28,315.0,315.0,315.0
SAL20949,Frankston South,VIC,18801.0,23.6,420.0,420.0,420.0
SAL20950,Fraser Rise,VIC,9097.0,33.98,431.0,431.0,431.0
SAL20951,Freeburgh,VIC,136.0,40.41,350.0,350.0,350.0
SAL20952,French Island,VIC,141.0,276.89,346.0,346.0,346.0
SAL20953,Frenchmans,VIC,7.0,54.37,0.0,0.0,0.0
SAL20954,Freshwater Creek,VIC,454.0,87.03,300.0,300.0,300.0
SAL20955,Fryerstown,VIC,232.0,50.05,275.0,275.0,275.0
SAL20956,Fulham (Vic.),VIC,994.0,88.21,133.0,133.0,133.0
SAL20957,Fumina,VIC,11.0,23.33,0.0,0.0,0.0
SAL20958,Fumina South,VIC,65.0,73.17,230.0,230.0,230.0
SAL20959,Fyans Creek,VIC,47.0,53.44,175.0,175.0,175.0
SAL20960,Fyansford,VIC,1206.0,40.2,485.0,485.0,485.0
SAL20961,Gaffneys Creek,VIC,3.0,269.55,400.0,400.0,400.0
SAL20962,Gainsborough,VIC,61.0,10.66,125.0,125.0,125.0
SAL20963,Gannawarra,VIC,110.0,86.49,100.0,100.0,100.0
SAL20964,Gapsted,VIC,156.0,83.48,256.0,256.0,256.0
SAL20965,Gardenvale,VIC,1019.0,0.42,301.0,301.0,301.0
SAL20966,Garfield,VIC,2114.0,42.73,330.0,330.0,330.0
SAL20967,Garfield North,VIC,236.0,34.12,387.0,387.0,387.0
SAL20968,Garibaldi,VIC,131.0,18.82,0.0,0.0,0.0
SAL20969,Garvoc,VIC,248.0,168.75,200.0,200.0,200.0
SAL20970,Gateway Island,VIC,0.0,5.7,0.0,0.0,0.0
SAL20971,Gatum,VIC,35.0,140.96,200.0,200.0,200.0
SAL20972,Gazette,VIC,42.0,125.75,200.0,200.0,200.0
SAL20973,Geelong,VIC,5811.0,5.36,370.0,370.0,370.0
SAL20974,Geelong West,VIC,7345.0,3.81,350.0,350.0,350.0
SAL20975,Gelantipy,VIC,23.0,390.4,125.0,125.0,125.0
SAL20976,Gellibrand,VIC,230.0,154.56,235.0,235.0,235.0
SAL20977,Gellibrand Lower,VIC,19.0,79.51,438.0,438.0,438.0
SAL20978,Gelliondale,VIC,43.0,18.49,300.0,300.0,300.0
SAL20979,Gembrook,VIC,2559.0,325.89,360.0,360.0,360.0
SAL20980,Genoa,VIC,66.0,604.47,0.0,0.0,0.0
SAL20981,Gentle Annie,VIC,0.0,307.88,0.0,0.0,0.0
SAL20982,Georges Creek (Vic.),VIC,75.0,74.77,210.0,210.0,210.0
SAL20983,Gerahmin,VIC,11.0,204.46,0.0,0.0,0.0
SAL20984,Gerang Gerung,VIC,65.0,272.11,110.0,110.0,110.0
SAL20985,Gerangamete,VIC,112.0,89.34,205.0,205.0,205.0
SAL20986,Germania,VIC,17.0,35.36,200.0,200.0,200.0
SAL20987,Germantown (Vic.),VIC,0.0,43.54,0.0,0.0,0.0
SAL20988,Gerrigerrup,VIC,31.0,144.77,250.0,250.0,250.0
SAL20989,Gherang,VIC,391.0,46.53,324.0,324.0,324.0
SAL20990,Gheringhap,VIC,132.0,46.27,460.0,460.0,460.0
SAL20991,Ghin Ghin,VIC,64.0,139.74,0.0,0.0,0.0
SAL20992,Giffard,VIC,73.0,197.85,255.0,255.0,255.0
SAL20993,Giffard West,VIC,72.0,156.88,248.0,248.0,248.0
SAL20994,Gil Gil,VIC,23.0,51.96,0.0,0.0,0.0
SAL20995,Gilderoy,VIC,62.0,22.81,550.0,550.0,550.0
SAL20996,Gillieston,VIC,45.0,20.49,210.0,210.0,210.0
SAL20997,Gillum,VIC,0.0,76.14,0.0,0.0,0.0
SAL20998,Gipsy Point,VIC,31.0,22.78,90.0,90.0,90.0
SAL20999,Girgarre,VIC,563.0,130.05,180.0,180.0,180.0
SAL21000,Girgarre East,VIC,143.0,65.93,275.0,275.0,275.0
SAL21001,Gisborne,VIC,10142.0,153.89,423.0,423.0,423.0
SAL21002,Gisborne South,VIC,854.0,28.4,462.0,462.0,462.0
SAL21003,Gladfield (Vic.),VIC,32.0,60.14,225.0,225.0,225.0
SAL21004,Gladstone Park,VIC,8213.0,6.18,381.0,381.0,381.0
SAL21005,Gladysdale,VIC,423.0,38.53,300.0,300.0,300.0
SAL21006,Glen Alvie,VIC,182.0,44.99,243.0,243.0,243.0
SAL21007,Glen Creek,VIC,59.0,62.09,210.0,210.0,210.0
SAL21008,Glen Forbes,VIC,118.0,42.07,308.0,308.0,308.0
SAL21009,Glen Huntly,VIC,4905.0,1.44,391.0,391.0,391.0
SAL21010,Glen Iris (Vic.),VIC,26131.0,13.23,450.0,450.0,450.0
SAL21011,Glen Park,VIC,110.0,32.49,0.0,0.0,0.0
SAL21012,Glen Valley,VIC,23.0,462.17,0.0,0.0,0.0
SAL21013,Glen Waverley,VIC,42642.0,27.08,480.0,480.0,480.0
SAL21014,Glen Wills,VIC,4.0,54.32,0.0,0.0,0.0
SAL21015,Glenaire,VIC,33.0,170.29,0.0,0.0,0.0
SAL21016,Glenaladale,VIC,48.0,106.85,100.0,100.0,100.0
SAL21017,Glenalbyn,VIC,21.0,125.03,280.0,280.0,280.0
SAL21018,Glenaroua,VIC,208.0,231.19,275.0,275.0,275.0
SAL21019,Glenbrae,VIC,30.0,43.12,275.0,275.0,275.0
SAL21020,Glenburn,VIC,443.0,258.14,320.0,320.0,320.0
SAL21021,Glendaruel,VIC,49.0,21.63,515.0,515.0,515.0
SAL21022,Glendonald,VIC,12.0,21.18,0.0,0.0,0.0
SAL21023,Glenfalloch,VIC,0.0,174.27,0.0,0.0,0.0
SAL21024,Glenfyne,VIC,131.0,88.01,125.0,125.0,125.0
SAL21025,Glengarry (Vic.),VIC,1113.0,158.08,270.0,270.0,270.0
SAL21026,Glengarry North,VIC,215.0,73.41,225.0,225.0,225.0
SAL21027,Glengarry West,VIC,155.0,47.41,250.0,250.0,250.0
SAL21028,Glengower,VIC,15.0,87.2,0.0,0.0,0.0
SAL21029,Glenhope,VIC,66.0,140.04,162.0,162.0,162.0
SAL21030,Glenhope East,VIC,17.0,40.69,100.0,100.0,100.0
SAL21031,Glenisla,VIC,23.0,598.62,34.0,34.0,34.0
SAL21032,Glenlee (Vic.),VIC,71.0,240.59,185.0,185.0,185.0
SAL21033,Glenlofty,VIC,11.0,89.97,250.0,250.0,250.0
SAL21034,Glenlogie,VIC,29.0,103.45,0.0,0.0,0.0
SAL21035,Glenloth,VIC,7.0,111.93,100.0,100.0,100.0
SAL21036,Glenloth East,VIC,14.0,75.48,0.0,0.0,0.0
SAL21037,Glenluce,VIC,17.0,28.86,0.0,0.0,0.0
SAL21038,Glenlyon (Vic.),VIC,431.0,119.91,306.0,306.0,306.0
SAL21039,Glenmaggie,VIC,279.0,363.28,250.0,250.0,250.0
SAL21040,Glenmore (Vic.),VIC,75.0,72.68,100.0,100.0,100.0
SAL21041,Glenorchy (Vic.),VIC,131.0,276.3,150.0,150.0,150.0
SAL21042,Glenormiston North,VIC,63.0,28.42,100.0,100.0,100.0
SAL21043,Glenormiston South,VIC,123.0,32.99,220.0,220.0,220.0
SAL21044,Glenpatrick,VIC,13.0,30.83,0.0,0.0,0.0
SAL21045,Glenrowan,VIC,1049.0,60.9,280.0,280.0,280.0
SAL21046,Glenrowan West,VIC,75.0,67.74,160.0,160.0,160.0
SAL21047,Glenroy (Vic.),VIC,23792.0,14.76,369.0,369.0,369.0
SAL21048,Glenthompson,VIC,256.0,502.21,183.0,183.0,183.0
SAL21049,Glomar Beach,VIC,21.0,13.5,0.0,0.0,0.0
SAL21050,Gnarwarre,VIC,297.0,111.8,390.0,390.0,390.0
SAL21051,Gnotuk,VIC,120.0,31.75,130.0,130.0,130.0
SAL21052,Gobarup,VIC,45.0,160.34,400.0,400.0,400.0
SAL21053,Gobur,VIC,102.0,107.43,290.0,290.0,290.0
SAL21054,Golden Beach (Vic.),VIC,356.0,31.52,200.0,200.0,200.0
SAL21055,Golden Gully,VIC,213.0,5.02,315.0,315.0,315.0
SAL21056,Golden Point (Ballarat - Vic.),VIC,2217.0,2.95,290.0,290.0,290.0
SAL21057,Golden Point (Mount Alexander - Vic.),VIC,102.0,13.2,300.0,300.0,300.0
SAL21058,Golden Square,VIC,9220.0,13.26,295.0,295.0,295.0
SAL21059,Goldie,VIC,253.0,53.44,345.0,345.0,345.0
SAL21060,Goldsborough (Vic.),VIC,37.0,43.16,0.0,0.0,0.0
SAL21061,Gong Gong,VIC,6.0,5.43,0.0,0.0,0.0
SAL21062,Gonn Crossing,VIC,50.0,11.9,150.0,150.0,150.0
SAL21063,Goomalibee,VIC,91.0,94.47,200.0,200.0,200.0
SAL21064,Goon Nure,VIC,137.0,279.08,200.0,200.0,200.0
SAL21065,Goongerah,VIC,31.0,512.53,104.0,104.0,104.0
SAL21066,Gooram,VIC,141.0,170.3,165.0,165.0,165.0
SAL21067,Gooramadda,VIC,62.0,57.15,290.0,290.0,290.0
SAL21068,Goorambat,VIC,269.0,167.04,190.0,190.0,190.0
SAL21069,Goornong,VIC,718.0,190.76,245.0,245.0,245.0
SAL21070,Gooroc,VIC,19.0,80.29,105.0,105.0,105.0
SAL21071,Gorae,VIC,236.0,115.84,460.0,460.0,460.0
SAL21072,Gorae West,VIC,237.0,114.35,218.0,218.0,218.0
SAL21073,Gordon (Vic.),VIC,1393.0,73.51,320.0,320.0,320.0
SAL21074,Gormandale,VIC,324.0,150.86,113.0,113.0,113.0
SAL21075,Goroke,VIC,295.0,503.44,100.0,100.0,100.0
SAL21076,Goschen,VIC,35.0,244.1,150.0,150.0,150.0
SAL21077,Goughs Bay,VIC,328.0,59.07,268.0,268.0,268.0
SAL21078,Goulburn Weir,VIC,90.0,30.43,130.0,130.0,130.0
SAL21079,Gowanbrae,VIC,2971.0,1.68,445.0,445.0,445.0
SAL21080,Gowanford,VIC,8.0,73.4,0.0,0.0,0.0
SAL21081,Gowangardie,VIC,18.0,54.64,0.0,0.0,0.0
SAL21082,Gowar East,VIC,23.0,115.14,0.0,0.0,0.0
SAL21083,Gower,VIC,45.0,43.99,300.0,300.0,300.0
SAL21084,Grahamvale,VIC,685.0,23.12,160.0,160.0,160.0
SAL21085,Grampians,VIC,0.0,497.04,0.0,0.0,0.0
SAL21086,Grand Ridge,VIC,10.0,226.76,0.0,0.0,0.0
SAL21087,Grangefields,VIC,132.0,10.33,480.0,480.0,480.0
SAL21088,Granite Rock,VIC,261.0,26.74,0.0,0.0,0.0
SAL21089,Grantville,VIC,1168.0,24.46,300.0,300.0,300.0
SAL21090,Granya,VIC,88.0,149.72,330.0,330.0,330.0
SAL21091,Grassdale (Vic.),VIC,54.0,232.53,0.0,0.0,0.0
SAL21092,Grassmere,VIC,385.0,160.09,295.0,295.0,295.0
SAL21093,Grays Bridge,VIC,0.0,37.23,0.0,0.0,0.0
SAL21094,Graytown,VIC,60.0,54.23,169.0,169.0,169.0
SAL21095,Gre Gre,VIC,10.0,104.02,0.0,0.0,0.0
SAL21096,Gre Gre North,VIC,13.0,108.27,50.0,50.0,50.0
SAL21097,Gre Gre South,VIC,19.0,79.84,0.0,0.0,0.0
SAL21098,Great Western,VIC,425.0,244.4,200.0,200.0,200.0
SAL21099,Gredgwin,VIC,13.0,73.9,0.0,0.0,0.0
SAL21100,Green Gully (Vic.),VIC,71.0,11.14,163.0,163.0,163.0
SAL21101,Greendale (Vic.),VIC,623.0,83.4,375.0,375.0,375.0
SAL21102,Greenhill (Vic.),VIC,60.0,16.77,380.0,380.0,380.0
SAL21103,Greens Creek (Vic.),VIC,52.0,310.0,0.0,0.0,0.0
SAL21104,Greensborough,VIC,21070.0,16.41,404.0,404.0,404.0
SAL21105,Greenvale (Vic.),VIC,21274.0,48.82,430.0,430.0,430.0
SAL21106,Greenwald,VIC,58.0,254.72,150.0,150.0,150.0
SAL21107,Grenville,VIC,113.0,94.82,0.0,0.0,0.0
SAL21108,Greta (Vic.),VIC,86.0,63.65,250.0,250.0,250.0
SAL21109,Greta South,VIC,131.0,97.29,205.0,205.0,205.0
SAL21110,Greta West,VIC,157.0,71.1,215.0,215.0,215.0
SAL21111,Grey River,VIC,4.0,8.9,0.0,0.0,0.0
SAL21112,Gringegalgona,VIC,44.0,152.5,200.0,200.0,200.0
SAL21113,Gritjurk,VIC,61.0,96.34,0.0,0.0,0.0
SAL21114,Grovedale,VIC,14869.0,11.53,350.0,350.0,350.0
SAL21115,Gruyere,VIC,966.0,87.7,296.0,296.0,296.0
SAL21116,Guildford (Vic.),VIC,330.0,82.76,250.0,250.0,250.0
SAL21117,Gunbower,VIC,578.0,201.13,185.0,185.0,185.0
SAL21118,Gundowring,VIC,208.0,141.24,250.0,250.0,250.0
SAL21119,Gunyah,VIC,0.0,33.95,0.0,0.0,0.0
SAL21120,Guys Forest,VIC,20.0,277.46,0.0,0.0,0.0
SAL21121,Guys Hill,VIC,388.0,6.27,0.0,0.0,0.0
SAL21122,Gymbowen,VIC,60.0,218.79,90.0,90.0,90.0
SAL21123,Haddon,VIC,1276.0,54.69,400.0,400.0,400.0
SAL21124,Hadfield,VIC,6269.0,4.87,370.0,370.0,370.0
SAL21125,Hallam,VIC,11355.0,13.11,361.0,361.0,361.0
SAL21126,Hallora,VIC,136.0,35.09,314.0,314.0,314.0
SAL21127,Halls Gap,VIC,495.0,123.68,250.0,250.0,250.0
SAL21128,Hallston,VIC,157.0,80.53,1300.0,1300.0,1300.0
SAL21129,Hamilton (Vic.),VIC,10346.0,317.74,235.0,235.0,235.0
SAL21130,Hamlyn Heights,VIC,6518.0,4.5,345.0,345.0,345.0
SAL21131,Hampton (Vic.),VIC,13518.0,6.84,500.0,500.0,500.0
SAL21132,Hampton East,VIC,5069.0,2.34,400.0,400.0,400.0
SAL21133,Hampton Park,VIC,26082.0,21.54,351.0,351.0,351.0
SAL21134,Hansonville,VIC,155.0,102.73,275.0,275.0,275.0
SAL21135,Happy Valley (Golden Plains - Vic.),VIC,87.0,32.4,150.0,150.0,150.0
SAL21136,Happy Valley (Swan Hill - Vic.),VIC,75.0,68.94,218.0,218.0,218.0
SAL21137,Harcourt,VIC,1038.0,44.81,305.0,305.0,305.0
SAL21138,Harcourt North,VIC,291.0,99.76,285.0,285.0,285.0
SAL21139,Harkaway,VIC,1011.0,20.28,375.0,375.0,375.0
SAL21140,Harkness,VIC,12463.0,26.7,350.0,350.0,350.0
SAL21141,Harmers Haven,VIC,62.0,1.69,200.0,200.0,200.0
SAL21142,Harrietville,VIC,488.0,183.25,290.0,290.0,290.0
SAL21143,Harrow,VIC,184.0,604.81,85.0,85.0,85.0
SAL21144,Harston,VIC,167.0,66.24,230.0,230.0,230.0
SAL21145,Hastings (Vic.),VIC,10369.0,42.13,320.0,320.0,320.0
SAL21146,Hattah,VIC,27.0,1284.81,0.0,0.0,0.0
SAL21147,Havelock,VIC,83.0,43.65,230.0,230.0,230.0
SAL21148,Haven,VIC,1443.0,43.1,303.0,303.0,303.0
SAL21149,Havilah (Vic.),VIC,22.0,11.59,0.0,0.0,0.0
SAL21150,Hawkesdale,VIC,311.0,358.14,180.0,180.0,180.0
SAL21151,Hawkhurst,VIC,6.0,59.76,0.0,0.0,0.0
SAL21152,Hawthorn (Vic.),VIC,22322.0,9.44,400.0,400.0,400.0
SAL21153,Hawthorn East,VIC,14834.0,5.6,415.0,415.0,415.0
SAL21154,Hazel Park,VIC,55.0,20.64,200.0,200.0,200.0
SAL21155,Hazelwood,VIC,189.0,74.86,203.0,203.0,203.0
SAL21156,Hazelwood North,VIC,1552.0,108.23,235.0,235.0,235.0
SAL21157,Hazelwood South,VIC,289.0,21.33,0.0,0.0,0.0
SAL21158,Healesville,VIC,7589.0,226.53,350.0,350.0,350.0
SAL21159,Heath Hill,VIC,189.0,44.94,250.0,250.0,250.0
SAL21160,Heathcote (Vic.),VIC,2962.0,205.11,255.0,255.0,255.0
SAL21161,Heathcote Junction,VIC,811.0,17.19,325.0,325.0,325.0
SAL21162,Heathcote South,VIC,22.0,36.33,320.0,320.0,320.0
SAL21163,Heatherton,VIC,2826.0,11.47,471.0,471.0,471.0
SAL21164,Heathmere,VIC,238.0,105.41,200.0,200.0,200.0
SAL21165,Heathmont,VIC,9933.0,7.16,400.0,400.0,400.0
SAL21166,Hedley,VIC,108.0,144.45,190.0,190.0,190.0
SAL21167,Heidelberg,VIC,7360.0,4.7,400.0,400.0,400.0
SAL21168,Heidelberg Heights,VIC,6758.0,3.34,381.0,381.0,381.0
SAL21169,Heidelberg West,VIC,5252.0,5.15,306.0,306.0,306.0
SAL21170,Hensley Park,VIC,75.0,223.77,231.0,231.0,231.0
SAL21171,Henty (Vic.),VIC,75.0,96.86,0.0,0.0,0.0
SAL21172,Hepburn,VIC,631.0,6.36,350.0,350.0,350.0
SAL21173,Hepburn Springs,VIC,368.0,2.15,341.0,341.0,341.0
SAL21174,Herne Hill (Vic.),VIC,3507.0,2.43,270.0,270.0,270.0
SAL21175,Hernes Oak,VIC,365.0,34.76,100.0,100.0,100.0
SAL21176,Hesket,VIC,178.0,33.37,200.0,200.0,200.0
SAL21177,Hesse,VIC,14.0,87.8,200.0,200.0,200.0
SAL21178,Hexham (Vic.),VIC,130.0,360.41,175.0,175.0,175.0
SAL21179,Heyfield,VIC,2050.0,122.01,210.0,210.0,210.0
SAL21180,Heytesbury Lower,VIC,39.0,31.51,100.0,100.0,100.0
SAL21181,Heywood,VIC,1815.0,409.58,180.0,180.0,180.0
SAL21182,Hiamdale,VIC,36.0,43.56,0.0,0.0,0.0
SAL21183,Hiawatha,VIC,18.0,44.52,200.0,200.0,200.0
SAL21184,High Camp,VIC,122.0,88.48,300.0,300.0,300.0
SAL21185,Highett,VIC,12016.0,5.95,430.0,430.0,430.0
SAL21186,Highlands,VIC,151.0,173.25,158.0,158.0,158.0
SAL21187,Highton,VIC,20736.0,18.66,360.0,360.0,360.0
SAL21188,Hilgay,VIC,29.0,37.31,222.0,222.0,222.0
SAL21189,Hill End (Vic.),VIC,171.0,53.62,300.0,300.0,300.0
SAL21190,Hillcrest (Vic.),VIC,99.0,16.93,0.0,0.0,0.0
SAL21191,Hilldene,VIC,330.0,131.08,250.0,250.0,250.0
SAL21192,Hillside (East Gippsland - Vic.),VIC,290.0,99.17,385.0,385.0,385.0
SAL21193,Hillside (Melton - Vic.),VIC,17331.0,13.13,380.0,380.0,380.0
SAL21194,Hinnomunjie,VIC,21.0,21.84,0.0,0.0,0.0
SAL21195,Hmas Cerberus,VIC,1124.0,25.11,260.0,260.0,260.0
SAL21196,Hoddles Creek,VIC,676.0,70.74,365.0,365.0,365.0
SAL21197,Hollands Landing,VIC,28.0,14.42,100.0,100.0,100.0
SAL21198,Homebush (Vic.),VIC,31.0,59.21,195.0,195.0,195.0
SAL21199,Homerton,VIC,36.0,80.27,0.0,0.0,0.0
SAL21200,Homewood,VIC,70.0,77.33,323.0,323.0,323.0
SAL21201,Hopetoun (Vic.),VIC,694.0,1390.56,150.0,150.0,150.0
SAL21202,Hopetoun Park,VIC,914.0,11.88,375.0,375.0,375.0
SAL21203,Hoppers Crossing,VIC,37216.0,28.81,340.0,340.0,340.0
SAL21204,Hordern Vale,VIC,44.0,51.42,228.0,228.0,228.0
SAL21205,Horfield,VIC,93.0,44.39,183.0,183.0,183.0
SAL21206,Horsham,VIC,15134.0,37.16,245.0,245.0,245.0
SAL21207,Hotham Heights,VIC,128.0,592.09,470.0,470.0,470.0
SAL21208,Hotspur,VIC,34.0,343.66,150.0,150.0,150.0
SAL21209,Howes Creek,VIC,67.0,52.43,238.0,238.0,238.0
SAL21210,Howitt Plains,VIC,0.0,292.73,0.0,0.0,0.0
SAL21211,Howqua,VIC,158.0,61.6,0.0,0.0,0.0
SAL21212,Howqua Hills,VIC,5.0,182.51,0.0,0.0,0.0
SAL21213,Howqua Inlet,VIC,63.0,9.32,294.0,294.0,294.0
SAL21214,Hughesdale,VIC,7563.0,3.23,416.0,416.0,416.0
SAL21215,Humevale,VIC,352.0,57.28,330.0,330.0,330.0
SAL21216,Hunter,VIC,23.0,91.22,0.0,0.0,0.0
SAL21217,Hunterston,VIC,20.0,55.03,150.0,150.0,150.0
SAL21218,Huntingdale (Vic.),VIC,1949.0,1.28,400.0,400.0,400.0
SAL21219,Huntly,VIC,3585.0,68.16,360.0,360.0,360.0
SAL21220,Huntly North,VIC,46.0,73.35,220.0,220.0,220.0
SAL21221,Huon,VIC,206.0,69.9,253.0,253.0,253.0
SAL21222,Huon Creek,VIC,320.0,41.27,460.0,460.0,460.0
SAL21223,Hurstbridge,VIC,3554.0,23.71,420.0,420.0,420.0
SAL21224,Icy Creek,VIC,28.0,17.55,250.0,250.0,250.0
SAL21225,Iguana Creek,VIC,51.0,104.23,198.0,198.0,198.0
SAL21226,Illabarook,VIC,41.0,35.31,250.0,250.0,250.0
SAL21227,Illawarra,VIC,80.0,43.0,300.0,300.0,300.0
SAL21228,Illowa,VIC,304.0,33.74,380.0,380.0,380.0
SAL21229,Indented Head,VIC,1391.0,5.13,346.0,346.0,346.0
SAL21230,Indigo Valley,VIC,346.0,212.09,235.0,235.0,235.0
SAL21231,Inglewood (Vic.),VIC,886.0,165.85,200.0,200.0,200.0
SAL21232,Ingliston,VIC,96.0,67.47,400.0,400.0,400.0
SAL21233,Invergordon (Vic.),VIC,601.0,165.37,230.0,230.0,230.0
SAL21234,Inverleigh,VIC,1746.0,340.52,300.0,300.0,300.0
SAL21235,Inverloch,VIC,6526.0,179.04,346.0,346.0,346.0
SAL21236,Invermay (Vic.),VIC,900.0,35.81,325.0,325.0,325.0
SAL21237,Invermay Park,VIC,1692.0,4.0,340.0,340.0,340.0
SAL21238,Iona,VIC,240.0,39.78,250.0,250.0,250.0
SAL21239,Iraak,VIC,118.0,113.72,192.0,192.0,192.0
SAL21240,Irishtown (Vic.),VIC,16.0,3.84,0.0,0.0,0.0
SAL21241,Ironbark (Vic.),VIC,1163.0,1.44,275.0,275.0,275.0
SAL21242,Irrewarra,VIC,365.0,136.08,238.0,238.0,238.0
SAL21243,Irrewillipe,VIC,100.0,204.11,229.0,229.0,229.0
SAL21244,Irrewillipe East,VIC,84.0,70.24,238.0,238.0,238.0
SAL21245,Irymple (Vic.),VIC,5977.0,94.67,260.0,260.0,260.0
SAL21246,Ivanhoe (Vic.),VIC,13374.0,8.88,430.0,430.0,430.0
SAL21247,Ivanhoe East,VIC,3762.0,3.37,451.0,451.0,451.0
SAL21248,Jacana,VIC,2187.0,1.76,335.0,335.0,335.0
SAL21249,Jack River,VIC,161.0,81.27,228.0,228.0,228.0
SAL21250,Jackass Flat,VIC,1907.0,3.44,340.0,340.0,340.0
SAL21251,Jacob Creek,VIC,28.0,30.57,0.0,0.0,0.0
SAL21252,Jam Jerrup,VIC,106.0,16.67,231.0,231.0,231.0
SAL21253,Jamieson (Vic.),VIC,382.0,241.63,200.0,200.0,200.0
SAL21254,Jan Juc,VIC,4151.0,9.91,473.0,473.0,473.0
SAL21255,Jancourt,VIC,16.0,14.69,150.0,150.0,150.0
SAL21256,Jancourt East,VIC,185.0,168.21,241.0,241.0,241.0
SAL21257,Jarklin,VIC,49.0,203.38,0.0,0.0,0.0
SAL21258,Jarrahmond,VIC,117.0,102.59,238.0,238.0,238.0
SAL21259,Jarvis Creek,VIC,46.0,90.55,100.0,100.0,100.0
SAL21260,Jeeralang,VIC,76.0,108.24,0.0,0.0,0.0
SAL21261,Jeeralang Junction,VIC,584.0,19.04,250.0,250.0,250.0
SAL21262,Jeetho,VIC,124.0,33.33,295.0,295.0,295.0
SAL21263,Jeffcott,VIC,34.0,143.69,0.0,0.0,0.0
SAL21264,Jeffcott North,VIC,18.0,123.94,100.0,100.0,100.0
SAL21265,Jeparit,VIC,476.0,1099.3,120.0,120.0,120.0
SAL21266,Jericho (Vic.),VIC,0.0,379.02,0.0,0.0,0.0
SAL21267,Jeruk,VIC,6.0,65.61,0.0,0.0,0.0
SAL21268,Jil Jil,VIC,17.0,248.59,0.0,0.0,0.0
SAL21269,Jindivick,VIC,584.0,118.72,381.0,381.0,381.0
SAL21270,Joel Joel,VIC,17.0,87.14,160.0,160.0,160.0
SAL21271,Joel South,VIC,26.0,92.94,75.0,75.0,75.0
SAL21272,Johanna,VIC,85.0,61.28,200.0,200.0,200.0
SAL21273,Johnsonville,VIC,326.0,36.6,325.0,325.0,325.0
SAL21274,Joyces Creek,VIC,20.0,57.23,0.0,0.0,0.0
SAL21275,Jumbuk,VIC,42.0,37.6,138.0,138.0,138.0
SAL21276,Jumbunna,VIC,150.0,28.19,225.0,225.0,225.0
SAL21277,Junction Village,VIC,1051.0,1.92,326.0,326.0,326.0
SAL21278,Jungaburra,VIC,0.0,29.8,0.0,0.0,0.0
SAL21279,Junortoun,VIC,3862.0,33.43,380.0,380.0,380.0
SAL21280,Kaarimba,VIC,93.0,145.75,200.0,200.0,200.0
SAL21281,Kadnook,VIC,41.0,183.4,290.0,290.0,290.0
SAL21282,Kalimna,VIC,1350.0,12.57,280.0,280.0,280.0
SAL21283,Kalimna West,VIC,161.0,88.24,225.0,225.0,225.0
SAL21284,Kalkallo,VIC,5548.0,11.18,400.0,400.0,400.0
SAL21285,Kalkee,VIC,48.0,193.27,0.0,0.0,0.0
SAL21286,Kallista,VIC,1418.0,19.39,347.0,347.0,347.0
SAL21287,Kalorama,VIC,1277.0,13.59,416.0,416.0,416.0
SAL21288,Kalpienung,VIC,28.0,198.76,0.0,0.0,0.0
SAL21289,Kamarooka,VIC,89.0,264.3,205.0,205.0,205.0
SAL21290,Kamarooka North,VIC,9.0,47.05,0.0,0.0,0.0
SAL21291,Kanagulk,VIC,28.0,207.67,95.0,95.0,95.0
SAL21292,Kancoona,VIC,74.0,239.36,200.0,200.0,200.0
SAL21293,Kangaroo Flat (Vic.),VIC,11328.0,28.35,285.0,285.0,285.0
SAL21294,Kangaroo Ground,VIC,1208.0,50.26,383.0,383.0,383.0
SAL21295,Kaniva,VIC,891.0,1588.27,125.0,125.0,125.0
SAL21296,Kanumbra,VIC,53.0,47.8,120.0,120.0,120.0
SAL21297,Kanya,VIC,17.0,40.26,0.0,0.0,0.0
SAL21298,Kanyapella,VIC,51.0,102.37,205.0,205.0,205.0
SAL21299,Karabeal,VIC,29.0,111.64,0.0,0.0,0.0
SAL21300,Kardella,VIC,169.0,24.81,0.0,0.0,0.0
SAL21301,Kardella South,VIC,135.0,16.36,325.0,325.0,325.0
SAL21302,Kariah,VIC,94.0,260.07,163.0,163.0,163.0
SAL21303,Karnak,VIC,9.0,237.11,92.0,92.0,92.0
SAL21304,Karramomus,VIC,40.0,87.08,225.0,225.0,225.0
SAL21305,Karyrie,VIC,15.0,105.56,230.0,230.0,230.0
SAL21306,Katamatite,VIC,453.0,194.27,185.0,185.0,185.0
SAL21307,Katamatite East,VIC,30.0,54.32,200.0,200.0,200.0
SAL21308,Katandra,VIC,120.0,78.28,170.0,170.0,170.0
SAL21309,Katandra West,VIC,492.0,61.66,195.0,195.0,195.0
SAL21310,Katunga,VIC,1025.0,250.91,240.0,240.0,240.0
SAL21311,Kawarren,VIC,189.0,105.81,165.0,165.0,165.0
SAL21312,Kealba,VIC,3226.0,3.72,370.0,370.0,370.0
SAL21313,Keely,VIC,57.0,20.71,110.0,110.0,110.0
SAL21314,Keilor,VIC,5906.0,17.15,400.0,400.0,400.0
SAL21315,Keilor Downs,VIC,9857.0,8.03,360.0,360.0,360.0
SAL21316,Keilor East,VIC,15078.0,14.67,406.0,406.0,406.0
SAL21317,Keilor Lodge,VIC,1668.0,1.38,421.0,421.0,421.0
SAL21318,Keilor North,VIC,67.0,11.89,300.0,300.0,300.0
SAL21319,Keilor Park,VIC,2684.0,5.36,392.0,392.0,392.0
SAL21320,Kellalac,VIC,13.0,261.25,79.0,79.0,79.0
SAL21321,Kelvin View,VIC,76.0,52.43,300.0,300.0,300.0
SAL21322,Kenley,VIC,64.0,128.71,73.0,73.0,73.0
SAL21323,Kenmare (Vic.),VIC,3.0,131.5,0.0,0.0,0.0
SAL21324,Kennedys Creek,VIC,44.0,46.23,120.0,120.0,120.0
SAL21325,Kennett River,VIC,74.0,51.66,320.0,320.0,320.0
SAL21326,Kennington,VIC,5880.0,6.27,290.0,290.0,290.0
SAL21327,Kensington (Vic.),VIC,10745.0,3.43,416.0,416.0,416.0
SAL21328,Kerang,VIC,3960.0,222.92,200.0,200.0,200.0
SAL21329,Kerang East,VIC,44.0,59.83,180.0,180.0,180.0
SAL21330,Kergunyah,VIC,232.0,144.73,115.0,115.0,115.0
SAL21331,Kergunyah South,VIC,76.0,46.14,400.0,400.0,400.0
SAL21332,Kernot,VIC,118.0,42.05,140.0,140.0,140.0
SAL21333,Kerrie,VIC,83.0,30.75,210.0,210.0,210.0
SAL21334,Kerrisdale,VIC,86.0,59.84,138.0,138.0,138.0
SAL21335,Kevington,VIC,36.0,223.59,0.0,0.0,0.0
SAL21336,Kew (Vic.),VIC,24499.0,16.82,476.0,476.0,476.0
SAL21337,Kew East,VIC,6620.0,6.52,471.0,471.0,471.0
SAL21338,Kewell,VIC,57.0,180.86,211.0,211.0,211.0
SAL21339,Keysborough,VIC,30018.0,35.03,421.0,421.0,421.0
SAL21340,Kialla,VIC,8667.0,96.97,380.0,380.0,380.0
SAL21341,Kialla East,VIC,170.0,83.66,250.0,250.0,250.0
SAL21342,Kialla West,VIC,415.0,24.85,261.0,261.0,261.0
SAL21343,Kiata,VIC,64.0,187.08,0.0,0.0,0.0
SAL21344,Kiewa,VIC,483.0,59.19,290.0,290.0,290.0
SAL21345,Kilcunda,VIC,578.0,32.17,315.0,315.0,315.0
SAL21346,Killara (Glenelg - Vic.),VIC,9.0,300.85,100.0,100.0,100.0
SAL21347,Killara (Wodonga - Vic.),VIC,1485.0,2.54,400.0,400.0,400.0
SAL21348,Killarney (Vic.),VIC,195.0,22.04,300.0,300.0,300.0
SAL21349,Killawarra (Vic.),VIC,391.0,181.68,200.0,200.0,200.0
SAL21350,Killingworth (Vic.),VIC,156.0,67.68,231.0,231.0,231.0
SAL21351,Kilmany,VIC,165.0,74.08,210.0,210.0,210.0
SAL21352,Kilmore,VIC,9207.0,91.74,340.0,340.0,340.0
SAL21353,Kilmore East,VIC,450.0,87.06,248.0,248.0,248.0
SAL21354,Kilsyth,VIC,11699.0,14.97,391.0,391.0,391.0
SAL21355,Kilsyth South,VIC,2862.0,5.38,426.0,426.0,426.0
SAL21356,Kimbolton (Vic.),VIC,96.0,105.49,250.0,250.0,250.0
SAL21357,King Valley,VIC,87.0,35.64,325.0,325.0,325.0
SAL21358,Kinglake,VIC,1662.0,183.31,300.0,300.0,300.0
SAL21359,Kinglake Central,VIC,413.0,57.22,330.0,330.0,330.0
SAL21360,Kinglake West,VIC,1305.0,103.87,360.0,360.0,360.0
SAL21361,Kingower,VIC,46.0,72.72,0.0,0.0,0.0
SAL21362,Kings Park (Vic.),VIC,8203.0,4.05,321.0,321.0,321.0
SAL21363,Kingsbury,VIC,3460.0,2.04,361.0,361.0,361.0
SAL21364,Kingston (Vic.),VIC,190.0,30.25,230.0,230.0,230.0
SAL21365,Kingsville,VIC,3920.0,1.16,355.0,355.0,355.0
SAL21366,Kinnabulla,VIC,26.0,198.87,58.0,58.0,58.0
SAL21367,Kinypanial,VIC,12.0,112.41,200.0,200.0,200.0
SAL21368,Kirkstall,VIC,406.0,119.77,270.0,270.0,270.0
SAL21369,Kirwans Bridge,VIC,134.0,19.37,330.0,330.0,330.0
SAL21370,Kithbrook,VIC,67.0,59.67,175.0,175.0,175.0
SAL21371,Knebsworth,VIC,22.0,40.85,0.0,0.0,0.0
SAL21372,Knockwood,VIC,0.0,248.85,0.0,0.0,0.0
SAL21373,Knowsley,VIC,168.0,134.72,315.0,315.0,315.0
SAL21374,Knoxfield,VIC,7645.0,9.12,421.0,421.0,421.0
SAL21375,Koallah,VIC,28.0,25.2,210.0,210.0,210.0
SAL21376,Koetong,VIC,26.0,258.74,305.0,305.0,305.0
SAL21377,Kolora,VIC,188.0,187.18,180.0,180.0,180.0
SAL21378,Kongwak,VIC,207.0,61.84,138.0,138.0,138.0
SAL21379,Konongwootong,VIC,60.0,156.26,300.0,300.0,300.0
SAL21380,Koo Wee Rup,VIC,4047.0,95.62,320.0,320.0,320.0
SAL21381,Koo Wee Rup North,VIC,47.0,8.59,42.0,42.0,42.0
SAL21382,Kooloonong,VIC,19.0,562.85,0.0,0.0,0.0
SAL21383,Koonda,VIC,26.0,38.11,0.0,0.0,0.0
SAL21384,Koondrook,VIC,1101.0,89.65,200.0,200.0,200.0
SAL21385,Koonoomoo,VIC,305.0,72.42,200.0,200.0,200.0
SAL21386,Koonwarra,VIC,366.0,60.29,252.0,252.0,252.0
SAL21387,Kooreh,VIC,29.0,136.1,0.0,0.0,0.0
SAL21388,Koorlong,VIC,397.0,195.26,280.0,280.0,280.0
SAL21389,Koornalla,VIC,89.0,41.23,0.0,0.0,0.0
SAL21390,Kooroocheang,VIC,41.0,63.42,0.0,0.0,0.0
SAL21391,Koorool,VIC,0.0,156.84,0.0,0.0,0.0
SAL21392,Koorooman,VIC,115.0,32.56,330.0,330.0,330.0
SAL21393,Kooyong,VIC,842.0,0.81,590.0,590.0,590.0
SAL21394,Koriella,VIC,66.0,59.38,250.0,250.0,250.0
SAL21395,Korobeit,VIC,75.0,23.14,378.0,378.0,378.0
SAL21396,Koroit,VIC,2184.0,68.23,280.0,280.0,280.0
SAL21397,Korong Vale,VIC,143.0,42.17,130.0,130.0,130.0
SAL21398,Koroop,VIC,63.0,76.18,160.0,160.0,160.0
SAL21399,Korumburra,VIC,4749.0,97.85,270.0,270.0,270.0
SAL21400,Korumburra South,VIC,114.0,26.0,225.0,225.0,225.0
SAL21401,Korweinguboora,VIC,196.0,49.77,175.0,175.0,175.0
SAL21402,Kotta,VIC,134.0,88.3,170.0,170.0,170.0
SAL21403,Kotupna,VIC,132.0,194.85,83.0,83.0,83.0
SAL21404,Koyuga,VIC,355.0,144.38,115.0,115.0,115.0
SAL21405,Krowera,VIC,134.0,40.0,225.0,225.0,225.0
SAL21406,Kulwin (Vic.),VIC,16.0,743.64,150.0,150.0,150.0
SAL21407,Kunat,VIC,45.0,175.66,120.0,120.0,120.0
SAL21408,Kurraca,VIC,5.0,45.58,300.0,300.0,300.0
SAL21409,Kurraca West,VIC,0.0,39.49,0.0,0.0,0.0
SAL21410,Kurting,VIC,61.0,83.28,230.0,230.0,230.0
SAL21411,Kurunjang,VIC,10711.0,16.57,321.0,321.0,321.0
SAL21412,Kyabram,VIC,7416.0,222.14,220.0,220.0,220.0
SAL21413,Kyabram South,VIC,69.0,27.38,175.0,175.0,175.0
SAL21414,Kyneton,VIC,7513.0,158.46,360.0,360.0,360.0
SAL21415,Kyneton South,VIC,116.0,35.32,282.0,282.0,282.0
SAL21416,Kyvalley,VIC,363.0,41.81,150.0,150.0,150.0
SAL21417,Laanecoorie,VIC,179.0,97.88,1550.0,1550.0,1550.0
SAL21418,Laang,VIC,115.0,50.07,170.0,170.0,170.0
SAL21419,Labertouche,VIC,386.0,103.33,411.0,411.0,411.0
SAL21420,Laceby,VIC,304.0,137.19,250.0,250.0,250.0
SAL21421,Ladys Pass,VIC,118.0,54.25,400.0,400.0,400.0
SAL21422,Laen,VIC,4.0,30.09,0.0,0.0,0.0
SAL21423,Laen East,VIC,6.0,37.62,135.0,135.0,135.0
SAL21424,Laen North,VIC,14.0,99.85,0.0,0.0,0.0
SAL21425,Lah,VIC,57.0,172.91,0.0,0.0,0.0
SAL21426,Laharum,VIC,162.0,343.85,185.0,185.0,185.0
SAL21427,Lake Boga,VIC,982.0,96.11,200.0,200.0,200.0
SAL21428,Lake Bolac,VIC,368.0,438.25,150.0,150.0,150.0
SAL21429,Lake Bunga,VIC,408.0,2.6,280.0,280.0,280.0
SAL21430,Lake Charm,VIC,147.0,219.16,188.0,188.0,188.0
SAL21431,Lake Condah,VIC,9.0,44.94,0.0,0.0,0.0
SAL21432,Lake Eildon,VIC,3.0,240.03,0.0,0.0,0.0
SAL21433,Lake Eppalock,VIC,0.0,49.24,0.0,0.0,0.0
SAL21434,Lake Fyans,VIC,23.0,61.06,300.0,300.0,300.0
SAL21435,Lake Gardens,VIC,1801.0,1.91,360.0,360.0,360.0
SAL21436,Lake Goldsmith,VIC,22.0,111.97,1.0,1.0,1.0
SAL21437,Lake Lonsdale,VIC,58.0,98.0,50.0,50.0,50.0
SAL21438,Lake Marmal,VIC,21.0,137.08,0.0,0.0,0.0
SAL21439,Lake Meran,VIC,22.0,84.03,130.0,130.0,130.0
SAL21440,Lake Mundi,VIC,37.0,638.15,180.0,180.0,180.0
SAL21441,Lake Powell,VIC,86.0,206.04,130.0,130.0,130.0
SAL21442,Lake Rowan,VIC,70.0,101.7,0.0,0.0,0.0
SAL21443,Lake Tyers,VIC,4.0,13.77,0.0,0.0,0.0
SAL21444,Lake Tyers Beach,VIC,802.0,10.07,275.0,275.0,275.0
SAL21445,Lake Tyrrell,VIC,0.0,290.61,0.0,0.0,0.0
SAL21446,Lake Wellington,VIC,0.0,239.56,0.0,0.0,0.0
SAL21447,Lake Wendouree,VIC,2878.0,7.28,321.0,321.0,321.0
SAL21448,Lake Wongan,VIC,3.0,38.9,0.0,0.0,0.0
SAL21449,Lakes Entrance,VIC,5145.0,47.43,252.0,252.0,252.0
SAL21450,Lal Lal,VIC,621.0,106.52,290.0,290.0,290.0
SAL21451,Lalbert,VIC,138.0,520.96,168.0,168.0,168.0
SAL21452,Lalor,VIC,23219.0,12.35,351.0,351.0,351.0
SAL21453,Lamplough,VIC,49.0,32.36,140.0,140.0,140.0
SAL21454,Lancaster,VIC,398.0,66.8,200.0,200.0,200.0
SAL21455,Lance Creek,VIC,143.0,34.49,200.0,200.0,200.0
SAL21456,Lancefield,VIC,2743.0,195.75,360.0,360.0,360.0
SAL21457,Landsborough (Vic.),VIC,200.0,144.15,210.0,210.0,210.0
SAL21458,Landsborough West,VIC,49.0,57.91,160.0,160.0,160.0
SAL21459,Lang Lang,VIC,2556.0,154.02,310.0,310.0,310.0
SAL21460,Lang Lang East,VIC,94.0,26.3,300.0,300.0,300.0
SAL21461,Langdons Hill,VIC,23.0,18.89,0.0,0.0,0.0
SAL21462,Langi Kal Kal,VIC,336.0,61.91,135.0,135.0,135.0
SAL21463,Langi Logan,VIC,23.0,68.07,175.0,175.0,175.0
SAL21464,Langkoop,VIC,100.0,337.62,110.0,110.0,110.0
SAL21465,Langley,VIC,52.0,37.5,0.0,0.0,0.0
SAL21466,Langsborough,VIC,100.0,6.6,283.0,283.0,283.0
SAL21467,Langwarrin,VIC,23588.0,46.72,365.0,365.0,365.0
SAL21468,Langwarrin South,VIC,1346.0,14.23,346.0,346.0,346.0
SAL21469,Lara,VIC,19014.0,144.14,370.0,370.0,370.0
SAL21470,Lardner,VIC,110.0,28.15,373.0,373.0,373.0
SAL21471,Larpent,VIC,200.0,83.85,260.0,260.0,260.0
SAL21472,Lascelles,VIC,82.0,480.91,100.0,100.0,100.0
SAL21473,Launching Place,VIC,2495.0,57.91,350.0,350.0,350.0
SAL21474,Lauriston,VIC,247.0,41.4,320.0,320.0,320.0
SAL21475,Lavers Hill,VIC,87.0,103.07,100.0,100.0,100.0
SAL21476,Laverton (Vic.),VIC,4760.0,6.04,330.0,330.0,330.0
SAL21477,Laverton North,VIC,119.0,24.83,240.0,240.0,240.0
SAL21478,Lawler,VIC,16.0,65.82,0.0,0.0,0.0
SAL21479,Lawloit,VIC,14.0,134.48,0.0,0.0,0.0
SAL21480,Lawrence (Vic.),VIC,8.0,17.92,0.0,0.0,0.0
SAL21481,Leaghur,VIC,20.0,105.14,0.0,0.0,0.0
SAL21482,Learmonth (Vic.),VIC,396.0,55.37,175.0,175.0,175.0
SAL21483,Ledcourt,VIC,43.0,152.71,195.0,195.0,195.0
SAL21484,Leichardt,VIC,167.0,116.29,215.0,215.0,215.0
SAL21485,Leigh Creek (Vic.),VIC,65.0,9.04,260.0,260.0,260.0
SAL21486,Leitchville,VIC,576.0,199.29,150.0,150.0,150.0
SAL21487,Lemnos,VIC,251.0,29.53,270.0,270.0,270.0
SAL21488,Leneva,VIC,1317.0,125.28,390.0,390.0,390.0
SAL21489,Leonards Hill,VIC,47.0,41.28,288.0,288.0,288.0
SAL21490,Leongatha,VIC,5869.0,67.62,270.0,270.0,270.0
SAL21491,Leongatha North,VIC,141.0,29.74,245.0,245.0,245.0
SAL21492,Leongatha South,VIC,616.0,225.55,240.0,240.0,240.0
SAL21493,Leopold,VIC,13272.0,45.29,375.0,375.0,375.0
SAL21494,Lerderderg,VIC,0.0,227.4,0.0,0.0,0.0
SAL21495,Leslie Manor,VIC,66.0,321.68,150.0,150.0,150.0
SAL21496,Lethbridge,VIC,1181.0,142.3,350.0,350.0,350.0
SAL21497,Lexton,VIC,284.0,223.54,200.0,200.0,200.0
SAL21498,Licola,VIC,7.0,393.43,20.0,20.0,20.0
SAL21499,Licola North,VIC,9.0,124.78,0.0,0.0,0.0
SAL21500,Lillico (Vic.),VIC,94.0,8.26,200.0,200.0,200.0
SAL21501,Lillicur,VIC,85.0,82.8,210.0,210.0,210.0
SAL21502,Lillimur,VIC,112.0,561.25,123.0,123.0,123.0
SAL21503,Lilliput,VIC,84.0,125.79,300.0,300.0,300.0
SAL21504,Lilydale (Vic.),VIC,17348.0,46.75,369.0,369.0,369.0
SAL21505,Lima,VIC,92.0,39.16,200.0,200.0,200.0
SAL21506,Lima East,VIC,165.0,85.25,275.0,275.0,275.0
SAL21507,Lima South,VIC,142.0,73.86,300.0,300.0,300.0
SAL21508,Limestone (Vic.),VIC,121.0,241.84,150.0,150.0,150.0
SAL21509,Lindenow,VIC,527.0,20.72,260.0,260.0,260.0
SAL21510,Lindenow South,VIC,475.0,197.89,280.0,280.0,280.0
SAL21511,Lindsay,VIC,9.0,108.75,0.0,0.0,0.0
SAL21512,Lindsay Point,VIC,32.0,249.7,100.0,100.0,100.0
SAL21513,Linga,VIC,13.0,399.34,0.0,0.0,0.0
SAL21514,Linton,VIC,635.0,103.91,300.0,300.0,300.0
SAL21515,Liparoo,VIC,33.0,160.48,138.0,138.0,138.0
SAL21516,Lismore (Vic.),VIC,472.0,392.9,140.0,140.0,140.0
SAL21517,Litchfield,VIC,36.0,165.59,110.0,110.0,110.0
SAL21518,Little Desert,VIC,5.0,803.11,0.0,0.0,0.0
SAL21519,Little Hampton,VIC,74.0,18.11,275.0,275.0,275.0
SAL21520,Little River (Vic.),VIC,1353.0,291.75,427.0,427.0,427.0
SAL21521,Llanelly,VIC,62.0,62.49,0.0,0.0,0.0
SAL21522,Llowalong,VIC,42.0,29.07,0.0,0.0,0.0
SAL21523,Loch,VIC,707.0,124.53,325.0,325.0,325.0
SAL21524,Loch Sport,VIC,1021.0,136.18,180.0,180.0,180.0
SAL21525,Loch Valley,VIC,0.0,45.84,0.0,0.0,0.0
SAL21526,Lockington,VIC,850.0,184.53,200.0,200.0,200.0
SAL21527,Locksley (Vic.),VIC,131.0,133.51,265.0,265.0,265.0
SAL21528,Lockwood,VIC,806.0,63.38,275.0,275.0,275.0
SAL21529,Lockwood South,VIC,1052.0,79.43,320.0,320.0,320.0
SAL21530,Loddon Vale,VIC,24.0,97.36,0.0,0.0,0.0
SAL21531,Logan,VIC,59.0,185.82,200.0,200.0,200.0
SAL21532,Londrigan,VIC,159.0,54.97,0.0,0.0,0.0
SAL21533,Long Forest,VIC,343.0,17.39,520.0,520.0,520.0
SAL21534,Long Gully,VIC,3420.0,5.43,250.0,250.0,250.0
SAL21535,Longerenong,VIC,237.0,381.89,160.0,160.0,160.0
SAL21536,Longford (Vic.),VIC,1489.0,509.52,274.0,274.0,274.0
SAL21537,Longlea,VIC,570.0,80.4,210.0,210.0,210.0
SAL21538,Longwarry,VIC,2436.0,79.41,330.0,330.0,330.0
SAL21539,Longwarry North,VIC,230.0,15.55,220.0,220.0,220.0
SAL21540,Longwood (Vic.),VIC,263.0,156.1,261.0,261.0,261.0
SAL21541,Longwood East,VIC,131.0,55.1,175.0,175.0,175.0
SAL21542,Lorne (Vic.),VIC,1327.0,168.01,363.0,363.0,363.0
SAL21543,Lorquon,VIC,8.0,19.68,0.0,0.0,0.0
SAL21544,Lovely Banks,VIC,2782.0,48.25,350.0,350.0,350.0
SAL21545,Lower Moira,VIC,30.0,115.46,0.0,0.0,0.0
SAL21546,Lower Norton,VIC,236.0,177.04,248.0,248.0,248.0
SAL21547,Lower Plenty,VIC,3962.0,10.93,400.0,400.0,400.0
SAL21548,Loy Yang,VIC,7.0,67.25,0.0,0.0,0.0
SAL21549,Lubeck,VIC,40.0,238.29,188.0,188.0,188.0
SAL21550,Lucas,VIC,2994.0,3.65,380.0,380.0,380.0
SAL21551,Lucknow (Vic.),VIC,1439.0,34.63,290.0,290.0,290.0
SAL21552,Lucyvale,VIC,25.0,256.85,0.0,0.0,0.0
SAL21553,Lurg,VIC,220.0,102.86,157.0,157.0,157.0
SAL21554,Lynbrook,VIC,9121.0,6.57,401.0,401.0,401.0
SAL21555,Lyndhurst (Vic.),VIC,8926.0,15.05,430.0,430.0,430.0
SAL21556,Lyons (Vic.),VIC,31.0,81.06,165.0,165.0,165.0
SAL21557,Lyonville,VIC,189.0,36.44,310.0,310.0,310.0
SAL21558,Lysterfield,VIC,6681.0,50.86,435.0,435.0,435.0
SAL21559,Lysterfield South,VIC,994.0,7.37,640.0,640.0,640.0
SAL21560,Macarthur (Vic.),VIC,469.0,482.81,158.0,158.0,158.0
SAL21561,Macclesfield (Vic.),VIC,878.0,46.45,289.0,289.0,289.0
SAL21562,Macedon,VIC,2073.0,61.91,371.0,371.0,371.0
SAL21563,Macks Creek,VIC,35.0,52.98,310.0,310.0,310.0
SAL21564,Macleod (Vic.),VIC,9892.0,7.32,396.0,396.0,396.0
SAL21565,Macorna,VIC,67.0,204.7,125.0,125.0,125.0
SAL21566,Macorna North,VIC,31.0,72.23,173.0,173.0,173.0
SAL21567,Macs Cove,VIC,121.0,8.51,206.0,206.0,206.0
SAL21568,Madalya,VIC,21.0,97.94,0.0,0.0,0.0
SAL21569,Maddingley,VIC,5491.0,40.9,366.0,366.0,366.0
SAL21570,Mafeking,VIC,20.0,373.01,0.0,0.0,0.0
SAL21571,Maffra (Vic.),VIC,5384.0,126.99,250.0,250.0,250.0
SAL21572,Maffra West Upper,VIC,73.0,36.27,390.0,390.0,390.0
SAL21573,Magpie,VIC,368.0,15.86,270.0,270.0,270.0
SAL21574,Maiden Gully,VIC,5407.0,62.57,380.0,380.0,380.0
SAL21575,Maidstone,VIC,9389.0,5.07,381.0,381.0,381.0
SAL21576,Mailors Flat,VIC,490.0,26.22,230.0,230.0,230.0
SAL21577,Main Lead,VIC,42.0,5.16,175.0,175.0,175.0
SAL21578,Main Ridge,VIC,453.0,46.87,354.0,354.0,354.0
SAL21579,Maindample,VIC,239.0,141.2,303.0,303.0,303.0
SAL21580,Maintongoon,VIC,75.0,100.58,0.0,0.0,0.0
SAL21581,Major Plains,VIC,36.0,65.3,0.0,0.0,0.0
SAL21582,Majorca,VIC,198.0,109.98,100.0,100.0,100.0
SAL21583,Maldon (Vic.),VIC,1665.0,74.96,268.0,268.0,268.0
SAL21584,Mallacoota,VIC,1183.0,388.21,221.0,221.0,221.0
SAL21585,Malmsbury,VIC,905.0,57.35,350.0,350.0,350.0
SAL21586,Malvern (Vic.),VIC,9929.0,4.7,450.0,450.0,450.0
SAL21587,Malvern East,VIC,22296.0,12.42,421.0,421.0,421.0
SAL21588,Mambourin,VIC,315.0,57.23,363.0,363.0,363.0
SAL21589,Manangatang,VIC,274.0,670.12,130.0,130.0,130.0
SAL21590,Mandurang,VIC,753.0,34.68,310.0,310.0,310.0
SAL21591,Mandurang South,VIC,280.0,36.91,320.0,320.0,320.0
SAL21592,Mangalore (Vic.),VIC,183.0,107.69,274.0,274.0,274.0
SAL21593,Manifold Heights,VIC,2681.0,1.52,310.0,310.0,310.0
SAL21594,Mannerim,VIC,108.0,48.6,490.0,490.0,490.0
SAL21595,Mannibadar,VIC,65.0,171.62,175.0,175.0,175.0
SAL21596,Manns Beach,VIC,29.0,11.86,0.0,0.0,0.0
SAL21597,Manor Lakes,VIC,12675.0,25.76,360.0,360.0,360.0
SAL21598,Manorina,VIC,7.0,50.91,0.0,0.0,0.0
SAL21599,Mansfield (Vic.),VIC,5541.0,424.34,331.0,331.0,331.0
SAL21600,Maramingo Creek,VIC,6.0,158.71,0.0,0.0,0.0
SAL21601,Marcus Hill,VIC,164.0,21.31,300.0,300.0,300.0
SAL21602,Mardan,VIC,248.0,97.71,277.0,277.0,277.0
SAL21603,Marengo (Vic.),VIC,272.0,4.44,282.0,282.0,282.0
SAL21604,Maribyrnong,VIC,12573.0,8.81,396.0,396.0,396.0
SAL21605,Marionvale,VIC,116.0,32.58,265.0,265.0,265.0
SAL21606,Markwood,VIC,230.0,68.38,230.0,230.0,230.0
SAL21607,Marlbed,VIC,6.0,178.21,0.0,0.0,0.0
SAL21608,Marlo,VIC,602.0,216.22,250.0,250.0,250.0
SAL21609,Marnoo,VIC,99.0,183.17,130.0,130.0,130.0
SAL21610,Marnoo East,VIC,6.0,45.66,0.0,0.0,0.0
SAL21611,Marnoo West,VIC,11.0,134.13,0.0,0.0,0.0
SAL21612,Marong,VIC,2005.0,118.81,350.0,350.0,350.0
SAL21613,Maroona,VIC,80.0,206.75,145.0,145.0,145.0
SAL21614,Marraweeney,VIC,77.0,66.88,250.0,250.0,250.0
SAL21615,Marshall,VIC,2299.0,3.31,390.0,390.0,390.0
SAL21616,Marthavale,VIC,0.0,361.48,0.0,0.0,0.0
SAL21617,Marungi,VIC,98.0,43.39,200.0,200.0,200.0
SAL21618,Maryborough (Vic.),VIC,8160.0,72.5,240.0,240.0,240.0
SAL21619,Maryknoll,VIC,646.0,5.43,96.0,96.0,96.0
SAL21620,Marysville,VIC,501.0,312.54,300.0,300.0,300.0
SAL21621,Maryvale (Vic.),VIC,43.0,64.72,105.0,105.0,105.0
SAL21622,Massey,VIC,23.0,163.02,0.0,0.0,0.0
SAL21623,Matlock,VIC,7.0,107.72,0.0,0.0,0.0
SAL21624,Maude (Vic.),VIC,211.0,57.43,480.0,480.0,480.0
SAL21625,Mccrae,VIC,3311.0,6.99,392.0,392.0,392.0
SAL21626,Mcintyre,VIC,47.0,40.09,0.0,0.0,0.0
SAL21627,Mckenzie Creek,VIC,140.0,58.47,250.0,250.0,250.0
SAL21628,Mckenzie Hill,VIC,775.0,5.6,409.0,409.0,409.0
SAL21629,Mckinnon,VIC,6878.0,2.54,516.0,516.0,516.0
SAL21630,Mcloughlins Beach,VIC,121.0,0.75,215.0,215.0,215.0
SAL21631,Mcmahons Creek,VIC,143.0,269.4,260.0,260.0,260.0
SAL21632,Mcmillans,VIC,87.0,52.87,150.0,150.0,150.0
SAL21633,Mead,VIC,102.0,43.66,200.0,200.0,200.0
SAL21634,Meadow Creek,VIC,112.0,114.96,40.0,40.0,40.0
SAL21635,Meadow Heights,VIC,14890.0,7.39,346.0,346.0,346.0
SAL21636,Meatian,VIC,19.0,75.95,100.0,100.0,100.0
SAL21637,Meeniyan,VIC,840.0,99.58,250.0,250.0,250.0
SAL21638,Meering West,VIC,12.0,168.74,0.0,0.0,0.0
SAL21639,Meerlieu,VIC,90.0,156.57,166.0,166.0,166.0
SAL21640,Melbourne,VIC,54941.0,10.57,381.0,381.0,381.0
SAL21641,Melbourne Airport,VIC,64.0,43.24,0.0,0.0,0.0
SAL21642,Melton (Vic.),VIC,7953.0,32.58,300.0,300.0,300.0
SAL21643,Melton South,VIC,11362.0,8.22,300.0,300.0,300.0
SAL21644,Melton West,VIC,8784.0,15.17,320.0,320.0,320.0
SAL21645,Melville Forest,VIC,63.0,160.82,150.0,150.0,150.0
SAL21646,Melwood,VIC,17.0,8.9,245.0,245.0,245.0
SAL21647,Mena Park,VIC,32.0,61.61,100.0,100.0,100.0
SAL21648,Mentone,VIC,13197.0,7.3,392.0,392.0,392.0
SAL21649,Menzies Creek,VIC,966.0,12.02,388.0,388.0,388.0
SAL21650,Mepunga,VIC,36.0,20.54,320.0,320.0,320.0
SAL21651,Mepunga East,VIC,73.0,31.87,180.0,180.0,180.0
SAL21652,Mepunga West,VIC,83.0,48.55,290.0,290.0,290.0
SAL21653,Merbein,VIC,2770.0,50.38,210.0,210.0,210.0
SAL21654,Merbein South,VIC,407.0,42.71,285.0,285.0,285.0
SAL21655,Merbein West,VIC,223.0,11.89,150.0,150.0,150.0
SAL21656,Meredith,VIC,821.0,338.83,300.0,300.0,300.0
SAL21657,Meringur,VIC,70.0,1106.97,50.0,50.0,50.0
SAL21658,Merino,VIC,249.0,156.21,100.0,100.0,100.0
SAL21659,Mernda,VIC,23369.0,38.01,381.0,381.0,381.0
SAL21660,Merriang,VIC,182.0,13.52,300.0,300.0,300.0
SAL21661,Merriang South,VIC,43.0,32.86,270.0,270.0,270.0
SAL21662,Merricks,VIC,184.0,19.46,258.0,258.0,258.0
SAL21663,Merricks Beach,VIC,157.0,1.02,436.0,436.0,436.0
SAL21664,Merricks North,VIC,423.0,41.09,258.0,258.0,258.0
SAL21665,Merrigum,VIC,679.0,86.3,180.0,180.0,180.0
SAL21666,Merrijig (East Gippsland - Vic.),VIC,0.0,314.09,0.0,0.0,0.0
SAL21667,Merrijig (Mansfield - Vic.),VIC,721.0,247.63,320.0,320.0,320.0
SAL21668,Merrimu,VIC,397.0,29.46,100.0,100.0,100.0
SAL21669,Merrinee,VIC,42.0,1277.97,50.0,50.0,50.0
SAL21670,Merton,VIC,216.0,187.83,200.0,200.0,200.0
SAL21671,Metcalfe,VIC,190.0,106.46,311.0,311.0,311.0
SAL21672,Metcalfe East,VIC,25.0,15.52,480.0,480.0,480.0
SAL21673,Metung,VIC,1899.0,44.38,346.0,346.0,346.0
SAL21674,Mia Mia (Vic.),VIC,213.0,239.01,240.0,240.0,240.0
SAL21675,Mickleham,VIC,17452.0,87.19,400.0,400.0,400.0
SAL21676,Middle Creek,VIC,22.0,58.94,120.0,120.0,120.0
SAL21677,Middle Park (Vic.),VIC,4000.0,1.36,602.0,602.0,602.0
SAL21678,Middle Tarwin,VIC,91.0,87.71,180.0,180.0,180.0
SAL21679,Miepoll,VIC,223.0,155.25,270.0,270.0,270.0
SAL21680,Miga Lake,VIC,33.0,283.5,0.0,0.0,0.0
SAL21681,Milawa,VIC,588.0,104.37,304.0,304.0,304.0
SAL21682,Mildura,VIC,34565.0,114.39,280.0,280.0,280.0
SAL21683,Mill Park,VIC,28712.0,20.89,366.0,366.0,366.0
SAL21684,Millbrook (Vic.),VIC,180.0,62.72,293.0,293.0,293.0
SAL21685,Millgrove,VIC,1666.0,15.0,305.0,305.0,305.0
SAL21686,Milloo,VIC,37.0,167.19,200.0,200.0,200.0
SAL21687,Milltown,VIC,46.0,114.39,258.0,258.0,258.0
SAL21688,Milnes Bridge,VIC,31.0,28.21,200.0,200.0,200.0
SAL21689,Mincha,VIC,62.0,124.2,150.0,150.0,150.0
SAL21690,Mincha West,VIC,16.0,115.99,115.0,115.0,115.0
SAL21691,Miners Rest,VIC,3829.0,47.82,360.0,360.0,360.0
SAL21692,Mingay,VIC,44.0,129.48,200.0,200.0,200.0
SAL21693,Minhamite,VIC,106.0,175.81,125.0,125.0,125.0
SAL21694,Minimay,VIC,64.0,429.87,96.0,96.0,96.0
SAL21695,Mininera,VIC,51.0,178.58,125.0,125.0,125.0
SAL21696,Minjah,VIC,65.0,141.44,200.0,200.0,200.0
SAL21697,Minmindie,VIC,13.0,60.45,120.0,120.0,120.0
SAL21698,Minyip,VIC,525.0,573.52,163.0,163.0,163.0
SAL21699,Miowera,VIC,0.0,216.07,0.0,0.0,0.0
SAL21700,Miralie,VIC,0.0,13.86,0.0,0.0,0.0
SAL21701,Miram,VIC,36.0,73.38,0.0,0.0,0.0
SAL21702,Mirboo,VIC,334.0,124.07,203.0,203.0,203.0
SAL21703,Mirboo North,VIC,2263.0,155.98,255.0,255.0,255.0
SAL21704,Mirimbah,VIC,0.0,27.54,0.0,0.0,0.0
SAL21705,Mirranatwa,VIC,31.0,236.26,125.0,125.0,125.0
SAL21706,Mitcham (Vic.),VIC,16795.0,10.64,406.0,406.0,406.0
SAL21707,Mitchell Park (Vic.),VIC,887.0,31.28,263.0,263.0,263.0
SAL21708,Mitchellstown,VIC,71.0,82.38,120.0,120.0,120.0
SAL21709,Mitiamo,VIC,116.0,303.34,150.0,150.0,150.0
SAL21710,Mitre,VIC,66.0,215.33,200.0,200.0,200.0
SAL21711,Mitta Mitta,VIC,171.0,1227.49,155.0,155.0,155.0
SAL21712,Mittyack,VIC,12.0,279.52,0.0,0.0,0.0
SAL21713,Mockinya,VIC,30.0,133.4,0.0,0.0,0.0
SAL21714,Modella,VIC,169.0,46.56,320.0,320.0,320.0
SAL21715,Modewarre,VIC,277.0,58.19,400.0,400.0,400.0
SAL21716,Moe,VIC,9375.0,29.42,200.0,200.0,200.0
SAL21717,Moe South,VIC,529.0,28.26,344.0,344.0,344.0
SAL21718,Moggs Creek,VIC,120.0,3.05,396.0,396.0,396.0
SAL21719,Moglonemby,VIC,28.0,77.79,210.0,210.0,210.0
SAL21720,Mokepilly,VIC,6.0,35.13,0.0,0.0,0.0
SAL21721,Molesworth (Vic.),VIC,91.0,139.39,351.0,351.0,351.0
SAL21722,Moliagul,VIC,80.0,85.46,178.0,178.0,178.0
SAL21723,Molka,VIC,34.0,187.91,165.0,165.0,165.0
SAL21724,Mollongghip,VIC,105.0,35.98,280.0,280.0,280.0
SAL21725,Mologa,VIC,20.0,118.99,0.0,0.0,0.0
SAL21726,Molyullah,VIC,160.0,136.59,260.0,260.0,260.0
SAL21727,Monbulk,VIC,3651.0,31.97,369.0,369.0,369.0
SAL21728,Monegeetta,VIC,207.0,40.88,190.0,190.0,190.0
SAL21729,Mongans Bridge,VIC,49.0,46.27,260.0,260.0,260.0
SAL21730,Monomak,VIC,0.0,238.16,0.0,0.0,0.0
SAL21731,Monomeith,VIC,69.0,30.48,150.0,150.0,150.0
SAL21732,Mont Albert,VIC,4948.0,2.73,451.0,451.0,451.0
SAL21733,Mont Albert North,VIC,5609.0,3.47,500.0,500.0,500.0
SAL21734,Montgomery,VIC,65.0,19.93,240.0,240.0,240.0
SAL21735,Montmorency,VIC,9250.0,6.13,420.0,420.0,420.0
SAL21736,Montrose (Vic.),VIC,6900.0,17.7,365.0,365.0,365.0
SAL21737,Moolap,VIC,1825.0,56.07,290.0,290.0,290.0
SAL21738,Moolerr,VIC,23.0,67.94,0.0,0.0,0.0
SAL21739,Moolort,VIC,44.0,149.37,0.0,0.0,0.0
SAL21740,Moonambel,VIC,185.0,99.12,150.0,150.0,150.0
SAL21741,Moondarra,VIC,49.0,197.68,0.0,0.0,0.0
SAL21742,Moonee Ponds,VIC,16224.0,6.98,400.0,400.0,400.0
SAL21743,Moonlight Flat (Central Goldfields - Vic.),VIC,85.0,22.16,280.0,280.0,280.0
SAL21744,Moonlight Flat (Mount Alexander - Vic.),VIC,81.0,4.83,650.0,650.0,650.0
SAL21745,Moora (Vic.),VIC,32.0,23.72,190.0,190.0,190.0
SAL21746,Moorabbin,VIC,6287.0,7.38,431.0,431.0,431.0
SAL21747,Moorabbin Airport,VIC,26.0,4.83,486.0,486.0,486.0
SAL21748,Moorabool,VIC,94.0,41.13,350.0,350.0,350.0
SAL21749,Mooralla,VIC,79.0,378.76,150.0,150.0,150.0
SAL21750,Moorilim,VIC,25.0,48.46,0.0,0.0,0.0
SAL21751,Moormbool West,VIC,43.0,218.19,180.0,180.0,180.0
SAL21752,Moornapa,VIC,5.0,324.43,0.0,0.0,0.0
SAL21753,Moorngag,VIC,75.0,65.23,100.0,100.0,100.0
SAL21754,Moorooduc,VIC,1004.0,69.63,351.0,351.0,351.0
SAL21755,Mooroolbark,VIC,23059.0,20.05,400.0,400.0,400.0
SAL21756,Mooroopna,VIC,8312.0,61.82,250.0,250.0,250.0
SAL21757,Mooroopna North,VIC,144.0,63.24,210.0,210.0,210.0
SAL21758,Mooroopna North West,VIC,67.0,30.79,230.0,230.0,230.0
SAL21759,Moranding,VIC,193.0,49.39,210.0,210.0,210.0
SAL21760,Mordialloc,VIC,8886.0,7.11,400.0,400.0,400.0
SAL21761,Morgiana,VIC,29.0,51.53,210.0,210.0,210.0
SAL21762,Moriac,VIC,852.0,29.15,410.0,410.0,410.0
SAL21763,Mornington (Vic.),VIC,25759.0,34.24,400.0,400.0,400.0
SAL21764,Moroka,VIC,0.0,216.55,0.0,0.0,0.0
SAL21765,Morrisons,VIC,118.0,109.93,250.0,250.0,250.0
SAL21766,Morrl Morrl,VIC,0.0,58.51,0.0,0.0,0.0
SAL21767,Mortlake (Vic.),VIC,1477.0,572.71,220.0,220.0,220.0
SAL21768,Morton Plains,VIC,10.0,208.69,0.0,0.0,0.0
SAL21769,Morwell,VIC,14389.0,72.7,215.0,215.0,215.0
SAL21770,Mossiface,VIC,138.0,17.56,305.0,305.0,305.0
SAL21771,Mount Alfred,VIC,39.0,94.29,220.0,220.0,220.0
SAL21772,Mount Beauty,VIC,910.0,83.96,270.0,270.0,270.0
SAL21773,Mount Beckworth,VIC,15.0,39.27,0.0,0.0,0.0
SAL21774,Mount Best,VIC,46.0,26.22,250.0,250.0,250.0
SAL21775,Mount Bolton,VIC,29.0,40.9,0.0,0.0,0.0
SAL21776,Mount Bruno,VIC,47.0,35.27,0.0,0.0,0.0
SAL21777,Mount Buffalo,VIC,5.0,320.27,220.0,220.0,220.0
SAL21778,Mount Buller,VIC,333.0,1538.46,241.0,241.0,241.0
SAL21779,Mount Burnett,VIC,180.0,16.47,200.0,200.0,200.0
SAL21780,Mount Bute,VIC,61.0,106.12,126.0,126.0,126.0
SAL21781,Mount Camel,VIC,136.0,99.28,125.0,125.0,125.0
SAL21782,Mount Cameron,VIC,15.0,49.88,100.0,100.0,100.0
SAL21783,Mount Clear,VIC,3671.0,16.2,310.0,310.0,310.0
SAL21784,Mount Cole,VIC,21.0,82.69,165.0,165.0,165.0
SAL21785,Mount Cole Creek,VIC,10.0,62.64,0.0,0.0,0.0
SAL21786,Mount Cottrell,VIC,496.0,106.18,462.0,462.0,462.0
SAL21787,Mount Dandenong,VIC,1271.0,12.74,415.0,415.0,415.0
SAL21788,Mount Doran,VIC,118.0,10.53,0.0,0.0,0.0
SAL21789,Mount Dryden,VIC,8.0,64.55,0.0,0.0,0.0
SAL21790,Mount Duneed,VIC,6182.0,84.62,446.0,446.0,446.0
SAL21791,Mount Eccles,VIC,139.0,33.1,75.0,75.0,75.0
SAL21792,Mount Egerton,VIC,706.0,89.36,275.0,275.0,275.0
SAL21793,Mount Eliza,VIC,18734.0,37.63,512.0,512.0,512.0
SAL21794,Mount Emu,VIC,28.0,90.0,100.0,100.0,100.0
SAL21795,Mount Evelyn,VIC,9799.0,27.25,365.0,365.0,365.0
SAL21796,Mount Franklin,VIC,99.0,27.13,190.0,190.0,190.0
SAL21797,Mount Glasgow,VIC,92.0,19.5,0.0,0.0,0.0
SAL21798,Mount Helen,VIC,3011.0,19.7,345.0,345.0,345.0
SAL21799,Mount Hooghly,VIC,18.0,71.76,138.0,138.0,138.0
SAL21800,Mount Lonarch,VIC,44.0,110.69,0.0,0.0,0.0
SAL21801,Mount Macedon,VIC,1450.0,53.99,330.0,330.0,330.0
SAL21802,Mount Major,VIC,10.0,23.89,0.0,0.0,0.0
SAL21803,Mount Martha,VIC,19846.0,49.1,496.0,496.0,496.0
SAL21804,Mount Mercer,VIC,94.0,172.7,258.0,258.0,258.0
SAL21805,Mount Moriac,VIC,251.0,65.95,300.0,300.0,300.0
SAL21806,Mount Napier,VIC,16.0,52.3,0.0,0.0,0.0
SAL21807,Mount Pleasant (Vic.),VIC,2225.0,3.24,280.0,280.0,280.0
SAL21808,Mount Prospect,VIC,41.0,22.14,0.0,0.0,0.0
SAL21809,Mount Richmond,VIC,42.0,526.56,0.0,0.0,0.0
SAL21810,Mount Rowan,VIC,295.0,13.7,400.0,400.0,400.0
SAL21811,Mount Sabine,VIC,0.0,8.25,0.0,0.0,0.0
SAL21812,Mount Tassie,VIC,0.0,31.8,0.0,0.0,0.0
SAL21813,Mount Taylor,VIC,330.0,138.34,290.0,290.0,290.0
SAL21814,Mount Toolebewong,VIC,119.0,22.31,280.0,280.0,280.0
SAL21815,Mount Wallace,VIC,117.0,109.71,275.0,275.0,275.0
SAL21816,Mount Waverley,VIC,35340.0,24.41,476.0,476.0,476.0
SAL21817,Mountain Bay,VIC,54.0,15.14,0.0,0.0,0.0
SAL21818,Mountain View (Vic.),VIC,85.0,34.69,168.0,168.0,168.0
SAL21819,Moutajup,VIC,108.0,167.91,200.0,200.0,200.0
SAL21820,Moyhu,VIC,437.0,151.13,200.0,200.0,200.0
SAL21821,Moyreisk,VIC,31.0,104.31,180.0,180.0,180.0
SAL21822,Moyston,VIC,403.0,359.85,200.0,200.0,200.0
SAL21823,Muckatah,VIC,170.0,53.99,280.0,280.0,280.0
SAL21824,Muckleford,VIC,426.0,81.84,330.0,330.0,330.0
SAL21825,Muckleford South,VIC,33.0,30.19,0.0,0.0,0.0
SAL21826,Mudgegonga,VIC,184.0,238.46,350.0,350.0,350.0
SAL21827,Mulgrave (Vic.),VIC,19889.0,17.28,430.0,430.0,430.0
SAL21828,Mumbannar,VIC,100.0,656.58,120.0,120.0,120.0
SAL21829,Mundoona,VIC,138.0,50.42,100.0,100.0,100.0
SAL21830,Munro,VIC,167.0,196.02,150.0,150.0,150.0
SAL21831,Muntham,VIC,29.0,40.9,0.0,0.0,0.0
SAL21832,Murchison (Vic.),VIC,884.0,156.13,245.0,245.0,245.0
SAL21833,Murchison East,VIC,140.0,45.99,150.0,150.0,150.0
SAL21834,Murchison North,VIC,185.0,50.42,295.0,295.0,295.0
SAL21835,Murgheboluc,VIC,132.0,54.36,120.0,120.0,120.0
SAL21836,Murmungee,VIC,69.0,81.26,80.0,80.0,80.0
SAL21837,Murnungin,VIC,14.0,114.53,0.0,0.0,0.0
SAL21838,Murphys Creek (Vic.),VIC,46.0,119.64,0.0,0.0,0.0
SAL21839,Murra Warra,VIC,63.0,233.35,750.0,750.0,750.0
SAL21840,Murrabit,VIC,230.0,78.46,158.0,158.0,158.0
SAL21841,Murrabit West,VIC,41.0,26.89,401.0,401.0,401.0
SAL21842,Murrawee,VIC,126.0,10.58,200.0,200.0,200.0
SAL21843,Murray-Sunset,VIC,8.0,9457.14,62.0,62.0,62.0
SAL21844,Murraydale,VIC,105.0,18.39,200.0,200.0,200.0
SAL21845,Murrayville,VIC,278.0,787.29,110.0,110.0,110.0
SAL21846,Murrindal,VIC,8.0,23.96,120.0,120.0,120.0
SAL21847,Murrindindi,VIC,114.0,363.72,245.0,245.0,245.0
SAL21848,Murroon,VIC,95.0,78.62,320.0,320.0,320.0
SAL21849,Murrumbeena,VIC,9996.0,4.23,386.0,386.0,386.0
SAL21850,Murtoa,VIC,897.0,502.6,178.0,178.0,178.0
SAL21851,Musk,VIC,177.0,27.03,250.0,250.0,250.0
SAL21852,Musk Vale,VIC,170.0,12.46,341.0,341.0,341.0
SAL21853,Muskerry,VIC,59.0,137.12,375.0,375.0,375.0
SAL21854,Myall (Buloke - Vic.),VIC,17.0,131.44,0.0,0.0,0.0
SAL21855,Myall (Gannawarra - Vic.),VIC,98.0,129.4,178.0,178.0,178.0
SAL21856,Myamyn,VIC,64.0,99.42,0.0,0.0,0.0
SAL21857,Myers Flat,VIC,545.0,47.06,190.0,190.0,190.0
SAL21858,Myola (Vic.),VIC,7.0,54.13,270.0,270.0,270.0
SAL21859,Myrniong,VIC,387.0,100.61,355.0,355.0,355.0
SAL21860,Myrrhee,VIC,168.0,245.11,203.0,203.0,203.0
SAL21861,Myrtle Creek (Vic.),VIC,68.0,74.17,0.0,0.0,0.0
SAL21862,Myrtlebank,VIC,126.0,24.27,120.0,120.0,120.0
SAL21863,Myrtleford,VIC,3285.0,123.77,250.0,250.0,250.0
SAL21864,Mysia,VIC,26.0,174.58,100.0,100.0,100.0
SAL21865,Mystic Park,VIC,212.0,151.51,200.0,200.0,200.0
SAL21866,Mywee,VIC,20.0,39.31,0.0,0.0,0.0
SAL21867,Nagambie,VIC,2254.0,226.33,295.0,295.0,295.0
SAL21868,Nalangil,VIC,72.0,28.77,180.0,180.0,180.0
SAL21869,Nalinga,VIC,22.0,30.48,160.0,160.0,160.0
SAL21870,Nambrok,VIC,280.0,108.44,250.0,250.0,250.0
SAL21871,Nandaly,VIC,30.0,139.85,140.0,140.0,140.0
SAL21872,Nangana,VIC,54.0,6.32,370.0,370.0,370.0
SAL21873,Nangeela,VIC,17.0,87.73,0.0,0.0,0.0
SAL21874,Nangiloc,VIC,153.0,86.95,185.0,185.0,185.0
SAL21875,Nanneella,VIC,425.0,148.16,200.0,200.0,200.0
SAL21876,Nap Nap Marra,VIC,0.0,215.78,0.0,0.0,0.0
SAL21877,Napoleons,VIC,555.0,73.87,200.0,200.0,200.0
SAL21878,Nar Nar Goon,VIC,1023.0,84.13,305.0,305.0,305.0
SAL21879,Nar Nar Goon North,VIC,819.0,67.81,361.0,361.0,361.0
SAL21880,Narbethong,VIC,201.0,246.69,191.0,191.0,191.0
SAL21881,Nareeb,VIC,48.0,145.56,220.0,220.0,220.0
SAL21882,Nareen,VIC,79.0,345.49,85.0,85.0,85.0
SAL21883,Nareewillock,VIC,24.0,144.18,0.0,0.0,0.0
SAL21884,Nariel Valley,VIC,87.0,1884.94,165.0,165.0,165.0
SAL21885,Naring,VIC,122.0,110.49,250.0,250.0,250.0
SAL21886,Naringal,VIC,124.0,51.4,200.0,200.0,200.0
SAL21887,Naringal East,VIC,96.0,53.7,125.0,125.0,125.0
SAL21888,Naroghid,VIC,66.0,34.25,270.0,270.0,270.0
SAL21889,Narracan,VIC,262.0,61.54,200.0,200.0,200.0
SAL21890,Narraport,VIC,50.0,255.32,125.0,125.0,125.0
SAL21891,Narrapumelap South,VIC,31.0,124.95,0.0,0.0,0.0
SAL21892,Narrawong,VIC,462.0,41.15,250.0,250.0,250.0
SAL21893,Narre Warren,VIC,27689.0,23.46,360.0,360.0,360.0
SAL21894,Narre Warren East,VIC,434.0,15.2,565.0,565.0,565.0
SAL21895,Narre Warren North,VIC,8033.0,35.5,410.0,410.0,410.0
SAL21896,Narre Warren South,VIC,30909.0,21.38,401.0,401.0,401.0
SAL21897,Narrung (Vic.),VIC,24.0,60.95,100.0,100.0,100.0
SAL21898,Nathalia,VIC,1982.0,290.95,194.0,194.0,194.0
SAL21899,Natimuk,VIC,548.0,245.49,195.0,195.0,195.0
SAL21900,Natte Yallock,VIC,89.0,218.72,140.0,140.0,140.0
SAL21901,Natya,VIC,40.0,349.52,0.0,0.0,0.0
SAL21902,Navarre,VIC,99.0,169.15,100.0,100.0,100.0
SAL21903,Navigators,VIC,276.0,33.95,350.0,350.0,350.0
SAL21904,Nayook,VIC,70.0,17.11,280.0,280.0,280.0
SAL21905,Neds Corner,VIC,3.0,665.84,0.0,0.0,0.0
SAL21906,Neereman,VIC,23.0,54.32,200.0,200.0,200.0
SAL21907,Neerim,VIC,218.0,25.79,300.0,300.0,300.0
SAL21908,Neerim East,VIC,196.0,155.5,166.0,166.0,166.0
SAL21909,Neerim Junction,VIC,139.0,24.15,250.0,250.0,250.0
SAL21910,Neerim North,VIC,41.0,43.11,200.0,200.0,200.0
SAL21911,Neerim South,VIC,1599.0,102.92,260.0,260.0,260.0
SAL21912,Neilborough,VIC,379.0,121.98,250.0,250.0,250.0
SAL21913,Nelse,VIC,0.0,348.93,0.0,0.0,0.0
SAL21914,Nelson (Vic.),VIC,191.0,363.92,230.0,230.0,230.0
SAL21915,Nerrena,VIC,238.0,59.88,300.0,300.0,300.0
SAL21916,Nerrin Nerrin,VIC,48.0,215.37,346.0,346.0,346.0
SAL21917,Nerrina,VIC,970.0,10.84,380.0,380.0,380.0
SAL21918,Nerring,VIC,14.0,29.85,0.0,0.0,0.0
SAL21919,Netherby (Vic.),VIC,111.0,648.8,97.0,97.0,97.0
SAL21920,Neuarpurr,VIC,56.0,423.6,150.0,150.0,150.0
SAL21921,New Gisborne,VIC,2509.0,41.69,451.0,451.0,451.0
SAL21922,Newborough,VIC,6886.0,31.6,230.0,230.0,230.0
SAL21923,Newbridge (Vic.),VIC,171.0,150.3,200.0,200.0,200.0
SAL21924,Newbury,VIC,84.0,9.21,0.0,0.0,0.0
SAL21925,Newcomb,VIC,4704.0,5.82,320.0,320.0,320.0
SAL21926,Newfield,VIC,59.0,41.86,200.0,200.0,200.0
SAL21927,Newham,VIC,533.0,77.57,200.0,200.0,200.0
SAL21928,Newhaven,VIC,547.0,14.14,300.0,300.0,300.0
SAL21929,Newington (Vic.),VIC,1844.0,3.82,315.0,315.0,315.0
SAL21930,Newlands Arm,VIC,866.0,4.63,335.0,335.0,335.0
SAL21931,Newlyn,VIC,136.0,38.79,240.0,240.0,240.0
SAL21932,Newlyn North,VIC,230.0,16.52,203.0,203.0,203.0
SAL21933,Newmerella,VIC,415.0,88.58,150.0,150.0,150.0
SAL21934,Newport (Vic.),VIC,13658.0,8.04,471.0,471.0,471.0
SAL21935,Newry,VIC,451.0,147.29,243.0,243.0,243.0
SAL21936,Newstead (Vic.),VIC,820.0,73.54,300.0,300.0,300.0
SAL21937,Newtown (Golden Plains - Vic.),VIC,189.0,19.8,103.0,103.0,103.0
SAL21938,Newtown (Greater Geelong - Vic.),VIC,10445.0,9.41,360.0,360.0,360.0
SAL21939,Nhill,VIC,2401.0,1454.6,200.0,200.0,200.0
SAL21940,Nichols Point,VIC,1723.0,35.26,225.0,225.0,225.0
SAL21941,Nicholson (Vic.),VIC,1322.0,109.55,300.0,300.0,300.0
SAL21942,Niddrie,VIC,5901.0,2.85,432.0,432.0,432.0
SAL21943,Nilma,VIC,410.0,6.69,270.0,270.0,270.0
SAL21944,Nilma North,VIC,344.0,50.91,189.0,189.0,189.0
SAL21945,Ninda,VIC,9.0,166.38,0.0,0.0,0.0
SAL21946,Nine Mile (Vic.),VIC,19.0,78.85,0.0,0.0,0.0
SAL21947,Nintingbool,VIC,168.0,3.03,0.0,0.0,0.0
SAL21948,Ninyeunook,VIC,13.0,146.02,0.0,0.0,0.0
SAL21949,Nirranda,VIC,50.0,45.04,160.0,160.0,160.0
SAL21950,Nirranda East,VIC,12.0,9.75,0.0,0.0,0.0
SAL21951,Nirranda South,VIC,90.0,55.39,100.0,100.0,100.0
SAL21952,Noble Park,VIC,32257.0,13.78,341.0,341.0,341.0
SAL21953,Noble Park North,VIC,7436.0,6.04,351.0,351.0,351.0
SAL21954,Noojee,VIC,177.0,216.13,277.0,277.0,277.0
SAL21955,Noorat,VIC,318.0,51.36,220.0,220.0,220.0
SAL21956,Noorat East,VIC,17.0,5.69,0.0,0.0,0.0
SAL21957,Noorinbee,VIC,84.0,337.56,158.0,158.0,158.0
SAL21958,Noorinbee North,VIC,37.0,386.06,0.0,0.0,0.0
SAL21959,Noradjuha,VIC,89.0,282.82,148.0,148.0,148.0
SAL21960,Norlane,VIC,8682.0,8.14,250.0,250.0,250.0
SAL21961,Normanville (Vic.),VIC,34.0,99.69,145.0,145.0,145.0
SAL21962,Norong,VIC,130.0,157.46,210.0,210.0,210.0
SAL21963,North Bendigo,VIC,4277.0,6.47,285.0,285.0,285.0
SAL21964,North Blackwood,VIC,50.0,19.48,0.0,0.0,0.0
SAL21965,North Geelong,VIC,3225.0,7.98,315.0,315.0,315.0
SAL21966,North Melbourne,VIC,14953.0,3.78,381.0,381.0,381.0
SAL21967,North Shore (Vic.),VIC,325.0,3.74,310.0,310.0,310.0
SAL21968,North Wangaratta,VIC,282.0,45.2,175.0,175.0,175.0
SAL21969,North Warrandyte,VIC,3027.0,14.04,526.0,526.0,526.0
SAL21970,North Wonthaggi,VIC,3475.0,16.66,300.0,300.0,300.0
SAL21971,Northcote,VIC,25276.0,9.63,475.0,475.0,475.0
SAL21972,Northwood (Vic.),VIC,203.0,79.47,280.0,280.0,280.0
SAL21973,Norval,VIC,40.0,41.41,220.0,220.0,220.0
SAL21974,Notting Hill,VIC,2895.0,2.56,371.0,371.0,371.0
SAL21975,Nowa Nowa,VIC,199.0,380.71,210.0,210.0,210.0
SAL21976,Nowhere Creek,VIC,20.0,27.33,0.0,0.0,0.0
SAL21977,Nowie,VIC,24.0,189.41,175.0,175.0,175.0
SAL21978,Nug Nug,VIC,36.0,75.96,220.0,220.0,220.0
SAL21979,Nuggetty,VIC,64.0,45.71,180.0,180.0,180.0
SAL21980,Nulla Vale,VIC,96.0,132.82,150.0,150.0,150.0
SAL21981,Nullawarre,VIC,233.0,98.89,241.0,241.0,241.0
SAL21982,Nullawarre North,VIC,46.0,36.91,150.0,150.0,150.0
SAL21983,Nullawil,VIC,92.0,246.16,110.0,110.0,110.0
SAL21984,Numurkah,VIC,4604.0,295.38,210.0,210.0,210.0
SAL21985,Nunawading,VIC,12413.0,8.15,391.0,391.0,391.0
SAL21986,Nungurner,VIC,327.0,35.96,231.0,231.0,231.0
SAL21987,Nunniong,VIC,0.0,539.92,0.0,0.0,0.0
SAL21988,Nurcoung,VIC,33.0,574.45,0.0,0.0,0.0
SAL21989,Nurrabiel,VIC,43.0,295.69,200.0,200.0,200.0
SAL21990,Nurran,VIC,7.0,561.49,0.0,0.0,0.0
SAL21991,Nutfield,VIC,158.0,11.23,212.0,212.0,212.0
SAL21992,Nyah,VIC,536.0,43.52,210.0,210.0,210.0
SAL21993,Nyah West,VIC,673.0,54.88,188.0,188.0,188.0
SAL21994,Nyarrin,VIC,17.0,137.3,0.0,0.0,0.0
SAL21995,Nyerimilang,VIC,3.0,35.39,0.0,0.0,0.0
SAL21996,Nyora (Vic.),VIC,1644.0,129.4,315.0,315.0,315.0
SAL21997,Nyrraby,VIC,18.0,184.9,110.0,110.0,110.0
SAL21998,Oak Park,VIC,6714.0,3.25,401.0,401.0,401.0
SAL21999,Oaklands Junction,VIC,439.0,57.68,462.0,462.0,462.0
SAL22000,Oakleigh,VIC,8442.0,5.59,410.0,410.0,410.0
SAL22001,Oakleigh East,VIC,6804.0,3.31,425.0,425.0,425.0
SAL22002,Oakleigh South,VIC,9851.0,10.71,418.0,418.0,418.0
SAL22003,Oakvale,VIC,19.0,102.51,0.0,0.0,0.0
SAL22004,Ocean Grange,VIC,5.0,68.11,0.0,0.0,0.0
SAL22005,Ocean Grove,VIC,17714.0,30.06,420.0,420.0,420.0
SAL22006,Officer,VIC,18503.0,45.31,396.0,396.0,396.0
SAL22007,Officer South,VIC,1159.0,32.37,393.0,393.0,393.0
SAL22008,Old Tallangatta,VIC,45.0,2.15,270.0,270.0,270.0
SAL22009,Olinda (Vic.),VIC,1773.0,28.52,398.0,398.0,398.0
SAL22010,Ombersley,VIC,93.0,316.01,425.0,425.0,425.0
SAL22011,Omeo,VIC,411.0,931.49,225.0,225.0,225.0
SAL22012,Omeo Valley,VIC,9.0,27.8,0.0,0.0,0.0
SAL22013,Ondit,VIC,101.0,53.83,240.0,240.0,240.0
SAL22014,Orbost,VIC,2264.0,333.37,190.0,190.0,190.0
SAL22015,Orford (Vic.),VIC,115.0,175.86,150.0,150.0,150.0
SAL22016,Ormond,VIC,8328.0,3.33,395.0,395.0,395.0
SAL22017,Orrvale,VIC,450.0,17.67,220.0,220.0,220.0
SAL22018,Osbornes Flat,VIC,285.0,18.79,220.0,220.0,220.0
SAL22019,Outtrim,VIC,270.0,75.96,250.0,250.0,250.0
SAL22020,Ouyen,VIC,1170.0,2293.31,165.0,165.0,165.0
SAL22021,Ovens,VIC,197.0,43.14,183.0,183.0,183.0
SAL22022,Oxley (Vic.),VIC,710.0,74.08,300.0,300.0,300.0
SAL22023,Oxley Flats,VIC,49.0,22.2,0.0,0.0,0.0
SAL22024,Ozenkadnook,VIC,25.0,228.08,140.0,140.0,140.0
SAL22025,Paaratte,VIC,36.0,20.93,300.0,300.0,300.0
SAL22026,Painswick,VIC,14.0,55.46,0.0,0.0,0.0
SAL22027,Pakenham,VIC,54118.0,138.75,351.0,351.0,351.0
SAL22028,Pakenham South,VIC,229.0,33.73,231.0,231.0,231.0
SAL22029,Pakenham Upper,VIC,1196.0,51.66,255.0,255.0,255.0
SAL22030,Panitya (Vic.),VIC,67.0,856.96,0.0,0.0,0.0
SAL22031,Panmure,VIC,442.0,140.61,250.0,250.0,250.0
SAL22032,Panton Hill,VIC,1063.0,33.69,350.0,350.0,350.0
SAL22033,Paradise (Vic.),VIC,41.0,264.99,302.0,302.0,302.0
SAL22034,Paradise Beach,VIC,172.0,5.35,193.0,193.0,193.0
SAL22035,Paraparap,VIC,167.0,59.05,300.0,300.0,300.0
SAL22036,Park Orchards,VIC,3835.0,15.19,601.0,601.0,601.0
SAL22037,Parkdale,VIC,12308.0,5.75,410.0,410.0,410.0
SAL22038,Parkville (Vic.),VIC,7074.0,6.41,396.0,396.0,396.0
SAL22039,Parwan,VIC,188.0,125.44,238.0,238.0,238.0
SAL22040,Paschendale,VIC,33.0,44.8,150.0,150.0,150.0
SAL22041,Pascoe Vale,VIC,18171.0,7.97,400.0,400.0,400.0
SAL22042,Pascoe Vale South,VIC,10534.0,4.87,425.0,425.0,425.0
SAL22043,Pastoria,VIC,75.0,70.98,346.0,346.0,346.0
SAL22044,Pastoria East,VIC,51.0,34.41,0.0,0.0,0.0
SAL22045,Patchewollock,VIC,149.0,1726.57,173.0,173.0,173.0
SAL22046,Patho,VIC,138.0,239.37,250.0,250.0,250.0
SAL22047,Patterson Lakes,VIC,7793.0,6.9,430.0,430.0,430.0
SAL22048,Patyah,VIC,58.0,326.46,150.0,150.0,150.0
SAL22049,Paynesville (Vic.),VIC,3636.0,9.2,310.0,310.0,310.0
SAL22050,Pearcedale,VIC,3867.0,54.61,400.0,400.0,400.0
SAL22051,Pearsondale,VIC,125.0,49.11,250.0,250.0,250.0
SAL22052,Peechelba,VIC,177.0,121.9,250.0,250.0,250.0
SAL22053,Peechelba East,VIC,54.0,49.96,0.0,0.0,0.0
SAL22054,Pelluebla,VIC,29.0,56.76,210.0,210.0,210.0
SAL22055,Pennyroyal,VIC,110.0,43.9,150.0,150.0,150.0
SAL22056,Penshurst (Vic.),VIC,677.0,529.44,175.0,175.0,175.0
SAL22057,Pental Island,VIC,159.0,119.29,340.0,340.0,340.0
SAL22058,Pentland Hills,VIC,158.0,39.08,350.0,350.0,350.0
SAL22059,Percydale,VIC,22.0,110.7,346.0,346.0,346.0
SAL22060,Peronne,VIC,49.0,442.18,0.0,0.0,0.0
SAL22061,Perry Bridge,VIC,72.0,227.9,215.0,215.0,215.0
SAL22062,Peterborough (Vic.),VIC,322.0,65.78,275.0,275.0,275.0
SAL22063,Petticoat Creek,VIC,7.0,1.64,0.0,0.0,0.0
SAL22064,Pheasant Creek (Vic.),VIC,360.0,27.89,300.0,300.0,300.0
SAL22065,Piangil,VIC,230.0,404.23,138.0,138.0,138.0
SAL22066,Picola,VIC,206.0,382.97,150.0,150.0,150.0
SAL22067,Picola West,VIC,14.0,45.82,100.0,100.0,100.0
SAL22068,Piedmont,VIC,52.0,8.78,0.0,0.0,0.0
SAL22069,Pier Milan,VIC,6.0,201.41,140.0,140.0,140.0
SAL22070,Pigeon Ponds,VIC,29.0,129.04,0.0,0.0,0.0
SAL22071,Piggoreet,VIC,17.0,16.83,0.0,0.0,0.0
SAL22072,Pimpinio,VIC,191.0,270.93,175.0,175.0,175.0
SAL22073,Pine Grove (Vic.),VIC,40.0,172.54,900.0,900.0,900.0
SAL22074,Pine Lodge (Vic.),VIC,267.0,155.89,250.0,250.0,250.0
SAL22075,Pine Mountain (Vic.),VIC,32.0,91.99,0.0,0.0,0.0
SAL22076,Pine View,VIC,4.0,27.83,50.0,50.0,50.0
SAL22077,Pioneer Bay,VIC,365.0,0.35,280.0,280.0,280.0
SAL22078,Pipers Creek,VIC,189.0,43.08,300.0,300.0,300.0
SAL22079,Pira,VIC,16.0,87.92,0.0,0.0,0.0
SAL22080,Piries,VIC,66.0,58.08,396.0,396.0,396.0
SAL22081,Pirron Yallock,VIC,132.0,67.62,200.0,200.0,200.0
SAL22082,Pitfield,VIC,14.0,41.05,0.0,0.0,0.0
SAL22083,Pittong,VIC,12.0,98.93,100.0,100.0,100.0
SAL22084,Plenty (Vic.),VIC,2575.0,17.55,392.0,392.0,392.0
SAL22085,Plumpton (Vic.),VIC,79.0,21.45,450.0,450.0,450.0
SAL22086,Point Cook,VIC,66781.0,61.68,400.0,400.0,400.0
SAL22087,Point Leo,VIC,178.0,5.3,611.0,611.0,611.0
SAL22088,Point Lonsdale,VIC,3788.0,22.95,420.0,420.0,420.0
SAL22089,Point Wilson,VIC,0.0,88.87,0.0,0.0,0.0
SAL22090,Polisbet,VIC,5.0,109.39,0.0,0.0,0.0
SAL22091,Pomborneit,VIC,73.0,37.09,305.0,305.0,305.0
SAL22092,Pomborneit East,VIC,42.0,114.95,215.0,215.0,215.0
SAL22093,Pomborneit North,VIC,48.0,96.04,180.0,180.0,180.0
SAL22094,Pomonal,VIC,356.0,325.29,250.0,250.0,250.0
SAL22095,Pompapiel,VIC,38.0,169.9,125.0,125.0,125.0
SAL22096,Poolaijelo,VIC,26.0,268.07,0.0,0.0,0.0
SAL22097,Pootilla,VIC,79.0,21.1,300.0,300.0,300.0
SAL22098,Poowong,VIC,717.0,80.72,250.0,250.0,250.0
SAL22099,Poowong East,VIC,88.0,40.15,484.0,484.0,484.0
SAL22100,Poowong North,VIC,202.0,50.56,250.0,250.0,250.0
SAL22101,Porcupine Ridge,VIC,149.0,49.75,300.0,300.0,300.0
SAL22102,Porepunkah,VIC,1024.0,106.7,383.0,383.0,383.0
SAL22103,Port Albert,VIC,403.0,51.34,260.0,260.0,260.0
SAL22104,Port Campbell,VIC,440.0,119.46,240.0,240.0,240.0
SAL22105,Port Fairy,VIC,3742.0,183.98,300.0,300.0,300.0
SAL22106,Port Franklin,VIC,174.0,4.76,200.0,200.0,200.0
SAL22107,Port Melbourne,VIC,17633.0,15.53,540.0,540.0,540.0
SAL22108,Port Welshpool,VIC,220.0,14.57,220.0,220.0,220.0
SAL22109,Portarlington,VIC,4436.0,40.36,331.0,331.0,331.0
SAL22110,Portland (Vic.),VIC,10016.0,52.94,250.0,250.0,250.0
SAL22111,Portland North,VIC,708.0,26.94,300.0,300.0,300.0
SAL22112,Portland West,VIC,619.0,120.84,300.0,300.0,300.0
SAL22113,Portsea,VIC,787.0,18.43,577.0,577.0,577.0
SAL22114,Pound Creek,VIC,126.0,70.0,230.0,230.0,230.0
SAL22115,Powelltown,VIC,214.0,82.12,300.0,300.0,300.0
SAL22116,Powers Creek,VIC,5.0,189.84,0.0,0.0,0.0
SAL22117,Powlett Plains,VIC,38.0,183.46,160.0,160.0,160.0
SAL22118,Prahran,VIC,12203.0,2.99,421.0,421.0,421.0
SAL22119,Prairie (Vic.),VIC,37.0,125.47,0.0,0.0,0.0
SAL22120,Pranjip,VIC,28.0,106.14,280.0,280.0,280.0
SAL22121,Preston (Vic.),VIC,33790.0,18.27,392.0,392.0,392.0
SAL22122,Princes Hill,VIC,2005.0,0.69,462.0,462.0,462.0
SAL22123,Princetown,VIC,236.0,197.55,216.0,216.0,216.0
SAL22124,Puckapunyal,VIC,1108.0,647.1,265.0,265.0,265.0
SAL22125,Pura Pura,VIC,47.0,149.37,120.0,120.0,120.0
SAL22126,Purdeet,VIC,21.0,52.01,0.0,0.0,0.0
SAL22127,Purnim,VIC,292.0,89.97,235.0,235.0,235.0
SAL22128,Purnim West,VIC,50.0,9.29,346.0,346.0,346.0
SAL22129,Pyalong,VIC,772.0,182.45,290.0,290.0,290.0
SAL22130,Pyramid Hill,VIC,598.0,510.25,170.0,170.0,170.0
SAL22131,Quambatook,VIC,229.0,510.73,80.0,80.0,80.0
SAL22132,Quandong,VIC,5.0,91.72,310.0,310.0,310.0
SAL22133,Quantong,VIC,354.0,54.96,215.0,215.0,215.0
SAL22134,Quarry Hill,VIC,2365.0,3.8,298.0,298.0,298.0
SAL22135,Queenscliff (Vic.),VIC,1516.0,5.43,369.0,369.0,369.0
SAL22136,Raglan (Vic.),VIC,223.0,196.93,200.0,200.0,200.0
SAL22137,Rainbow,VIC,672.0,1322.07,100.0,100.0,100.0
SAL22138,Ranceby,VIC,83.0,29.78,100.0,100.0,100.0
SAL22139,Rathscar,VIC,19.0,74.68,0.0,0.0,0.0
SAL22140,Rathscar West,VIC,31.0,34.99,210.0,210.0,210.0
SAL22141,Ravenhall,VIC,2295.0,21.89,1500.0,1500.0,1500.0
SAL22142,Ravenswood (Vic.),VIC,443.0,105.78,265.0,265.0,265.0
SAL22143,Ravenswood South,VIC,76.0,18.88,265.0,265.0,265.0
SAL22144,Rawson,VIC,296.0,11.13,210.0,210.0,210.0
SAL22145,Raymond Island,VIC,589.0,39.9,280.0,280.0,280.0
SAL22146,Raywood,VIC,329.0,270.41,220.0,220.0,220.0
SAL22147,Red Cliffs,VIC,5294.0,303.89,240.0,240.0,240.0
SAL22148,Red Hill (Vic.),VIC,1009.0,38.43,461.0,461.0,461.0
SAL22149,Red Hill South,VIC,708.0,24.62,500.0,500.0,500.0
SAL22150,Red Lion,VIC,111.0,43.69,0.0,0.0,0.0
SAL22151,Redan,VIC,3000.0,3.51,255.0,255.0,255.0
SAL22152,Redbank (Vic.),VIC,102.0,213.38,195.0,195.0,195.0
SAL22153,Redcastle,VIC,67.0,97.66,0.0,0.0,0.0
SAL22154,Redesdale,VIC,299.0,187.85,320.0,320.0,320.0
SAL22155,Reedy Creek (Vic.),VIC,157.0,61.0,450.0,450.0,450.0
SAL22156,Reedy Dam,VIC,28.0,112.47,100.0,100.0,100.0
SAL22157,Reedy Flat,VIC,6.0,65.29,0.0,0.0,0.0
SAL22158,Reedy Lake,VIC,26.0,46.34,200.0,200.0,200.0
SAL22159,Reefton (Vic.),VIC,102.0,279.77,0.0,0.0,0.0
SAL22160,Research,VIC,2695.0,15.38,431.0,431.0,431.0
SAL22161,Reservoir (Vic.),VIC,51096.0,30.46,360.0,360.0,360.0
SAL22162,Reynard,VIC,0.0,613.06,0.0,0.0,0.0
SAL22163,Rheola,VIC,52.0,55.51,449.0,449.0,449.0
SAL22164,Rhyll,VIC,836.0,28.49,320.0,320.0,320.0
SAL22165,Rhymney,VIC,56.0,84.17,70.0,70.0,70.0
SAL22166,Riachella,VIC,13.0,43.06,0.0,0.0,0.0
SAL22167,Rich Avon,VIC,3.0,89.66,0.0,0.0,0.0
SAL22168,Rich Avon East,VIC,7.0,67.99,0.0,0.0,0.0
SAL22169,Rich Avon West,VIC,34.0,151.1,0.0,0.0,0.0
SAL22170,Richmond (Vic.),VIC,28587.0,7.11,441.0,441.0,441.0
SAL22171,Richmond Plains,VIC,9.0,78.04,0.0,0.0,0.0
SAL22172,Riddells Creek,VIC,4390.0,115.37,400.0,400.0,400.0
SAL22173,Riggs Creek,VIC,31.0,51.25,0.0,0.0,0.0
SAL22174,Ringwood (Vic.),VIC,19144.0,16.24,381.0,381.0,381.0
SAL22175,Ringwood East,VIC,10764.0,7.55,380.0,380.0,380.0
SAL22176,Ringwood North,VIC,9964.0,8.39,436.0,436.0,436.0
SAL22177,Ripplebrook,VIC,268.0,48.05,300.0,300.0,300.0
SAL22178,Rippleside,VIC,994.0,0.79,400.0,400.0,400.0
SAL22179,Ripponlea,VIC,1532.0,0.46,391.0,391.0,391.0
SAL22180,Riverside (Vic.),VIC,287.0,42.16,280.0,280.0,280.0
SAL22181,Riverslea,VIC,165.0,41.21,110.0,110.0,110.0
SAL22182,Robertsons Beach,VIC,49.0,7.74,138.0,138.0,138.0
SAL22183,Robinvale,VIC,3497.0,111.52,220.0,220.0,220.0
SAL22184,Rochester (Vic.),VIC,3154.0,133.43,220.0,220.0,220.0
SAL22185,Rochford,VIC,71.0,23.89,406.0,406.0,406.0
SAL22186,Rockbank,VIC,2583.0,6.96,360.0,360.0,360.0
SAL22187,Rocklands,VIC,25.0,315.94,2.0,2.0,2.0
SAL22188,Rocklyn,VIC,43.0,27.69,200.0,200.0,200.0
SAL22189,Rocky Point (Vic.),VIC,4.0,11.25,0.0,0.0,0.0
SAL22190,Rokeby (Vic.),VIC,213.0,9.19,261.0,261.0,261.0
SAL22191,Rokewood,VIC,208.0,300.63,215.0,215.0,215.0
SAL22192,Rokewood Junction,VIC,34.0,45.9,0.0,0.0,0.0
SAL22193,Romsey,VIC,5797.0,128.77,380.0,380.0,380.0
SAL22194,Rosanna,VIC,8616.0,5.4,421.0,421.0,421.0
SAL22195,Rose River,VIC,26.0,379.59,0.0,0.0,0.0
SAL22196,Rosebery (Vic.),VIC,0.0,24.73,0.0,0.0,0.0
SAL22197,Rosebrook (Vic.),VIC,128.0,14.62,300.0,300.0,300.0
SAL22198,Rosebud,VIC,14381.0,24.22,350.0,350.0,350.0
SAL22199,Rosedale (Vic.),VIC,1729.0,329.63,250.0,250.0,250.0
SAL22200,Roses Gap,VIC,7.0,45.72,0.0,0.0,0.0
SAL22201,Rosewhite,VIC,141.0,162.35,250.0,250.0,250.0
SAL22202,Roslynmead,VIC,49.0,69.98,280.0,280.0,280.0
SAL22203,Ross Creek (Vic.),VIC,1221.0,64.52,310.0,310.0,310.0
SAL22204,Rossbridge,VIC,27.0,81.01,80.0,80.0,80.0
SAL22205,Rostron,VIC,10.0,55.63,0.0,0.0,0.0
SAL22206,Rowsley,VIC,231.0,68.28,375.0,375.0,375.0
SAL22207,Rowville,VIC,33571.0,35.04,441.0,441.0,441.0
SAL22208,Roxburgh Park,VIC,24129.0,10.99,390.0,390.0,390.0
SAL22209,Rubicon,VIC,44.0,409.45,218.0,218.0,218.0
SAL22210,Ruby,VIC,187.0,32.05,320.0,320.0,320.0
SAL22211,Ruffy,VIC,164.0,186.27,150.0,150.0,150.0
SAL22212,Running Creek (Vic.),VIC,36.0,23.56,195.0,195.0,195.0
SAL22213,Runnymede (Vic.),VIC,64.0,190.61,230.0,230.0,230.0
SAL22214,Rupanyup,VIC,545.0,644.37,165.0,165.0,165.0
SAL22215,Rushworth,VIC,1411.0,268.15,190.0,190.0,190.0
SAL22216,Russells Bridge,VIC,70.0,18.82,200.0,200.0,200.0
SAL22217,Rutherglen,VIC,2579.0,190.99,250.0,250.0,250.0
SAL22218,Ryans,VIC,0.0,211.56,0.0,0.0,0.0
SAL22219,Ryanston,VIC,324.0,88.54,350.0,350.0,350.0
SAL22220,Rye,VIC,9438.0,29.05,372.0,372.0,372.0
SAL22221,Rythdale,VIC,33.0,6.51,272.0,272.0,272.0
SAL22222,Safety Beach (Vic.),VIC,6328.0,9.68,460.0,460.0,460.0
SAL22223,Sailors Falls,VIC,79.0,15.51,246.0,246.0,246.0
SAL22224,Sailors Gully,VIC,743.0,6.45,290.0,290.0,290.0
SAL22225,Sailors Hill,VIC,72.0,2.89,370.0,370.0,370.0
SAL22226,Sale,VIC,14296.0,70.78,280.0,280.0,280.0
SAL22227,Salisbury West,VIC,38.0,99.86,138.0,138.0,138.0
SAL22228,Samaria,VIC,57.0,61.11,163.0,163.0,163.0
SAL22229,San Remo (Vic.),VIC,1700.0,25.51,301.0,301.0,301.0
SAL22230,Sandford (Vic.),VIC,130.0,143.26,220.0,220.0,220.0
SAL22231,Sandhill Lake,VIC,9.0,85.61,0.0,0.0,0.0
SAL22232,Sandhurst,VIC,5211.0,5.13,530.0,530.0,530.0
SAL22233,Sandon (Vic.),VIC,89.0,56.13,330.0,330.0,330.0
SAL22234,Sandringham (Vic.),VIC,10926.0,5.98,460.0,460.0,460.0
SAL22235,Sandy Creek (Vic.),VIC,200.0,146.26,220.0,220.0,220.0
SAL22236,Sandy Point (Vic.),VIC,312.0,65.37,280.0,280.0,280.0
SAL22237,Sargood,VIC,0.0,116.57,0.0,0.0,0.0
SAL22238,Sarsfield,VIC,543.0,87.12,200.0,200.0,200.0
SAL22239,Sassafras (Vic.),VIC,970.0,6.48,410.0,410.0,410.0
SAL22240,Sawmill Settlement,VIC,86.0,8.82,289.0,289.0,289.0
SAL22241,Scarsdale,VIC,855.0,106.26,240.0,240.0,240.0
SAL22242,Scoresby,VIC,6066.0,13.98,406.0,406.0,406.0
SAL22243,Scotchmans Lead,VIC,105.0,6.88,0.0,0.0,0.0
SAL22244,Scotsburn,VIC,244.0,38.69,275.0,275.0,275.0
SAL22245,Scotts Creek (Vic.),VIC,214.0,152.73,260.0,260.0,260.0
SAL22246,Sea Lake,VIC,619.0,332.14,140.0,140.0,140.0
SAL22247,Seabrook,VIC,4952.0,2.6,361.0,361.0,361.0
SAL22248,Seacombe,VIC,15.0,133.48,0.0,0.0,0.0
SAL22249,Seaford (Vic.),VIC,17215.0,20.05,351.0,351.0,351.0
SAL22250,Seaholme,VIC,2067.0,1.52,451.0,451.0,451.0
SAL22251,Seaspray,VIC,373.0,82.83,220.0,220.0,220.0
SAL22252,Seaton (Vic.),VIC,161.0,77.16,375.0,375.0,375.0
SAL22253,Seaview,VIC,140.0,50.83,350.0,350.0,350.0
SAL22254,Sebastian,VIC,251.0,47.21,250.0,250.0,250.0
SAL22255,Sebastopol (Vic.),VIC,10194.0,13.6,270.0,270.0,270.0
SAL22256,Seddon (Vic.),VIC,5143.0,1.47,460.0,460.0,460.0
SAL22257,Sedgwick,VIC,614.0,87.64,335.0,335.0,335.0
SAL22258,Selby,VIC,1626.0,10.56,400.0,400.0,400.0
SAL22259,Selwyn (Vic.),VIC,0.0,584.35,0.0,0.0,0.0
SAL22260,Separation Creek,VIC,28.0,70.17,0.0,0.0,0.0
SAL22261,Serpentine (Vic.),VIC,222.0,260.14,100.0,100.0,100.0
SAL22262,Serviceton,VIC,129.0,664.64,150.0,150.0,150.0
SAL22263,Seville,VIC,2559.0,34.29,369.0,369.0,369.0
SAL22264,Seville East,VIC,837.0,15.55,363.0,363.0,363.0
SAL22265,Seymour (Vic.),VIC,6569.0,124.63,250.0,250.0,250.0
SAL22266,Shady Creek,VIC,186.0,95.23,200.0,200.0,200.0
SAL22267,Shays Flat,VIC,3.0,24.72,0.0,0.0,0.0
SAL22268,She Oaks,VIC,126.0,35.54,370.0,370.0,370.0
SAL22269,Sheans Creek,VIC,38.0,22.87,315.0,315.0,315.0
SAL22270,Sheep Hills,VIC,27.0,219.88,50.0,50.0,50.0
SAL22271,Shelbourne,VIC,423.0,202.97,200.0,200.0,200.0
SAL22272,Shelford,VIC,263.0,287.13,300.0,300.0,300.0
SAL22273,Shelley (Vic.),VIC,5.0,240.3,0.0,0.0,0.0
SAL22274,Shepherds Flat,VIC,71.0,42.43,145.0,145.0,145.0
SAL22275,Shepparton,VIC,32067.0,66.37,270.0,270.0,270.0
SAL22276,Shepparton East,VIC,1192.0,59.49,231.0,231.0,231.0
SAL22277,Shepparton North,VIC,2048.0,34.7,360.0,360.0,360.0
SAL22278,Sherbrooke,VIC,294.0,10.71,355.0,355.0,355.0
SAL22279,Shoreham,VIC,679.0,32.63,421.0,421.0,421.0
SAL22280,Sidonia,VIC,28.0,68.08,150.0,150.0,150.0
SAL22281,Silvan,VIC,1323.0,48.46,350.0,350.0,350.0
SAL22282,Silverleaves,VIC,322.0,3.13,335.0,335.0,335.0
SAL22283,Simpson (Vic.),VIC,583.0,332.67,228.0,228.0,228.0
SAL22284,Simpsons Creek,VIC,39.0,44.29,0.0,0.0,0.0
SAL22285,Simson,VIC,76.0,9.25,214.0,214.0,214.0
SAL22286,Skenes Creek,VIC,249.0,11.82,295.0,295.0,295.0
SAL22287,Skenes Creek North,VIC,19.0,11.15,0.0,0.0,0.0
SAL22288,Skibo,VIC,70.0,16.51,220.0,220.0,220.0
SAL22289,Skinners Flat,VIC,27.0,18.74,75.0,75.0,75.0
SAL22290,Skipton,VIC,609.0,416.95,194.0,194.0,194.0
SAL22291,Skye (Vic.),VIC,8088.0,26.92,410.0,410.0,410.0
SAL22292,Slaty Creek,VIC,34.0,136.47,0.0,0.0,0.0
SAL22293,Smeaton,VIC,245.0,130.23,180.0,180.0,180.0
SAL22294,Smiths Beach,VIC,315.0,1.21,330.0,330.0,330.0
SAL22295,Smiths Gully,VIC,356.0,23.56,278.0,278.0,278.0
SAL22296,Smokeytown,VIC,32.0,3.52,250.0,250.0,250.0
SAL22297,Smoko,VIC,56.0,114.19,260.0,260.0,260.0
SAL22298,Smythes Creek,VIC,1762.0,41.47,395.0,395.0,395.0
SAL22299,Smythesdale,VIC,1189.0,65.37,300.0,300.0,300.0
SAL22300,Snake Island,VIC,0.0,85.68,0.0,0.0,0.0
SAL22301,Snake Valley,VIC,820.0,91.99,250.0,250.0,250.0
SAL22302,Soldiers Hill (Vic.),VIC,2813.0,2.44,300.0,300.0,300.0
SAL22303,Somers,VIC,1857.0,24.3,391.0,391.0,391.0
SAL22304,Somerton (Vic.),VIC,6.0,8.64,115.0,115.0,115.0
SAL22305,Somerville (Vic.),VIC,11767.0,62.74,380.0,380.0,380.0
SAL22306,Sorrento (Vic.),VIC,2013.0,11.42,462.0,462.0,462.0
SAL22307,South Dudley,VIC,421.0,2.51,290.0,290.0,290.0
SAL22308,South Geelong,VIC,1014.0,3.93,350.0,350.0,350.0
SAL22309,South Kingsville,VIC,2156.0,1.02,381.0,381.0,381.0
SAL22310,South Melbourne,VIC,11548.0,3.52,421.0,421.0,421.0
SAL22311,South Morang,VIC,24989.0,34.27,390.0,390.0,390.0
SAL22312,South Purrumbete,VIC,124.0,67.2,275.0,275.0,275.0
SAL22313,South Wharf,VIC,71.0,0.47,622.0,622.0,622.0
SAL22314,South Yarra,VIC,25028.0,5.7,415.0,415.0,415.0
SAL22315,Southbank,VIC,22631.0,2.51,411.0,411.0,411.0
SAL22316,Southern Cross (Vic.),VIC,128.0,17.82,300.0,300.0,300.0
SAL22317,Spargo Creek,VIC,42.0,20.11,0.0,0.0,0.0
SAL22318,Speed,VIC,53.0,193.7,53.0,53.0,53.0
SAL22319,Spotswood,VIC,2820.0,5.08,456.0,456.0,456.0
SAL22320,Spring Gully (Vic.),VIC,3092.0,12.24,290.0,290.0,290.0
SAL22321,Spring Hill (Vic.),VIC,200.0,75.06,350.0,350.0,350.0
SAL22322,Springbank,VIC,117.0,39.02,200.0,200.0,200.0
SAL22323,Springdallah,VIC,35.0,9.25,0.0,0.0,0.0
SAL22324,Springfield (Buloke - Vic.),VIC,9.0,304.91,0.0,0.0,0.0
SAL22325,Springfield (Macedon Ranges - Vic.),VIC,193.0,88.34,391.0,391.0,391.0
SAL22326,Springhurst,VIC,349.0,182.3,230.0,230.0,230.0
SAL22327,Springmount,VIC,184.0,11.43,200.0,200.0,200.0
SAL22328,Springvale (Vic.),VIC,22174.0,17.86,357.0,357.0,357.0
SAL22329,Springvale South,VIC,12766.0,7.39,351.0,351.0,351.0
SAL22330,St Albans (Vic.),VIC,38042.0,20.56,325.0,325.0,325.0
SAL22331,St Albans Park,VIC,4942.0,5.16,330.0,330.0,330.0
SAL22332,St Andrews (Vic.),VIC,1186.0,63.47,340.0,340.0,340.0
SAL22333,St Andrews Beach,VIC,974.0,5.02,360.0,360.0,360.0
SAL22334,St Arnaud,VIC,2318.0,107.27,188.0,188.0,188.0
SAL22335,St Arnaud East,VIC,100.0,111.52,0.0,0.0,0.0
SAL22336,St Arnaud North,VIC,43.0,73.45,200.0,200.0,200.0
SAL22337,St Clair (Vic.),VIC,44.0,28.55,150.0,150.0,150.0
SAL22338,St Germains,VIC,75.0,55.11,225.0,225.0,225.0
SAL22339,St Helena,VIC,2890.0,2.62,163.0,163.0,163.0
SAL22340,St Helens (Vic.),VIC,34.0,76.67,100.0,100.0,100.0
SAL22341,St Helens Plains,VIC,40.0,209.97,80.0,80.0,80.0
SAL22342,St James (Vic.),VIC,123.0,124.16,236.0,236.0,236.0
SAL22343,St Kilda (Vic.),VIC,19490.0,5.11,381.0,381.0,381.0
SAL22344,St Kilda East,VIC,12571.0,3.64,396.0,396.0,396.0
SAL22345,St Kilda West,VIC,2951.0,0.85,385.0,385.0,385.0
SAL22346,St Leonards (Vic.),VIC,3542.0,47.4,350.0,350.0,350.0
SAL22347,Staceys Bridge,VIC,44.0,36.34,160.0,160.0,160.0
SAL22348,Staffordshire Reef,VIC,63.0,30.1,135.0,135.0,135.0
SAL22349,Staghorn Flat,VIC,368.0,85.13,310.0,310.0,310.0
SAL22350,Stanhope (Vic.),VIC,826.0,111.83,198.0,198.0,198.0
SAL22351,Stanley (Vic.),VIC,371.0,176.19,288.0,288.0,288.0
SAL22352,Staughton Vale,VIC,105.0,54.73,0.0,0.0,0.0
SAL22353,Stavely,VIC,47.0,131.2,80.0,80.0,80.0
SAL22354,Stawell,VIC,6220.0,146.52,210.0,210.0,210.0
SAL22355,Steels Creek,VIC,276.0,48.19,509.0,509.0,509.0
SAL22356,Steiglitz (Vic.),VIC,61.0,69.0,0.0,0.0,0.0
SAL22357,Stewarton (Vic.),VIC,118.0,129.86,265.0,265.0,265.0
SAL22358,Stirling (Vic.),VIC,0.0,300.21,0.0,0.0,0.0
SAL22359,Stockdale,VIC,41.0,139.12,200.0,200.0,200.0
SAL22360,Stockyard Hill,VIC,49.0,182.87,138.0,138.0,138.0
SAL22361,Stonehaven,VIC,79.0,44.75,485.0,485.0,485.0
SAL22362,Stoneleigh (Vic.),VIC,45.0,156.73,200.0,200.0,200.0
SAL22363,Stony Creek (Central Goldfields - Vic.),VIC,0.0,11.38,0.0,0.0,0.0
SAL22364,Stony Creek (South Gippsland - Vic.),VIC,310.0,107.07,260.0,260.0,260.0
SAL22365,Stonyford,VIC,65.0,71.4,260.0,260.0,260.0
SAL22366,Stradbroke,VIC,187.0,295.09,320.0,320.0,320.0
SAL22367,Strangways,VIC,101.0,31.7,225.0,225.0,225.0
SAL22368,Straten,VIC,11.0,81.34,0.0,0.0,0.0
SAL22369,Stratford (Vic.),VIC,2980.0,247.63,290.0,290.0,290.0
SAL22370,Strath Creek,VIC,231.0,151.32,250.0,250.0,250.0
SAL22371,Strathallan,VIC,180.0,107.42,178.0,178.0,178.0
SAL22372,Strathbogie,VIC,351.0,264.14,250.0,250.0,250.0
SAL22373,Strathdale,VIC,5756.0,5.49,300.0,300.0,300.0
SAL22374,Strathdownie,VIC,176.0,849.81,50.0,50.0,50.0
SAL22375,Strathewen,VIC,198.0,32.64,351.0,351.0,351.0
SAL22376,Strathfieldsaye,VIC,6850.0,47.01,400.0,400.0,400.0
SAL22377,Strathkellar,VIC,84.0,62.68,180.0,180.0,180.0
SAL22378,Strathlea,VIC,33.0,48.79,135.0,135.0,135.0
SAL22379,Strathmerton,VIC,1072.0,273.31,210.0,210.0,210.0
SAL22380,Strathmore (Vic.),VIC,8980.0,5.53,450.0,450.0,450.0
SAL22381,Strathmore Heights,VIC,1047.0,1.11,448.0,448.0,448.0
SAL22382,Strathtulloh,VIC,3997.0,19.34,380.0,380.0,380.0
SAL22383,Streatham,VIC,158.0,249.6,150.0,150.0,150.0
SAL22384,Strzelecki (Vic.),VIC,107.0,50.22,388.0,388.0,388.0
SAL22385,Stuart Mill,VIC,78.0,226.04,205.0,205.0,205.0
SAL22386,Sugarloaf (Vic.),VIC,20.0,3.22,0.0,0.0,0.0
SAL22387,Sugarloaf Creek,VIC,255.0,63.04,200.0,200.0,200.0
SAL22388,Suggan Buggan,VIC,5.0,373.28,175.0,175.0,175.0
SAL22389,Sulky,VIC,234.0,15.34,203.0,203.0,203.0
SAL22390,Summerlands,VIC,0.0,5.94,0.0,0.0,0.0
SAL22391,Sunbury,VIC,38851.0,210.71,361.0,361.0,361.0
SAL22392,Sunday Creek,VIC,368.0,15.68,270.0,270.0,270.0
SAL22393,Sunderland Bay,VIC,306.0,0.65,316.0,316.0,316.0
SAL22394,Sunset Strip (Vic.),VIC,503.0,0.6,350.0,350.0,350.0
SAL22395,Sunshine (Vic.),VIC,9445.0,7.59,340.0,340.0,340.0
SAL22396,Sunshine North,VIC,12047.0,12.86,341.0,341.0,341.0
SAL22397,Sunshine West,VIC,18552.0,15.3,346.0,346.0,346.0
SAL22398,Surf Beach (Vic.),VIC,670.0,1.72,316.0,316.0,316.0
SAL22399,Surrey Hills,VIC,13655.0,7.12,462.0,462.0,462.0
SAL22400,Sutherland (Vic.),VIC,16.0,104.58,0.0,0.0,0.0
SAL22401,Sutherlands Creek,VIC,129.0,65.12,175.0,175.0,175.0
SAL22402,Sutton (Vic.),VIC,3.0,89.37,0.0,0.0,0.0
SAL22403,Sutton Grange,VIC,160.0,107.87,275.0,275.0,275.0
SAL22404,Swan Bay (Vic.),VIC,103.0,18.38,250.0,250.0,250.0
SAL22405,Swan Hill,VIC,11186.0,190.77,235.0,235.0,235.0
SAL22406,Swan Hill West,VIC,11.0,141.81,0.0,0.0,0.0
SAL22407,Swan Island,VIC,0.0,4.76,0.0,0.0,0.0
SAL22408,Swan Marsh,VIC,127.0,89.59,200.0,200.0,200.0
SAL22409,Swan Reach (Vic.),VIC,861.0,66.82,210.0,210.0,210.0
SAL22410,Swanpool,VIC,227.0,103.76,220.0,220.0,220.0
SAL22411,Swanwater,VIC,10.0,75.09,0.0,0.0,0.0
SAL22412,Swanwater West,VIC,17.0,74.8,100.0,100.0,100.0
SAL22413,Swifts Creek,VIC,232.0,447.24,120.0,120.0,120.0
SAL22414,Sydenham (Vic.),VIC,10578.0,5.7,369.0,369.0,369.0
SAL22415,Sylvaterre,VIC,22.0,55.51,150.0,150.0,150.0
SAL22416,Tabberabbera,VIC,0.0,25.8,0.0,0.0,0.0
SAL22417,Tabilk,VIC,160.0,126.23,207.0,207.0,207.0
SAL22418,Tabor,VIC,38.0,60.38,230.0,230.0,230.0
SAL22419,Taggerty,VIC,405.0,194.29,250.0,250.0,250.0
SAL22420,Tahara,VIC,30.0,116.95,200.0,200.0,200.0
SAL22421,Tahara Bridge,VIC,20.0,42.72,300.0,300.0,300.0
SAL22422,Tahara West,VIC,17.0,41.08,0.0,0.0,0.0
SAL22423,Talbot (Vic.),VIC,452.0,51.24,160.0,160.0,160.0
SAL22424,Talgarno,VIC,245.0,217.57,208.0,208.0,208.0
SAL22425,Tallandoon,VIC,92.0,130.18,100.0,100.0,100.0
SAL22426,Tallangatta,VIC,1175.0,85.51,240.0,240.0,240.0
SAL22427,Tallangatta East,VIC,39.0,34.76,0.0,0.0,0.0
SAL22428,Tallangatta South,VIC,142.0,412.17,150.0,150.0,150.0
SAL22429,Tallangatta Valley,VIC,194.0,583.25,241.0,241.0,241.0
SAL22430,Tallarook,VIC,748.0,280.44,263.0,263.0,263.0
SAL22431,Tallygaroopna,VIC,600.0,130.12,285.0,285.0,285.0
SAL22432,Tambo Crossing,VIC,25.0,77.47,0.0,0.0,0.0
SAL22433,Tambo Upper,VIC,325.0,67.87,268.0,268.0,268.0
SAL22434,Tamboon,VIC,3.0,813.09,0.0,0.0,0.0
SAL22435,Tamboritha,VIC,0.0,106.75,0.0,0.0,0.0
SAL22436,Taminick,VIC,139.0,138.76,300.0,300.0,300.0
SAL22437,Tamleugh,VIC,54.0,93.42,0.0,0.0,0.0
SAL22438,Tamleugh North,VIC,24.0,59.45,0.0,0.0,0.0
SAL22439,Tandarook,VIC,46.0,31.38,250.0,250.0,250.0
SAL22440,Tandarra,VIC,55.0,117.81,0.0,0.0,0.0
SAL22441,Tangambalanga,VIC,908.0,47.32,250.0,250.0,250.0
SAL22442,Tanjil,VIC,0.0,388.14,0.0,0.0,0.0
SAL22443,Tanjil Bren,VIC,7.0,127.52,0.0,0.0,0.0
SAL22444,Tanjil South,VIC,540.0,134.52,235.0,235.0,235.0
SAL22445,Tanwood,VIC,15.0,29.32,300.0,300.0,300.0
SAL22446,Tanybryn,VIC,15.0,75.47,0.0,0.0,0.0
SAL22447,Taradale (Vic.),VIC,524.0,75.61,277.0,277.0,277.0
SAL22448,Tarcombe,VIC,32.0,174.4,335.0,335.0,335.0
SAL22449,Tarilta,VIC,26.0,11.27,0.0,0.0,0.0
SAL22450,Tarnagulla,VIC,153.0,45.82,155.0,155.0,155.0
SAL22451,Tarneit,VIC,56370.0,61.33,380.0,380.0,380.0
SAL22452,Tarnook,VIC,103.0,46.34,0.0,0.0,0.0
SAL22453,Taroon,VIC,25.0,21.74,200.0,200.0,200.0
SAL22454,Tarra Valley,VIC,85.0,58.8,150.0,150.0,150.0
SAL22455,Tarranyurk,VIC,36.0,183.52,135.0,135.0,135.0
SAL22456,Tarraville,VIC,69.0,53.19,0.0,0.0,0.0
SAL22457,Tarrawarra,VIC,81.0,21.75,96.0,96.0,96.0
SAL22458,Tarrawingee,VIC,416.0,82.94,250.0,250.0,250.0
SAL22459,Tarrayoukyan,VIC,25.0,148.11,0.0,0.0,0.0
SAL22460,Tarrengower,VIC,56.0,40.5,265.0,265.0,265.0
SAL22461,Tarrenlea,VIC,25.0,127.24,0.0,0.0,0.0
SAL22462,Tarrington,VIC,328.0,89.56,215.0,215.0,215.0
SAL22463,Tarrone,VIC,69.0,143.67,180.0,180.0,180.0
SAL22464,Tarwin,VIC,59.0,43.26,150.0,150.0,150.0
SAL22465,Tarwin Lower,VIC,462.0,367.41,210.0,210.0,210.0
SAL22466,Tatong,VIC,281.0,302.7,200.0,200.0,200.0
SAL22467,Tatura,VIC,4955.0,191.57,245.0,245.0,245.0
SAL22468,Tatura East,VIC,135.0,24.23,280.0,280.0,280.0
SAL22469,Tatyoon,VIC,130.0,397.82,135.0,135.0,135.0
SAL22470,Tawonga,VIC,568.0,219.07,220.0,220.0,220.0
SAL22471,Tawonga South,VIC,1012.0,76.24,285.0,285.0,285.0
SAL22472,Taylor Bay,VIC,76.0,17.62,320.0,320.0,320.0
SAL22473,Taylors Hill,VIC,15419.0,7.34,420.0,420.0,420.0
SAL22474,Taylors Lakes,VIC,15174.0,11.96,411.0,411.0,411.0
SAL22475,Teal Point,VIC,54.0,80.42,100.0,100.0,100.0
SAL22476,Tecoma,VIC,2064.0,2.92,348.0,348.0,348.0
SAL22477,Teddywaddy,VIC,23.0,98.31,0.0,0.0,0.0
SAL22478,Teddywaddy West,VIC,12.0,122.11,100.0,100.0,100.0
SAL22479,Teesdale (Vic.),VIC,2308.0,98.07,400.0,400.0,400.0
SAL22480,Telangatuk East,VIC,75.0,462.78,80.0,80.0,80.0
SAL22481,Telford,VIC,21.0,58.86,285.0,285.0,285.0
SAL22482,Telopea Downs,VIC,44.0,1351.0,160.0,160.0,160.0
SAL22483,Templestowe,VIC,16966.0,25.83,513.0,513.0,513.0
SAL22484,Templestowe Lower,VIC,14098.0,9.45,475.0,475.0,475.0
SAL22485,Tempy,VIC,62.0,681.74,0.0,0.0,0.0
SAL22486,Tenby Point,VIC,206.0,0.39,325.0,325.0,325.0
SAL22487,Tennyson (Vic.),VIC,60.0,130.36,250.0,250.0,250.0
SAL22488,Terang,VIC,2254.0,193.82,225.0,225.0,225.0
SAL22489,Terip Terip,VIC,72.0,80.18,250.0,250.0,250.0
SAL22490,Terrappee,VIC,20.0,120.62,0.0,0.0,0.0
SAL22491,Terrick Terrick,VIC,8.0,89.45,0.0,0.0,0.0
SAL22492,Terrick Terrick East,VIC,8.0,279.65,0.0,0.0,0.0
SAL22493,Tesbury,VIC,110.0,39.01,200.0,200.0,200.0
SAL22494,Tetoora Road,VIC,93.0,13.83,200.0,200.0,200.0
SAL22495,Thalia,VIC,4.0,141.1,0.0,0.0,0.0
SAL22496,The Basin (Vic.),VIC,4497.0,9.24,365.0,365.0,365.0
SAL22497,The Cove,VIC,18.0,12.18,100.0,100.0,100.0
SAL22498,The Gurdies,VIC,243.0,27.71,260.0,260.0,260.0
SAL22499,The Heart,VIC,30.0,71.79,0.0,0.0,0.0
SAL22500,The Honeysuckles,VIC,131.0,18.91,100.0,100.0,100.0
SAL22501,The Patch,VIC,1046.0,6.4,415.0,415.0,415.0
SAL22502,The Sisters,VIC,110.0,115.38,200.0,200.0,200.0
SAL22503,Thologolong,VIC,22.0,143.01,100.0,100.0,100.0
SAL22504,Thomastown,VIC,20234.0,23.58,350.0,350.0,350.0
SAL22505,Thomson (Baw Baw - Vic.),VIC,0.0,252.82,0.0,0.0,0.0
SAL22506,Thomson (Greater Geelong - Vic.),VIC,1606.0,1.55,295.0,295.0,295.0
SAL22507,Thoona,VIC,133.0,124.43,149.0,149.0,149.0
SAL22508,Thornbury,VIC,19005.0,8.23,391.0,391.0,391.0
SAL22509,Thornhill Park,VIC,3066.0,15.31,380.0,380.0,380.0
SAL22510,Thornton (Vic.),VIC,311.0,110.95,258.0,258.0,258.0
SAL22511,Thorpdale,VIC,475.0,106.86,250.0,250.0,250.0
SAL22512,Thorpdale South,VIC,27.0,13.85,160.0,160.0,160.0
SAL22513,Thowgla Valley,VIC,70.0,195.95,130.0,130.0,130.0
SAL22514,Three Bridges,VIC,188.0,57.54,230.0,230.0,230.0
SAL22515,Timbarra (Vic.),VIC,0.0,243.03,0.0,0.0,0.0
SAL22516,Timboon,VIC,1250.0,133.52,260.0,260.0,260.0
SAL22517,Timboon West,VIC,57.0,40.91,25.0,25.0,25.0
SAL22518,Timmering,VIC,90.0,139.68,200.0,200.0,200.0
SAL22519,Timor (Vic.),VIC,68.0,46.26,0.0,0.0,0.0
SAL22520,Timor West,VIC,23.0,43.31,300.0,300.0,300.0
SAL22521,Tinamba,VIC,358.0,97.23,237.0,237.0,237.0
SAL22522,Tinamba West,VIC,63.0,30.14,250.0,250.0,250.0
SAL22523,Tintaldra,VIC,66.0,115.67,250.0,250.0,250.0
SAL22524,Tittybong,VIC,3.0,77.27,0.0,0.0,0.0
SAL22525,Tol Tol,VIC,175.0,88.54,260.0,260.0,260.0
SAL22526,Tolmie,VIC,547.0,379.59,300.0,300.0,300.0
SAL22527,Tom Groggin,VIC,7.0,796.99,0.0,0.0,0.0
SAL22528,Tongala,VIC,1973.0,172.56,200.0,200.0,200.0
SAL22529,Tonghi Creek,VIC,5.0,102.36,150.0,150.0,150.0
SAL22530,Tongio,VIC,50.0,223.13,190.0,190.0,190.0
SAL22531,Tonimbuk,VIC,229.0,61.89,260.0,260.0,260.0
SAL22532,Tooan,VIC,23.0,417.82,0.0,0.0,0.0
SAL22533,Tooborac,VIC,319.0,263.83,250.0,250.0,250.0
SAL22534,Toolamba,VIC,822.0,105.76,250.0,250.0,250.0
SAL22535,Toolamba West,VIC,110.0,25.71,200.0,200.0,200.0
SAL22536,Toolangi,VIC,366.0,269.04,236.0,236.0,236.0
SAL22537,Toolern Vale,VIC,818.0,156.38,385.0,385.0,385.0
SAL22538,Toolleen,VIC,221.0,246.37,260.0,260.0,260.0
SAL22539,Toolome,VIC,0.0,182.67,0.0,0.0,0.0
SAL22540,Toolondo,VIC,74.0,288.04,163.0,163.0,163.0
SAL22541,Toolong,VIC,88.0,53.08,150.0,150.0,150.0
SAL22542,Toombon,VIC,0.0,398.54,0.0,0.0,0.0
SAL22543,Toongabbie (Vic.),VIC,1085.0,240.19,270.0,270.0,270.0
SAL22544,Toora (Vic.),VIC,713.0,85.0,230.0,230.0,230.0
SAL22545,Toora North,VIC,107.0,60.22,299.0,299.0,299.0
SAL22546,Tooradin,VIC,1722.0,44.97,350.0,350.0,350.0
SAL22547,Toorak,VIC,12817.0,6.86,486.0,486.0,486.0
SAL22548,Toorloo Arm,VIC,509.0,292.93,170.0,170.0,170.0
SAL22549,Toorongo,VIC,0.0,269.84,0.0,0.0,0.0
SAL22550,Tootgarook,VIC,3178.0,5.68,360.0,360.0,360.0
SAL22551,Torquay (Vic.),VIC,18534.0,55.8,500.0,500.0,500.0
SAL22552,Torrita,VIC,51.0,366.27,0.0,0.0,0.0
SAL22553,Torrumbarry,VIC,257.0,216.2,200.0,200.0,200.0
SAL22554,Torwood,VIC,49.0,11.17,412.0,412.0,412.0
SAL22555,Tostaree,VIC,23.0,66.31,295.0,295.0,295.0
SAL22556,Tottenham (Vic.),VIC,3.0,3.45,150.0,150.0,150.0
SAL22557,Tottington,VIC,5.0,94.68,0.0,0.0,0.0
SAL22558,Tourello,VIC,46.0,32.18,85.0,85.0,85.0
SAL22559,Towan,VIC,13.0,185.88,0.0,0.0,0.0
SAL22560,Towaninny,VIC,4.0,136.13,0.0,0.0,0.0
SAL22561,Towaninny South,VIC,0.0,107.71,0.0,0.0,0.0
SAL22562,Tower Hill,VIC,83.0,19.07,278.0,278.0,278.0
SAL22563,Towong,VIC,143.0,118.61,175.0,175.0,175.0
SAL22564,Towong Upper,VIC,37.0,59.4,0.0,0.0,0.0
SAL22565,Trafalgar (Vic.),VIC,4349.0,110.07,300.0,300.0,300.0
SAL22566,Trafalgar East,VIC,401.0,58.24,270.0,270.0,270.0
SAL22567,Trafalgar South,VIC,305.0,67.39,310.0,310.0,310.0
SAL22568,Tragowel,VIC,83.0,194.89,0.0,0.0,0.0
SAL22569,Traralgon,VIC,26907.0,91.29,275.0,275.0,275.0
SAL22570,Traralgon East,VIC,1780.0,56.57,400.0,400.0,400.0
SAL22571,Traralgon South,VIC,553.0,28.51,260.0,260.0,260.0
SAL22572,Travancore,VIC,2116.0,0.67,351.0,351.0,351.0
SAL22573,Trawalla,VIC,140.0,116.72,150.0,150.0,150.0
SAL22574,Trawool,VIC,90.0,65.1,300.0,300.0,300.0
SAL22575,Traynors Lagoon,VIC,22.0,107.07,0.0,0.0,0.0
SAL22576,Tremont,VIC,69.0,8.86,401.0,401.0,401.0
SAL22577,Trentham,VIC,1382.0,81.49,386.0,386.0,386.0
SAL22578,Trentham East,VIC,181.0,57.16,257.0,257.0,257.0
SAL22579,Tresco,VIC,162.0,43.49,170.0,170.0,170.0
SAL22580,Tresco West,VIC,153.0,56.17,210.0,210.0,210.0
SAL22581,Trida,VIC,87.0,39.18,280.0,280.0,280.0
SAL22582,Truganina,VIC,36305.0,98.95,390.0,390.0,390.0
SAL22583,Tubbut,VIC,13.0,180.27,240.0,240.0,240.0
SAL22584,Tuerong,VIC,357.0,63.31,295.0,295.0,295.0
SAL22585,Tulkara,VIC,9.0,21.8,100.0,100.0,100.0
SAL22586,Tullamarine,VIC,6733.0,11.99,355.0,355.0,355.0
SAL22587,Tungamah,VIC,449.0,292.32,150.0,150.0,150.0
SAL22588,Turoar,VIC,8.0,215.38,0.0,0.0,0.0
SAL22589,Turriff,VIC,30.0,198.12,0.0,0.0,0.0
SAL22590,Turriff East,VIC,7.0,72.64,0.0,0.0,0.0
SAL22591,Turtons Creek,VIC,33.0,39.79,285.0,285.0,285.0
SAL22592,Tutye,VIC,21.0,377.78,0.0,0.0,0.0
SAL22593,Tyaak,VIC,85.0,18.98,0.0,0.0,0.0
SAL22594,Tyabb,VIC,3449.0,38.37,383.0,383.0,383.0
SAL22595,Tyenna (Vic.),VIC,4.0,50.74,0.0,0.0,0.0
SAL22596,Tyers,VIC,893.0,74.99,240.0,240.0,240.0
SAL22597,Tylden,VIC,645.0,86.19,350.0,350.0,350.0
SAL22598,Tynong,VIC,523.0,34.5,311.0,311.0,311.0
SAL22599,Tynong North,VIC,440.0,78.07,235.0,235.0,235.0
SAL22600,Tyntynder,VIC,157.0,48.93,160.0,160.0,160.0
SAL22601,Tyntynder South,VIC,250.0,25.77,250.0,250.0,250.0
SAL22602,Tyrendarra,VIC,198.0,199.25,205.0,205.0,205.0
SAL22603,Tyrendarra East,VIC,19.0,24.0,25.0,25.0,25.0
SAL22604,Tyrrell,VIC,16.0,150.11,0.0,0.0,0.0
SAL22605,Tyrrell Downs,VIC,9.0,302.58,0.0,0.0,0.0
SAL22606,Ullina,VIC,25.0,55.59,0.0,0.0,0.0
SAL22607,Ullswater,VIC,47.0,118.34,200.0,200.0,200.0
SAL22608,Ultima,VIC,173.0,391.73,180.0,180.0,180.0
SAL22609,Ultima East,VIC,0.0,68.26,0.0,0.0,0.0
SAL22610,Ulupna,VIC,17.0,28.31,0.0,0.0,0.0
SAL22611,Undera,VIC,450.0,210.4,235.0,235.0,235.0
SAL22612,Underbool,VIC,215.0,530.39,150.0,150.0,150.0
SAL22613,Upotipotpon,VIC,56.0,116.69,350.0,350.0,350.0
SAL22614,Upper Ferntree Gully,VIC,3417.0,5.39,369.0,369.0,369.0
SAL22615,Upper Gundowring,VIC,120.0,106.84,250.0,250.0,250.0
SAL22616,Upper Lurg,VIC,107.0,47.87,264.0,264.0,264.0
SAL22617,Upper Plenty,VIC,415.0,49.86,310.0,310.0,310.0
SAL22618,Upper Ryans Creek,VIC,40.0,43.93,0.0,0.0,0.0
SAL22619,Upton Hill,VIC,29.0,37.65,180.0,180.0,180.0
SAL22620,Upwey,VIC,6818.0,10.0,390.0,390.0,390.0
SAL22621,Valencia Creek,VIC,187.0,127.74,170.0,170.0,170.0
SAL22622,Vasey,VIC,45.0,200.82,92.0,92.0,92.0
SAL22623,Vaughan,VIC,55.0,15.17,300.0,300.0,300.0
SAL22624,Vectis,VIC,184.0,229.89,225.0,225.0,225.0
SAL22625,Ventnor (Vic.),VIC,982.0,62.96,328.0,328.0,328.0
SAL22626,Venus Bay (Vic.),VIC,904.0,28.47,280.0,280.0,280.0
SAL22627,Vermont,VIC,10993.0,7.4,426.0,426.0,426.0
SAL22628,Vermont South,VIC,11954.0,9.94,496.0,496.0,496.0
SAL22629,Vervale,VIC,44.0,11.35,300.0,300.0,300.0
SAL22630,Vesper,VIC,50.0,29.02,145.0,145.0,145.0
SAL22631,Victoria Point (Vic.),VIC,16.0,127.38,0.0,0.0,0.0
SAL22632,Victoria Valley (Vic.),VIC,65.0,295.44,115.0,115.0,115.0
SAL22633,Viewbank,VIC,7030.0,7.28,451.0,451.0,451.0
SAL22634,Vinifera,VIC,163.0,28.4,135.0,135.0,135.0
SAL22635,Violet Town,VIC,936.0,302.6,250.0,250.0,250.0
SAL22636,Vite Vite,VIC,37.0,157.72,0.0,0.0,0.0
SAL22637,Vite Vite North,VIC,32.0,196.51,50.0,50.0,50.0
SAL22638,W Tree,VIC,47.0,248.02,50.0,50.0,50.0
SAL22639,Waaia,VIC,420.0,111.38,195.0,195.0,195.0
SAL22640,Waanyarra,VIC,57.0,97.01,360.0,360.0,360.0
SAL22641,Waarre,VIC,0.0,13.11,0.0,0.0,0.0
SAL22642,Wabonga,VIC,0.0,462.92,0.0,0.0,0.0
SAL22643,Waggarandall,VIC,52.0,98.04,0.0,0.0,0.0
SAL22644,Wahgunyah,VIC,1061.0,55.98,230.0,230.0,230.0
SAL22645,Wahring,VIC,88.0,173.14,320.0,320.0,320.0
SAL22646,Wail,VIC,44.0,162.64,200.0,200.0,200.0
SAL22647,Wairewa,VIC,67.0,115.63,150.0,150.0,150.0
SAL22648,Waitchie,VIC,43.0,471.8,0.0,0.0,0.0
SAL22649,Wal Wal,VIC,37.0,236.18,0.0,0.0,0.0
SAL22650,Waldara,VIC,677.0,12.98,300.0,300.0,300.0
SAL22651,Walhalla,VIC,35.0,162.97,162.0,162.0,162.0
SAL22652,Walhalla East,VIC,0.0,158.03,0.0,0.0,0.0
SAL22653,Walkerville (Vic.),VIC,130.0,64.52,458.0,458.0,458.0
SAL22654,Walkerville North,VIC,5.0,0.63,0.0,0.0,0.0
SAL22655,Walkerville South,VIC,13.0,1.95,0.0,0.0,0.0
SAL22656,Wallace,VIC,227.0,16.72,250.0,250.0,250.0
SAL22657,Wallacedale,VIC,94.0,86.74,235.0,235.0,235.0
SAL22658,Wallagaraugh,VIC,0.0,34.19,0.0,0.0,0.0
SAL22659,Wallaloo,VIC,11.0,66.52,0.0,0.0,0.0
SAL22660,Wallaloo East,VIC,12.0,138.63,0.0,0.0,0.0
SAL22661,Wallan,VIC,15004.0,110.52,360.0,360.0,360.0
SAL22662,Wallinduc,VIC,42.0,145.81,150.0,150.0,150.0
SAL22663,Wallington,VIC,1515.0,59.88,325.0,325.0,325.0
SAL22664,Wallup,VIC,28.0,253.74,89.0,89.0,89.0
SAL22665,Walmer (Vic.),VIC,262.0,114.79,331.0,331.0,331.0
SAL22666,Walpa,VIC,157.0,44.98,120.0,120.0,120.0
SAL22667,Walpeup,VIC,171.0,692.87,125.0,125.0,125.0
SAL22668,Walwa,VIC,191.0,167.37,160.0,160.0,160.0
SAL22669,Wandana Heights,VIC,2195.0,4.22,410.0,410.0,410.0
SAL22670,Wandella (Vic.),VIC,67.0,119.27,163.0,163.0,163.0
SAL22671,Wandiligong,VIC,522.0,68.72,275.0,275.0,275.0
SAL22672,Wandin East,VIC,408.0,14.92,316.0,316.0,316.0
SAL22673,Wandin North,VIC,3132.0,26.66,368.0,368.0,368.0
SAL22674,Wando Bridge,VIC,41.0,104.67,150.0,150.0,150.0
SAL22675,Wando Vale,VIC,96.0,171.87,100.0,100.0,100.0
SAL22676,Wandong,VIC,1477.0,53.7,305.0,305.0,305.0
SAL22677,Wandown,VIC,0.0,142.69,0.0,0.0,0.0
SAL22678,Wangandary,VIC,217.0,66.35,375.0,375.0,375.0
SAL22679,Wangarabell,VIC,8.0,81.31,0.0,0.0,0.0
SAL22680,Wangaratta (Vic.),VIC,19214.0,75.41,260.0,260.0,260.0
SAL22681,Wangaratta South,VIC,550.0,76.54,250.0,250.0,250.0
SAL22682,Wangie,VIC,11.0,192.45,0.0,0.0,0.0
SAL22683,Wangoom,VIC,237.0,68.23,280.0,280.0,280.0
SAL22684,Wannon,VIC,124.0,137.33,100.0,100.0,100.0
SAL22685,Wantirna,VIC,14237.0,13.27,428.0,428.0,428.0
SAL22686,Wantirna South,VIC,20754.0,22.77,441.0,441.0,441.0
SAL22687,Waranga Shores,VIC,314.0,182.37,200.0,200.0,200.0
SAL22688,Waratah Bay,VIC,48.0,15.24,2358.0,2358.0,2358.0
SAL22689,Warburton (Vic.),VIC,2020.0,212.25,290.0,290.0,290.0
SAL22690,Wareek,VIC,72.0,103.24,150.0,150.0,150.0
SAL22691,Wargan,VIC,53.0,638.19,231.0,231.0,231.0
SAL22692,Warmur,VIC,31.0,161.3,0.0,0.0,0.0
SAL22693,Warncoort,VIC,146.0,97.51,300.0,300.0,300.0
SAL22694,Warne,VIC,13.0,128.91,0.0,0.0,0.0
SAL22695,Warneet,VIC,565.0,5.3,336.0,336.0,336.0
SAL22696,Warrabkook,VIC,42.0,104.71,135.0,135.0,135.0
SAL22697,Warracknabeal,VIC,2359.0,447.19,180.0,180.0,180.0
SAL22698,Warragul,VIC,19856.0,89.6,321.0,321.0,321.0
SAL22699,Warragul South,VIC,280.0,45.02,300.0,300.0,300.0
SAL22700,Warragul West,VIC,33.0,6.6,380.0,380.0,380.0
SAL22701,Warrak,VIC,68.0,107.4,275.0,275.0,275.0
SAL22702,Warrandyte,VIC,5541.0,27.79,492.0,492.0,492.0
SAL22703,Warrandyte South,VIC,671.0,7.26,500.0,500.0,500.0
SAL22704,Warranwood,VIC,4820.0,4.8,423.0,423.0,423.0
SAL22705,Warrayure,VIC,50.0,56.67,120.0,120.0,120.0
SAL22706,Warrenbayne,VIC,144.0,201.58,254.0,254.0,254.0
SAL22707,Warrenheip,VIC,721.0,18.92,229.0,229.0,229.0
SAL22708,Warrenmang,VIC,16.0,229.71,155.0,155.0,155.0
SAL22709,Warrion,VIC,204.0,58.14,310.0,310.0,310.0
SAL22710,Warrnambool,VIC,31308.0,106.75,290.0,290.0,290.0
SAL22711,Warrock,VIC,46.0,132.33,140.0,140.0,140.0
SAL22712,Warrong,VIC,77.0,134.72,190.0,190.0,190.0
SAL22713,Wartook,VIC,88.0,206.91,140.0,140.0,140.0
SAL22714,Watchem,VIC,124.0,173.58,175.0,175.0,175.0
SAL22715,Watchem West,VIC,29.0,204.84,150.0,150.0,150.0
SAL22716,Watchupga,VIC,43.0,181.75,50.0,50.0,50.0
SAL22717,Waterford Park,VIC,217.0,0.3,285.0,285.0,285.0
SAL22718,Waterholes,VIC,12.0,38.93,0.0,0.0,0.0
SAL22719,Waterloo (Vic.),VIC,122.0,116.85,165.0,165.0,165.0
SAL22720,Waterways,VIC,2422.0,2.74,623.0,623.0,623.0
SAL22721,Watsonia,VIC,5352.0,3.68,385.0,385.0,385.0
SAL22722,Watsonia North,VIC,3799.0,2.32,401.0,401.0,401.0
SAL22723,Watsons Creek (Vic.),VIC,58.0,2.79,542.0,542.0,542.0
SAL22724,Wattle Bank,VIC,250.0,26.41,204.0,204.0,204.0
SAL22725,Wattle Creek,VIC,0.0,20.68,0.0,0.0,0.0
SAL22726,Wattle Flat (Vic.),VIC,104.0,17.45,0.0,0.0,0.0
SAL22727,Wattle Glen,VIC,1911.0,14.37,420.0,420.0,420.0
SAL22728,Wattle Hill (Vic.),VIC,11.0,19.15,0.0,0.0,0.0
SAL22729,Waubra,VIC,308.0,113.35,200.0,200.0,200.0
SAL22730,Waurn Ponds,VIC,4956.0,28.29,430.0,430.0,430.0
SAL22731,Waygara,VIC,20.0,60.25,0.0,0.0,0.0
SAL22732,Weatherboard,VIC,52.0,22.29,205.0,205.0,205.0
SAL22733,Wedderburn (Vic.),VIC,951.0,319.62,174.0,174.0,174.0
SAL22734,Wedderburn Junction,VIC,20.0,73.57,0.0,0.0,0.0
SAL22735,Wee Wee Rup,VIC,31.0,25.75,263.0,263.0,263.0
SAL22736,Weeaproinah,VIC,15.0,19.01,175.0,175.0,175.0
SAL22737,Weering,VIC,62.0,125.36,220.0,220.0,220.0
SAL22738,Weerite,VIC,121.0,120.38,200.0,200.0,200.0
SAL22739,Wehla,VIC,41.0,155.28,125.0,125.0,125.0
SAL22740,Weir Views,VIC,4348.0,9.17,352.0,352.0,352.0
SAL22741,Wellsford,VIC,144.0,85.24,200.0,200.0,200.0
SAL22742,Welshmans Reef,VIC,210.0,48.95,327.0,327.0,327.0
SAL22743,Welshpool (Vic.),VIC,361.0,87.8,220.0,220.0,220.0
SAL22744,Wemen,VIC,128.0,156.94,135.0,135.0,135.0
SAL22745,Wendouree,VIC,10376.0,15.15,250.0,250.0,250.0
SAL22746,Wensleydale,VIC,95.0,135.86,400.0,400.0,400.0
SAL22747,Wentworth (Vic.),VIC,0.0,243.71,0.0,0.0,0.0
SAL22748,Werneth,VIC,66.0,236.28,153.0,153.0,153.0
SAL22749,Werona,VIC,43.0,61.26,115.0,115.0,115.0
SAL22750,Werribee,VIC,50027.0,69.0,330.0,330.0,330.0
SAL22751,Werribee South,VIC,2392.0,59.48,350.0,350.0,350.0
SAL22752,Werrimull,VIC,97.0,1072.69,90.0,90.0,90.0
SAL22753,Wesburn,VIC,1052.0,66.18,350.0,350.0,350.0
SAL22754,West Bendigo,VIC,378.0,3.05,235.0,235.0,235.0
SAL22755,West Creek,VIC,113.0,33.04,210.0,210.0,210.0
SAL22756,West Footscray,VIC,11729.0,6.01,351.0,351.0,351.0
SAL22757,West Melbourne,VIC,8025.0,10.56,388.0,388.0,388.0
SAL22758,West Wodonga,VIC,14794.0,67.69,290.0,290.0,290.0
SAL22759,Westbury (Vic.),VIC,163.0,29.99,300.0,300.0,300.0
SAL22760,Westby,VIC,27.0,31.19,150.0,150.0,150.0
SAL22761,Westmeadows,VIC,6502.0,7.75,360.0,360.0,360.0
SAL22762,Westmere,VIC,62.0,137.08,35.0,35.0,35.0
SAL22763,Whanregarwen,VIC,130.0,116.61,270.0,270.0,270.0
SAL22764,Wharparilla,VIC,483.0,81.57,275.0,275.0,275.0
SAL22765,Wheatsheaf,VIC,252.0,43.7,266.0,266.0,266.0
SAL22766,Wheelers Hill,VIC,20652.0,16.77,481.0,481.0,481.0
SAL22767,Whipstick,VIC,18.0,34.84,0.0,0.0,0.0
SAL22768,Whirily,VIC,25.0,213.9,0.0,0.0,0.0
SAL22769,White Hills (Vic.),VIC,3620.0,8.98,300.0,300.0,300.0
SAL22770,Whiteheads Creek,VIC,347.0,219.06,295.0,295.0,295.0
SAL22771,Whitelaw,VIC,30.0,6.97,250.0,250.0,250.0
SAL22772,Whitfield (Vic.),VIC,220.0,90.01,200.0,200.0,200.0
SAL22773,Whitlands,VIC,37.0,98.41,275.0,275.0,275.0
SAL22774,Whittington,VIC,3990.0,2.53,250.0,250.0,250.0
SAL22775,Whittlesea,VIC,6117.0,168.93,347.0,347.0,347.0
SAL22776,Whoorel,VIC,25.0,30.62,0.0,0.0,0.0
SAL22777,Whorouly,VIC,383.0,76.2,268.0,268.0,268.0
SAL22778,Whorouly East,VIC,92.0,29.83,250.0,250.0,250.0
SAL22779,Whorouly South,VIC,64.0,130.15,400.0,400.0,400.0
SAL22780,Whroo,VIC,45.0,255.78,381.0,381.0,381.0
SAL22781,Wickliffe,VIC,123.0,274.63,125.0,125.0,125.0
SAL22782,Wilby,VIC,192.0,169.72,130.0,130.0,130.0
SAL22783,Wild Dog Valley (Vic.),VIC,78.0,22.78,0.0,0.0,0.0
SAL22784,Wildwood,VIC,244.0,66.0,550.0,550.0,550.0
SAL22785,Wilkur,VIC,28.0,185.74,0.0,0.0,0.0
SAL22786,Willangie,VIC,35.0,265.75,250.0,250.0,250.0
SAL22787,Willatook,VIC,53.0,104.59,225.0,225.0,225.0
SAL22788,Willaura,VIC,439.0,708.14,155.0,155.0,155.0
SAL22789,Willaura North,VIC,33.0,178.84,0.0,0.0,0.0
SAL22790,Willenabrina,VIC,17.0,188.62,0.0,0.0,0.0
SAL22791,Williams Landing,VIC,9448.0,6.16,420.0,420.0,420.0
SAL22792,Williamstown (Vic.),VIC,14407.0,8.97,450.0,450.0,450.0
SAL22793,Williamstown North,VIC,1622.0,2.88,400.0,400.0,400.0
SAL22794,Willow Grove,VIC,654.0,126.53,243.0,243.0,243.0
SAL22795,Willowmavin,VIC,241.0,90.66,300.0,300.0,300.0
SAL22796,Willowvale (Vic.),VIC,10.0,53.33,0.0,0.0,0.0
SAL22797,Willung,VIC,77.0,123.98,300.0,300.0,300.0
SAL22798,Willung South,VIC,146.0,182.64,350.0,350.0,350.0
SAL22799,Wilsons Hill,VIC,88.0,32.12,175.0,175.0,175.0
SAL22800,Wilsons Promontory,VIC,16.0,805.96,100.0,100.0,100.0
SAL22801,Wimbledon Heights,VIC,421.0,0.55,330.0,330.0,330.0
SAL22802,Winchelsea,VIC,2456.0,383.07,295.0,295.0,295.0
SAL22803,Winchelsea South,VIC,171.0,63.1,200.0,200.0,200.0
SAL22804,Windermere (Vic.),VIC,96.0,67.38,200.0,200.0,200.0
SAL22805,Windsor (Vic.),VIC,7273.0,1.7,411.0,411.0,411.0
SAL22806,Wingan River,VIC,4.0,1131.53,0.0,0.0,0.0
SAL22807,Wingeel,VIC,26.0,101.75,235.0,235.0,235.0
SAL22808,Winjallok,VIC,18.0,82.83,0.0,0.0,0.0
SAL22809,Winlaton,VIC,0.0,47.82,160.0,160.0,160.0
SAL22810,Winnambool,VIC,8.0,158.87,0.0,0.0,0.0
SAL22811,Winnap,VIC,14.0,170.78,0.0,0.0,0.0
SAL22812,Winnindoo,VIC,127.0,112.35,180.0,180.0,180.0
SAL22813,Winslow,VIC,436.0,68.45,220.0,220.0,220.0
SAL22814,Winter Valley,VIC,3440.0,7.84,390.0,390.0,390.0
SAL22815,Winton (Vic.),VIC,103.0,55.31,308.0,308.0,308.0
SAL22816,Winton North,VIC,8.0,151.68,115.0,115.0,115.0
SAL22817,Wirrate,VIC,3.0,99.92,0.0,0.0,0.0
SAL22818,Wiseleigh,VIC,177.0,18.38,245.0,245.0,245.0
SAL22819,Wodonga,VIC,20259.0,57.54,280.0,280.0,280.0
SAL22820,Wollert,VIC,24407.0,85.98,391.0,391.0,391.0
SAL22821,Wombat Creek (Vic.),VIC,26.0,131.87,390.0,390.0,390.0
SAL22822,Wombelano,VIC,49.0,211.43,111.0,111.0,111.0
SAL22823,Won Wron,VIC,196.0,242.17,250.0,250.0,250.0
SAL22824,Wonga,VIC,44.0,23.32,250.0,250.0,250.0
SAL22825,Wonga Park,VIC,3843.0,37.18,491.0,491.0,491.0
SAL22826,Wongarra,VIC,47.0,54.31,148.0,148.0,148.0
SAL22827,Wongungarra,VIC,0.0,781.92,0.0,0.0,0.0
SAL22828,Wonnangatta,VIC,0.0,279.28,0.0,0.0,0.0
SAL22829,Wonthaggi,VIC,5215.0,87.58,270.0,270.0,270.0
SAL22830,Wonwondah,VIC,114.0,246.69,345.0,345.0,345.0
SAL22831,Wonyip,VIC,39.0,58.75,263.0,263.0,263.0
SAL22832,Wood Wood,VIC,91.0,11.85,220.0,220.0,220.0
SAL22833,Woodend (Vic.),VIC,6732.0,110.22,400.0,400.0,400.0
SAL22834,Woodend North,VIC,315.0,31.92,630.0,630.0,630.0
SAL22835,Woodfield,VIC,62.0,74.22,276.0,276.0,276.0
SAL22836,Woodford (Vic.),VIC,436.0,14.97,300.0,300.0,300.0
SAL22837,Woodglen,VIC,52.0,16.41,615.0,615.0,615.0
SAL22838,Woodhouse,VIC,34.0,104.72,450.0,450.0,450.0
SAL22839,Woodleigh (Vic.),VIC,126.0,52.61,220.0,220.0,220.0
SAL22840,Woods Point (Vic.),VIC,33.0,368.08,92.0,92.0,92.0
SAL22841,Woodside (Vic.),VIC,374.0,427.64,260.0,260.0,260.0
SAL22842,Woodside Beach,VIC,114.0,10.3,236.0,236.0,236.0
SAL22843,Woodstock (Vic.),VIC,150.0,43.4,390.0,390.0,390.0
SAL22844,Woodstock On Loddon,VIC,36.0,68.88,295.0,295.0,295.0
SAL22845,Woodstock West,VIC,45.0,60.03,300.0,300.0,300.0
SAL22846,Woodvale (Vic.),VIC,556.0,118.27,350.0,350.0,350.0
SAL22847,Wool Wool,VIC,55.0,135.67,160.0,160.0,160.0
SAL22848,Woolamai,VIC,245.0,60.27,290.0,290.0,290.0
SAL22849,Woolenook,VIC,0.0,96.36,0.0,0.0,0.0
SAL22850,Woolshed Flat (Vic.),VIC,13.0,61.13,0.0,0.0,0.0
SAL22851,Woolsthorpe,VIC,364.0,400.63,200.0,200.0,200.0
SAL22852,Woomelang,VIC,191.0,345.82,100.0,100.0,100.0
SAL22853,Wooragee,VIC,342.0,141.73,110.0,110.0,110.0
SAL22854,Woorarra East,VIC,43.0,16.66,240.0,240.0,240.0
SAL22855,Woorarra West,VIC,48.0,13.44,230.0,230.0,230.0
SAL22856,Wooreen,VIC,91.0,31.26,300.0,300.0,300.0
SAL22857,Woori Yallock,VIC,2964.0,43.38,346.0,346.0,346.0
SAL22858,Woorinen,VIC,262.0,19.82,300.0,300.0,300.0
SAL22859,Woorinen North,VIC,94.0,25.55,165.0,165.0,165.0
SAL22860,Woorinen South,VIC,404.0,49.42,175.0,175.0,175.0
SAL22861,Woorndoo,VIC,160.0,511.79,125.0,125.0,125.0
SAL22862,Wooroonook,VIC,26.0,145.78,0.0,0.0,0.0
SAL22863,Woosang,VIC,12.0,77.11,125.0,125.0,125.0
SAL22864,Wootong Vale,VIC,32.0,59.05,0.0,0.0,0.0
SAL22865,Worrowing,VIC,0.0,124.43,0.0,0.0,0.0
SAL22866,Wrathung,VIC,0.0,186.46,0.0,0.0,0.0
SAL22867,Wrixon,VIC,0.0,170.98,0.0,0.0,0.0
SAL22868,Wroxham,VIC,0.0,87.93,0.0,0.0,0.0
SAL22869,Wuk Wuk,VIC,86.0,81.21,175.0,175.0,175.0
SAL22870,Wulgulmerang,VIC,18.0,241.0,0.0,0.0,0.0
SAL22871,Wulgulmerang East,VIC,12.0,229.26,0.0,0.0,0.0
SAL22872,Wulgulmerang West,VIC,0.0,575.75,0.0,0.0,0.0
SAL22873,Wunghnu,VIC,326.0,82.72,250.0,250.0,250.0
SAL22874,Wurdiboluc,VIC,147.0,41.9,115.0,115.0,115.0
SAL22875,Wurruk,VIC,1177.0,7.85,250.0,250.0,250.0
SAL22876,Wy Yung,VIC,1940.0,58.84,278.0,278.0,278.0
SAL22877,Wycheproof,VIC,610.0,337.29,150.0,150.0,150.0
SAL22878,Wycheproof South,VIC,6.0,71.56,0.0,0.0,0.0
SAL22879,Wychitella,VIC,29.0,140.78,0.0,0.0,0.0
SAL22880,Wychitella North,VIC,18.0,75.26,0.0,0.0,0.0
SAL22881,Wye River,VIC,67.0,58.86,301.0,301.0,301.0
SAL22882,Wyelangta,VIC,40.0,126.98,200.0,200.0,200.0
SAL22883,Wyndham Vale,VIC,20518.0,41.9,343.0,343.0,343.0
SAL22884,Wyuna (Vic.),VIC,278.0,146.69,138.0,138.0,138.0
SAL22885,Wyuna East,VIC,106.0,37.18,1000.0,1000.0,1000.0
SAL22886,Yaapeet,VIC,75.0,606.62,50.0,50.0,50.0
SAL22887,Yabba North,VIC,104.0,98.23,175.0,175.0,175.0
SAL22888,Yabba South,VIC,32.0,56.47,323.0,323.0,323.0
SAL22889,Yackandandah,VIC,2008.0,218.1,306.0,306.0,306.0
SAL22890,Yalca,VIC,222.0,242.32,250.0,250.0,250.0
SAL22891,Yalla-Y-Poora,VIC,13.0,93.08,181.0,181.0,181.0
SAL22892,Yallambie,VIC,4161.0,4.7,340.0,340.0,340.0
SAL22893,Yallourn,VIC,143.0,46.69,295.0,295.0,295.0
SAL22894,Yallourn North,VIC,1511.0,130.76,220.0,220.0,220.0
SAL22895,Yalmy,VIC,0.0,1114.71,0.0,0.0,0.0
SAL22896,Yambuk,VIC,284.0,156.94,255.0,255.0,255.0
SAL22897,Yambuna,VIC,109.0,73.26,210.0,210.0,210.0
SAL22898,Yan Yean,VIC,246.0,45.25,388.0,388.0,388.0
SAL22899,Yanac,VIC,69.0,528.33,75.0,75.0,75.0
SAL22900,Yanakie,VIC,283.0,149.65,220.0,220.0,220.0
SAL22901,Yando,VIC,45.0,75.25,200.0,200.0,200.0
SAL22902,Yandoit,VIC,181.0,52.97,285.0,285.0,285.0
SAL22903,Yandoit Hills,VIC,44.0,17.47,0.0,0.0,0.0
SAL22904,Yangery,VIC,113.0,18.37,170.0,170.0,170.0
SAL22905,Yangoura,VIC,0.0,326.51,0.0,0.0,0.0
SAL22906,Yannathan,VIC,272.0,58.83,200.0,200.0,200.0
SAL22907,Yapeen,VIC,272.0,35.45,160.0,160.0,160.0
SAL22908,Yarck,VIC,194.0,136.45,200.0,200.0,200.0
SAL22909,Yarpturk,VIC,63.0,14.31,190.0,190.0,190.0
SAL22910,Yarra Glen,VIC,3012.0,56.21,380.0,380.0,380.0
SAL22911,Yarra Junction,VIC,2875.0,28.1,300.0,300.0,300.0
SAL22912,Yarraberb,VIC,17.0,46.04,0.0,0.0,0.0
SAL22913,Yarragon,VIC,1893.0,110.22,320.0,320.0,320.0
SAL22914,Yarragon South,VIC,204.0,65.54,345.0,345.0,345.0
SAL22915,Yarram,VIC,2136.0,181.65,225.0,225.0,225.0
SAL22916,Yarrambat,VIC,1602.0,24.51,450.0,450.0,450.0
SAL22917,Yarraville,VIC,15636.0,9.08,462.0,462.0,462.0
SAL22918,Yarrawalla,VIC,78.0,114.44,150.0,150.0,150.0
SAL22919,Yarrawonga (Vic.),VIC,8661.0,145.12,290.0,290.0,290.0
SAL22920,Yarrawonga South,VIC,15.0,52.0,160.0,160.0,160.0
SAL22921,Yarroweyah,VIC,551.0,91.08,215.0,215.0,215.0
SAL22922,Yatchaw,VIC,35.0,81.57,231.0,231.0,231.0
SAL22923,Yawong Hills,VIC,5.0,39.23,0.0,0.0,0.0
SAL22924,Yea,VIC,1789.0,280.48,300.0,300.0,300.0
SAL22925,Yellingbo,VIC,582.0,68.11,340.0,340.0,340.0
SAL22926,Yelta (Vic.),VIC,325.0,18.95,185.0,185.0,185.0
SAL22927,Yendon,VIC,320.0,35.51,200.0,200.0,200.0
SAL22928,Yeo,VIC,124.0,50.76,308.0,308.0,308.0
SAL22929,Yeodene,VIC,107.0,80.61,180.0,180.0,180.0
SAL22930,Yering,VIC,138.0,39.41,0.0,0.0,0.0
SAL22931,Yeungroon,VIC,34.0,145.27,0.0,0.0,0.0
SAL22932,Yeungroon East,VIC,11.0,60.57,100.0,100.0,100.0
SAL22933,Yielima,VIC,93.0,197.11,300.0,300.0,300.0
SAL22934,Yinnar,VIC,1021.0,43.29,245.0,245.0,245.0
SAL22935,Yinnar South,VIC,675.0,77.52,250.0,250.0,250.0
SAL22936,York Plains (Vic.),VIC,0.0,16.16,0.0,0.0,0.0
SAL22937,Youanmite,VIC,56.0,110.32,110.0,110.0,110.0
SAL22938,Youarang,VIC,34.0,67.27,180.0,180.0,180.0
SAL22939,Yulecart,VIC,128.0,117.77,300.0,300.0,300.0
SAL22940,Yundool,VIC,52.0,48.78,239.0,239.0,239.0
SAL22941,Yuroke,VIC,123.0,14.17,278.0,278.0,278.0
SAL22942,Yuulong,VIC,49.0,85.84,84.0,84.0,84.0
SAL22943,Zeerust,VIC,147.0,27.8,230.0,230.0,230.0
SAL22944,Zumsteins,VIC,0.0,404.24,0.0,0.0,0.0
SAL29494,No Usual Address (Vic.),VIC,9089.0,,0.0,0.0,0.0
SAL29797,Migratory - Offshore - Shipping (Vic.),VIC,38.0,,0.0,0.0,0.0
SAL30001,Abbeywood,QLD,38.0,43.63,0.0,0.0,0.0
SAL30002,Abbotsford (Qld),QLD,20.0,104.58,0.0,0.0,0.0
SAL30003,Abercorn,QLD,41.0,115.53,0.0,0.0,0.0
SAL30004,Abergowrie,QLD,305.0,342.14,180.0,180.0,180.0
SAL30005,Abingdon Downs,QLD,17.0,5603.0,115.0,115.0,115.0
SAL30006,Abington (Qld),QLD,60.0,24.0,270.0,270.0,270.0
SAL30007,Acacia Ridge,QLD,7486.0,11.1,335.0,335.0,335.0
SAL30008,Acland,QLD,3.0,48.55,0.0,0.0,0.0
SAL30009,Adare,QLD,1027.0,49.83,360.0,360.0,360.0
SAL30010,Adavale,QLD,72.0,26516.04,62.0,62.0,62.0
SAL30011,Adelaide Park,QLD,449.0,28.66,330.0,330.0,330.0
SAL30012,Advancetown,QLD,528.0,81.94,205.0,205.0,205.0
SAL30013,Aeroglen,QLD,405.0,10.83,395.0,395.0,395.0
SAL30014,Agnes Water,QLD,2729.0,48.63,320.0,320.0,320.0
SAL30015,Airdmillan,QLD,154.0,64.99,150.0,150.0,150.0
SAL30016,Airlie Beach,QLD,1312.0,3.49,380.0,380.0,380.0
SAL30017,Airville,QLD,308.0,49.75,230.0,230.0,230.0
SAL30018,Aitkenvale,QLD,4797.0,3.73,270.0,270.0,270.0
SAL30019,Alabama Hill,QLD,103.0,0.89,250.0,250.0,250.0
SAL30020,Albany Creek,QLD,16385.0,12.25,440.0,440.0,440.0
SAL30021,Alberta,QLD,36.0,466.11,160.0,160.0,160.0
SAL30022,Alberton (Qld),QLD,547.0,20.75,363.0,363.0,363.0
SAL30023,Albinia,QLD,165.0,1294.31,0.0,0.0,0.0
SAL30024,Albion (Brisbane - Qld),QLD,3446.0,1.68,410.0,410.0,410.0
SAL30025,Albion (Richmond - Qld),QLD,34.0,6414.74,0.0,0.0,0.0
SAL30026,Alderley,QLD,6748.0,3.28,390.0,390.0,390.0
SAL30027,Aldershot,QLD,1311.0,12.62,260.0,260.0,260.0
SAL30028,Aldoga,QLD,0.0,98.54,0.0,0.0,0.0
SAL30029,Alexandra (Qld),QLD,189.0,8.64,263.0,263.0,263.0
SAL30030,Alexandra Headland,QLD,4235.0,1.89,410.0,410.0,410.0
SAL30031,Alexandra Hills,QLD,16472.0,17.48,400.0,400.0,400.0
SAL30032,Algester,QLD,9020.0,4.72,395.0,395.0,395.0
SAL30033,Alice Creek,QLD,50.0,110.96,110.0,110.0,110.0
SAL30034,Alice River,QLD,2685.0,44.89,415.0,415.0,415.0
SAL30035,Allan,QLD,91.0,11.45,175.0,175.0,175.0
SAL30036,Allandale (Qld),QLD,69.0,62.81,240.0,240.0,240.0
SAL30037,Allenstown,QLD,2762.0,2.66,250.0,250.0,250.0
SAL30038,Allenview,QLD,209.0,55.91,465.0,465.0,465.0
SAL30039,Alligator Creek (Mackay - Qld),QLD,897.0,90.36,200.0,200.0,200.0
SAL30040,Alligator Creek (Townsville - Qld),QLD,1550.0,55.83,325.0,325.0,325.0
SAL30041,Allora,QLD,1205.0,124.25,250.0,250.0,250.0
SAL30042,Alloway,QLD,488.0,88.94,253.0,253.0,253.0
SAL30043,Almaden,QLD,41.0,880.64,175.0,175.0,175.0
SAL30044,Aloomba,QLD,576.0,122.21,230.0,230.0,230.0
SAL30045,Alpha,QLD,559.0,15162.08,120.0,120.0,120.0
SAL30046,Alsace,QLD,11.0,418.92,0.0,0.0,0.0
SAL30047,Alton Downs,QLD,1324.0,211.43,330.0,330.0,330.0
SAL30048,Alva,QLD,214.0,127.57,250.0,250.0,250.0
SAL30049,Amamoor,QLD,720.0,42.96,270.0,270.0,270.0
SAL30050,Amamoor Creek,QLD,56.0,211.19,0.0,0.0,0.0
SAL30051,Amaroo (Qld),QLD,17.0,11140.73,0.0,0.0,0.0
SAL30052,Amber,QLD,0.0,1144.62,0.0,0.0,0.0
SAL30053,Amberley,QLD,619.0,33.39,107.0,107.0,107.0
SAL30054,Ambrose,QLD,217.0,75.93,165.0,165.0,165.0
SAL30055,Amby,QLD,49.0,249.61,0.0,0.0,0.0
SAL30056,Amiens,QLD,343.0,67.58,200.0,200.0,200.0
SAL30057,Amity,QLD,453.0,6.45,350.0,350.0,350.0
SAL30058,Anakie Siding,QLD,155.0,302.8,100.0,100.0,100.0
SAL30059,Andergrove,QLD,9924.0,9.79,350.0,350.0,350.0
SAL30060,Anderleigh,QLD,128.0,59.9,290.0,290.0,290.0
SAL30061,Andromache,QLD,17.0,485.24,0.0,0.0,0.0
SAL30062,Anduramba,QLD,84.0,359.12,92.0,92.0,92.0
SAL30063,Annandale (Qld),QLD,8376.0,7.72,380.0,380.0,380.0
SAL30064,Annerley,QLD,11891.0,3.67,360.0,360.0,360.0
SAL30065,Anstead,QLD,1522.0,17.69,490.0,490.0,490.0
SAL30066,Anthony,QLD,133.0,17.77,300.0,300.0,300.0
SAL30067,Antigua,QLD,126.0,21.21,225.0,225.0,225.0
SAL30068,Apple Tree Creek,QLD,726.0,29.31,298.0,298.0,298.0
SAL30069,Applethorpe,QLD,571.0,60.83,265.0,265.0,265.0
SAL30070,Arafura Sea,QLD,0.0,0.44,0.0,0.0,0.0
SAL30071,Araluen (Qld),QLD,649.0,8.19,325.0,325.0,325.0
SAL30072,Aramac,QLD,372.0,15882.81,94.0,94.0,94.0
SAL30073,Aramara,QLD,71.0,92.4,225.0,225.0,225.0
SAL30074,Arana Hills,QLD,6971.0,4.65,440.0,440.0,440.0
SAL30075,Aranbanga,QLD,15.0,274.34,0.0,0.0,0.0
SAL30076,Aratula (Qld),QLD,609.0,33.78,285.0,285.0,285.0
SAL30077,Arbouin,QLD,4.0,1168.57,0.0,0.0,0.0
SAL30078,Arcadia (Qld),QLD,246.0,6.59,255.0,255.0,255.0
SAL30079,Arcadia Valley,QLD,141.0,2588.34,120.0,120.0,120.0
SAL30080,Archer River,QLD,27.0,9969.45,700.0,700.0,700.0
SAL30081,Archerfield,QLD,533.0,5.72,343.0,343.0,343.0
SAL30082,Arcturus,QLD,130.0,1451.76,10.0,10.0,10.0
SAL30083,Argyll,QLD,25.0,1477.29,0.0,0.0,0.0
SAL30084,Armstrong Beach,QLD,903.0,25.79,340.0,340.0,340.0
SAL30085,Armstrong Creek (Qld),QLD,328.0,43.55,415.0,415.0,415.0
SAL30086,Aroona,QLD,3466.0,2.38,450.0,450.0,450.0
SAL30087,Arriga,QLD,1323.0,171.34,266.0,266.0,266.0
SAL30088,Arundel,QLD,11171.0,13.35,470.0,470.0,470.0
SAL30089,Ascot (Brisbane - Qld),QLD,6531.0,3.57,390.0,390.0,390.0
SAL30090,Ascot (Toowoomba - Qld),QLD,106.0,42.98,270.0,270.0,270.0
SAL30091,Ashfield (Qld),QLD,1152.0,5.96,393.0,393.0,393.0
SAL30092,Ashgrove,QLD,13450.0,7.42,440.0,440.0,440.0
SAL30093,Ashmore,QLD,12415.0,8.79,450.0,450.0,450.0
SAL30094,Ashwell,QLD,97.0,9.63,363.0,363.0,363.0
SAL30095,Aspley,QLD,12871.0,8.16,415.0,415.0,415.0
SAL30096,Atherton,QLD,7724.0,103.86,280.0,280.0,280.0
SAL30097,Athol,QLD,139.0,34.19,240.0,240.0,240.0
SAL30098,Atkinsons Dam,QLD,191.0,34.0,285.0,285.0,285.0
SAL30099,Aubigny,QLD,283.0,73.43,300.0,300.0,300.0
SAL30100,Auburn (Qld),QLD,23.0,1438.02,0.0,0.0,0.0
SAL30101,Auchenflower,QLD,6053.0,1.77,390.0,390.0,390.0
SAL30102,Augathella,QLD,393.0,1807.69,100.0,100.0,100.0
SAL30103,Augustine Heights,QLD,6088.0,7.01,410.0,410.0,410.0
SAL30104,Aurukun,QLD,1101.0,7906.64,125.0,125.0,125.0
SAL30105,Austinville,QLD,403.0,28.93,325.0,325.0,325.0
SAL30106,Avenell Heights,QLD,5028.0,3.73,270.0,270.0,270.0
SAL30107,Avoca (Qld),QLD,4912.0,7.47,305.0,305.0,305.0
SAL30108,Avoca Vale,QLD,20.0,258.26,200.0,200.0,200.0
SAL30109,Avondale (Qld),QLD,701.0,85.32,250.0,250.0,250.0
SAL30110,Ayr,QLD,8603.0,32.24,230.0,230.0,230.0
SAL30111,Babinda (Qld),QLD,1287.0,44.05,230.0,230.0,230.0
SAL30112,Back Plains,QLD,104.0,51.11,265.0,265.0,265.0
SAL30113,Badu Island,QLD,704.0,106.48,125.0,125.0,125.0
SAL30114,Baffle Creek,QLD,155.0,56.98,159.0,159.0,159.0
SAL30115,Baffle West,QLD,3.0,375.42,0.0,0.0,0.0
SAL30116,Bahrs Scrub,QLD,4508.0,12.6,420.0,420.0,420.0
SAL30117,Bajool,QLD,447.0,704.92,238.0,238.0,238.0
SAL30118,Bakers Bend,QLD,7.0,2562.66,0.0,0.0,0.0
SAL30119,Bakers Creek (Qld),QLD,1590.0,24.22,398.0,398.0,398.0
SAL30120,Baking Board,QLD,114.0,114.64,300.0,300.0,300.0
SAL30121,Balberra,QLD,425.0,67.2,250.0,250.0,250.0
SAL30122,Balcomba,QLD,29.0,1100.24,0.0,0.0,0.0
SAL30123,Bald Hills (Qld),QLD,7000.0,16.32,388.0,388.0,388.0
SAL30124,Bald Knob,QLD,280.0,25.8,330.0,330.0,330.0
SAL30125,Balgal Beach,QLD,998.0,15.34,273.0,273.0,273.0
SAL30126,Balgowan (Qld),QLD,7.0,12.55,0.0,0.0,0.0
SAL30127,Ball Bay,QLD,384.0,20.53,290.0,290.0,290.0
SAL30128,Ballandean,QLD,316.0,261.14,250.0,250.0,250.0
SAL30129,Ballard,QLD,167.0,21.41,360.0,360.0,360.0
SAL30130,Ballaroo,QLD,51.0,2265.47,0.0,0.0,0.0
SAL30131,Ballogie,QLD,276.0,162.77,200.0,200.0,200.0
SAL30132,Balmoral (Qld),QLD,4173.0,1.62,450.0,450.0,450.0
SAL30133,Balmoral Ridge,QLD,302.0,12.0,375.0,375.0,375.0
SAL30134,Balnagowan,QLD,438.0,47.3,275.0,275.0,275.0
SAL30135,Bamaga,QLD,1186.0,69.09,120.0,120.0,120.0
SAL30136,Bambaroo,QLD,146.0,102.09,175.0,175.0,175.0
SAL30137,Bamboo,QLD,139.0,22.42,350.0,350.0,350.0
SAL30138,Bamboo Creek,QLD,88.0,14.2,100.0,100.0,100.0
SAL30139,Ban Ban,QLD,25.0,191.38,0.0,0.0,0.0
SAL30140,Ban Ban Springs,QLD,31.0,25.25,0.0,0.0,0.0
SAL30141,Banana,QLD,348.0,1139.65,250.0,250.0,250.0
SAL30142,Bancroft,QLD,98.0,262.71,200.0,200.0,200.0
SAL30143,Bangalee (Qld),QLD,225.0,0.17,400.0,400.0,400.0
SAL30144,Banks Creek,QLD,11.0,69.32,0.0,0.0,0.0
SAL30145,Banks Pocket,QLD,187.0,1.09,390.0,390.0,390.0
SAL30146,Banksia Beach,QLD,7180.0,7.65,440.0,440.0,440.0
SAL30147,Bannockburn (Qld),QLD,960.0,2.03,403.0,403.0,403.0
SAL30148,Banyo,QLD,6105.0,6.04,410.0,410.0,410.0
SAL30149,Bapaume,QLD,123.0,17.55,185.0,185.0,185.0
SAL30150,Barakula,QLD,0.0,2052.68,0.0,0.0,0.0
SAL30151,Baralaba,QLD,324.0,451.51,175.0,175.0,175.0
SAL30152,Barambah,QLD,39.0,199.27,0.0,0.0,0.0
SAL30153,Barcaldine,QLD,1540.0,12916.66,200.0,200.0,200.0
SAL30154,Bardon,QLD,10153.0,6.36,500.0,500.0,500.0
SAL30155,Baree,QLD,201.0,1.73,200.0,200.0,200.0
SAL30156,Barellan Point,QLD,1173.0,4.68,398.0,398.0,398.0
SAL30157,Bargara,QLD,8883.0,11.43,340.0,340.0,340.0
SAL30158,Bargunyah,QLD,35.0,4497.64,0.0,0.0,0.0
SAL30159,Baringa,QLD,4604.0,3.36,485.0,485.0,485.0
SAL30160,Barker Creek Flat,QLD,61.0,34.81,235.0,235.0,235.0
SAL30161,Barkly (Qld),QLD,25.0,13537.0,0.0,0.0,0.0
SAL30162,Barlil,QLD,46.0,15.75,0.0,0.0,0.0
SAL30163,Barlows Hill,QLD,834.0,1.12,400.0,400.0,400.0
SAL30164,Barlyne,QLD,0.0,44.27,0.0,0.0,0.0
SAL30165,Barmaryee,QLD,925.0,15.04,500.0,500.0,500.0
SAL30166,Barmoya,QLD,85.0,91.65,300.0,300.0,300.0
SAL30167,Barnard,QLD,32.0,804.79,92.0,92.0,92.0
SAL30168,Barney Point,QLD,1065.0,4.21,220.0,220.0,220.0
SAL30169,Barney View,QLD,38.0,47.5,200.0,200.0,200.0
SAL30170,Baroondah,QLD,57.0,1643.41,0.0,0.0,0.0
SAL30171,Barramornie,QLD,15.0,182.19,0.0,0.0,0.0
SAL30172,Barratta (Qld),QLD,85.0,268.16,250.0,250.0,250.0
SAL30173,Barrine,QLD,303.0,31.25,220.0,220.0,220.0
SAL30174,Barringha,QLD,61.0,137.14,300.0,300.0,300.0
SAL30175,Barringun,QLD,17.0,1220.57,0.0,0.0,0.0
SAL30176,Barron,QLD,68.0,12.91,295.0,295.0,295.0
SAL30177,Barron Gorge,QLD,0.0,14.6,0.0,0.0,0.0
SAL30178,Bartle Frere,QLD,169.0,18.33,250.0,250.0,250.0
SAL30179,Barwidgi,QLD,0.0,1259.48,0.0,0.0,0.0
SAL30180,Basalt (Qld),QLD,215.0,16857.94,160.0,160.0,160.0
SAL30181,Basilisk,QLD,0.0,38.2,0.0,0.0,0.0
SAL30182,Basin Pocket,QLD,931.0,0.82,275.0,275.0,275.0
SAL30183,Battery Hill,QLD,2596.0,1.17,400.0,400.0,400.0
SAL30184,Bauhinia,QLD,28.0,275.8,67.0,67.0,67.0
SAL30185,Bauple,QLD,745.0,101.64,240.0,240.0,240.0
SAL30186,Bauple Forest,QLD,9.0,128.5,0.0,0.0,0.0
SAL30187,Bayrick,QLD,16.0,1128.51,0.0,0.0,0.0
SAL30188,Bayview Heights,QLD,4175.0,4.75,390.0,390.0,390.0
SAL30189,Beach Holm,QLD,35.0,14.04,180.0,180.0,180.0
SAL30190,Beachmere,QLD,4782.0,40.38,350.0,350.0,350.0
SAL30191,Beaconsfield (Qld),QLD,5899.0,8.03,350.0,350.0,350.0
SAL30192,Beatrice,QLD,126.0,53.27,198.0,198.0,198.0
SAL30193,Beaudesert,QLD,6752.0,56.15,310.0,310.0,310.0
SAL30194,Beaver Rock,QLD,56.0,64.39,400.0,400.0,400.0
SAL30195,Bedourie,QLD,150.0,43744.04,142.0,142.0,142.0
SAL30196,Beebo,QLD,50.0,303.28,175.0,175.0,175.0
SAL30197,Beecher,QLD,876.0,23.07,280.0,280.0,280.0
SAL30198,Beechmont,QLD,848.0,44.44,380.0,380.0,380.0
SAL30199,Beelbee,QLD,18.0,112.13,210.0,210.0,210.0
SAL30200,Beelbi Creek,QLD,143.0,30.34,175.0,175.0,175.0
SAL30201,Beenaam Valley,QLD,60.0,9.71,385.0,385.0,385.0
SAL30202,Beenleigh,QLD,8425.0,9.87,300.0,300.0,300.0
SAL30203,Beerburrum,QLD,941.0,102.06,325.0,325.0,325.0
SAL30204,Beeron,QLD,34.0,499.07,0.0,0.0,0.0
SAL30205,Beerwah,QLD,7734.0,73.93,390.0,390.0,390.0
SAL30206,Begonia,QLD,48.0,2129.44,50.0,50.0,50.0
SAL30207,Beilba,QLD,35.0,1328.14,0.0,0.0,0.0
SAL30208,Belcong,QLD,38.0,464.95,0.0,0.0,0.0
SAL30209,Belgian Gardens,QLD,2073.0,1.25,283.0,283.0,283.0
SAL30210,Belivah,QLD,515.0,4.29,410.0,410.0,410.0
SAL30211,Bell (Qld),QLD,421.0,162.7,200.0,200.0,200.0
SAL30212,Bella Creek,QLD,50.0,34.8,365.0,365.0,365.0
SAL30213,Bellara,QLD,3278.0,2.68,320.0,320.0,320.0
SAL30214,Bellbird Park,QLD,9191.0,8.32,340.0,340.0,340.0
SAL30215,Bellbowrie,QLD,5495.0,7.38,440.0,440.0,440.0
SAL30216,Bellenden Ker,QLD,229.0,34.97,225.0,225.0,225.0
SAL30217,Bellevue (Qld),QLD,0.0,1074.79,0.0,0.0,0.0
SAL30218,Bellfield (Qld),QLD,10.0,3555.79,0.0,0.0,0.0
SAL30219,Belli Park,QLD,724.0,104.56,430.0,430.0,430.0
SAL30220,Bellmere,QLD,6588.0,29.98,360.0,360.0,360.0
SAL30221,Bells Bridge,QLD,226.0,62.06,265.0,265.0,265.0
SAL30222,Bells Creek,QLD,343.0,31.34,560.0,560.0,560.0
SAL30223,Bellthorpe,QLD,108.0,93.59,325.0,325.0,325.0
SAL30224,Belmont (Qld),QLD,4498.0,12.47,460.0,460.0,460.0
SAL30225,Belmunda,QLD,6.0,4.11,0.0,0.0,0.0
SAL30226,Belvedere,QLD,943.0,2.33,280.0,280.0,280.0
SAL30227,Belyando,QLD,307.0,6349.78,400.0,400.0,400.0
SAL30228,Bemerside,QLD,259.0,56.56,225.0,225.0,225.0
SAL30229,Benair,QLD,151.0,71.07,285.0,285.0,285.0
SAL30230,Benaraby,QLD,1166.0,127.29,300.0,300.0,300.0
SAL30231,Benarkin,QLD,61.0,5.49,148.0,148.0,148.0
SAL30232,Benarkin North,QLD,341.0,16.16,240.0,240.0,240.0
SAL30233,Benholme,QLD,81.0,32.95,0.0,0.0,0.0
SAL30234,Benobble,QLD,29.0,13.71,475.0,475.0,475.0
SAL30235,Benowa,QLD,9889.0,8.44,580.0,580.0,580.0
SAL30236,Bentley Park,QLD,8360.0,7.54,385.0,385.0,385.0
SAL30237,Berajondo,QLD,112.0,138.75,225.0,225.0,225.0
SAL30238,Berat,QLD,129.0,45.39,310.0,310.0,310.0
SAL30239,Bergen,QLD,85.0,24.91,270.0,270.0,270.0
SAL30240,Berrinba,QLD,2615.0,6.49,410.0,410.0,410.0
SAL30241,Berserker,QLD,7020.0,5.61,260.0,260.0,260.0
SAL30242,Bethania,QLD,6333.0,7.47,340.0,340.0,340.0
SAL30243,Biarra,QLD,270.0,298.04,250.0,250.0,250.0
SAL30244,Biboohra,QLD,561.0,160.28,280.0,280.0,280.0
SAL30245,Biddaddaba,QLD,171.0,54.39,380.0,380.0,380.0
SAL30246,Biddeston,QLD,269.0,94.65,300.0,300.0,300.0
SAL30247,Bidwill (Qld),QLD,517.0,41.32,260.0,260.0,260.0
SAL30248,Biggenden,QLD,788.0,270.72,200.0,200.0,200.0
SAL30249,Biggera Waters,QLD,9973.0,4.08,430.0,430.0,430.0
SAL30250,Bilinga,QLD,1883.0,3.51,428.0,428.0,428.0
SAL30251,Billa Billa,QLD,111.0,782.63,752.0,752.0,752.0
SAL30252,Biloela,QLD,5692.0,21.83,260.0,260.0,260.0
SAL30253,Bilyana,QLD,190.0,115.43,200.0,200.0,200.0
SAL30254,Bindebango,QLD,31.0,3886.6,0.0,0.0,0.0
SAL30255,Bingegang,QLD,17.0,509.19,0.0,0.0,0.0
SAL30256,Bingil Bay,QLD,438.0,5.19,290.0,290.0,290.0
SAL30257,Binjour,QLD,86.0,101.51,180.0,180.0,180.0
SAL30258,Binna Burra (Qld),QLD,0.0,31.46,675.0,675.0,675.0
SAL30259,Birdsville,QLD,110.0,40562.16,113.0,113.0,113.0
SAL30260,Birkalla,QLD,156.0,12.83,263.0,263.0,263.0
SAL30261,Birkdale,QLD,14816.0,14.38,435.0,435.0,435.0
SAL30262,Birnam (Scenic Rim - Qld),QLD,109.0,26.87,490.0,490.0,490.0
SAL30263,Birnam (Toowoomba - Qld),QLD,63.0,5.06,460.0,460.0,460.0
SAL30264,Birtinya,QLD,4378.0,4.03,490.0,490.0,490.0
SAL30265,Black Duck Creek,QLD,12.0,107.52,0.0,0.0,0.0
SAL30266,Black Jack,QLD,167.0,144.48,350.0,350.0,350.0
SAL30267,Black Mountain (Qld),QLD,1560.0,50.79,440.0,440.0,440.0
SAL30268,Black River (Qld),QLD,1493.0,69.03,320.0,320.0,320.0
SAL30269,Black Snake,QLD,88.0,88.79,280.0,280.0,280.0
SAL30270,Blackall,QLD,1365.0,20106.35,157.0,157.0,157.0
SAL30271,Blackbull,QLD,17.0,3651.21,0.0,0.0,0.0
SAL30272,Blackbutt (Qld),QLD,799.0,9.98,230.0,230.0,230.0
SAL30273,Blackbutt North,QLD,451.0,15.47,240.0,240.0,240.0
SAL30274,Blackbutt South,QLD,160.0,18.17,220.0,220.0,220.0
SAL30275,Blackdown,QLD,0.0,707.49,0.0,0.0,0.0
SAL30276,Blackrock,QLD,319.0,71.05,190.0,190.0,190.0
SAL30277,Blacks Beach,QLD,4153.0,7.11,390.0,390.0,390.0
SAL30278,Blacksoil,QLD,106.0,2.4,300.0,300.0,300.0
SAL30279,Blackstone,QLD,1144.0,4.88,328.0,328.0,328.0
SAL30280,Blackswamp,QLD,54.0,225.04,150.0,150.0,150.0
SAL30281,Blackwater,QLD,4702.0,785.02,220.0,220.0,220.0
SAL30282,Blairmore,QLD,8.0,148.45,0.0,0.0,0.0
SAL30283,Blanchview,QLD,202.0,23.14,300.0,300.0,300.0
SAL30284,Blantyre,QLD,54.0,8.26,0.0,0.0,0.0
SAL30285,Blaxland (Qld),QLD,58.0,121.3,193.0,193.0,193.0
SAL30286,Blenheim,QLD,264.0,45.89,330.0,330.0,330.0
SAL30287,Bli Bli,QLD,10138.0,38.66,460.0,460.0,460.0
SAL30288,Bloomfield,QLD,228.0,876.96,155.0,155.0,155.0
SAL30289,Bloomsbury,QLD,539.0,498.03,214.0,214.0,214.0
SAL30290,Blue Mountain,QLD,83.0,491.14,200.0,200.0,200.0
SAL30291,Blue Mountain Heights,QLD,988.0,4.91,400.0,400.0,400.0
SAL30292,Bluewater,QLD,1085.0,99.82,320.0,320.0,320.0
SAL30293,Bluewater Park,QLD,1066.0,117.21,390.0,390.0,390.0
SAL30294,Bluff,QLD,324.0,813.78,170.0,170.0,170.0
SAL30295,Blythdale,QLD,47.0,174.39,400.0,400.0,400.0
SAL30296,Boatman,QLD,18.0,4925.44,0.0,0.0,0.0
SAL30297,Bogandilla,QLD,37.0,298.7,100.0,100.0,100.0
SAL30298,Bogie,QLD,207.0,4559.18,0.0,0.0,0.0
SAL30299,Bohle,QLD,121.0,8.61,250.0,250.0,250.0
SAL30300,Bohle Plains,QLD,3989.0,35.77,350.0,350.0,350.0
SAL30301,Boigu Island,QLD,199.0,73.78,130.0,130.0,130.0
SAL30302,Bokarina,QLD,1935.0,2.2,530.0,530.0,530.0
SAL30303,Bollier,QLD,221.0,40.93,300.0,300.0,300.0
SAL30304,Bollon,QLD,174.0,9207.94,155.0,155.0,155.0
SAL30305,Bolwarra (Qld),QLD,0.0,1721.04,0.0,0.0,0.0
SAL30306,Bombeeta,QLD,147.0,19.96,300.0,300.0,300.0
SAL30307,Bon Accord,QLD,29.0,13.74,0.0,0.0,0.0
SAL30308,Bondoola,QLD,551.0,52.35,250.0,250.0,250.0
SAL30309,Bongaree,QLD,8162.0,8.77,300.0,300.0,300.0
SAL30310,Bongeen,QLD,71.0,142.91,200.0,200.0,200.0
SAL30311,Bonnie Doon (Qld),QLD,563.0,12.33,405.0,405.0,405.0
SAL30312,Bonogin,QLD,4896.0,50.81,630.0,630.0,630.0
SAL30313,Bonshaw (Qld),QLD,25.0,160.15,0.0,0.0,0.0
SAL30314,Bony Mountain,QLD,91.0,87.92,231.0,231.0,231.0
SAL30315,Boodua,QLD,95.0,30.95,277.0,277.0,277.0
SAL30316,Boogan,QLD,138.0,14.2,250.0,250.0,250.0
SAL30317,Booie,QLD,1094.0,176.86,250.0,250.0,250.0
SAL30318,Boolboonda,QLD,55.0,42.53,220.0,220.0,220.0
SAL30319,Boolburra,QLD,34.0,383.47,0.0,0.0,0.0
SAL30320,Boompa,QLD,89.0,386.18,200.0,200.0,200.0
SAL30321,Boonah (Qld),QLD,2557.0,14.31,300.0,300.0,300.0
SAL30322,Boonara,QLD,60.0,107.93,0.0,0.0,0.0
SAL30323,Boonarga,QLD,37.0,72.64,205.0,205.0,205.0
SAL30324,Boondall,QLD,9603.0,13.83,415.0,415.0,415.0
SAL30325,Boondandilla,QLD,0.0,350.94,0.0,0.0,0.0
SAL30326,Boondooma,QLD,70.0,1024.33,185.0,185.0,185.0
SAL30327,Boonooroo,QLD,371.0,14.6,240.0,240.0,240.0
SAL30328,Boonooroo Plains,QLD,6.0,92.43,0.0,0.0,0.0
SAL30329,Booral (Qld),QLD,1636.0,34.26,335.0,335.0,335.0
SAL30330,Booroobin,QLD,258.0,48.71,290.0,290.0,290.0
SAL30331,Booubyjan,QLD,98.0,621.36,200.0,200.0,200.0
SAL30332,Booval,QLD,2723.0,2.17,265.0,265.0,265.0
SAL30333,Booyal,QLD,285.0,282.12,130.0,130.0,130.0
SAL30334,Borallon,QLD,90.0,17.5,305.0,305.0,305.0
SAL30335,Boreen Point,QLD,359.0,6.57,310.0,310.0,310.0
SAL30336,Boronia Heights,QLD,8175.0,5.45,350.0,350.0,350.0
SAL30337,Bororen,QLD,399.0,399.04,250.0,250.0,250.0
SAL30338,Boulder Creek,QLD,13.0,77.08,0.0,0.0,0.0
SAL30339,Bouldercombe,QLD,1117.0,192.26,310.0,310.0,310.0
SAL30340,Boulia,QLD,314.0,172.13,138.0,138.0,138.0
SAL30341,Bountiful Islands,QLD,0.0,5.13,0.0,0.0,0.0
SAL30342,Bowen,QLD,11205.0,2048.02,270.0,270.0,270.0
SAL30343,Bowen Hills,QLD,4898.0,2.19,390.0,390.0,390.0
SAL30344,Bowenville,QLD,219.0,378.48,200.0,200.0,200.0
SAL30345,Boyland,QLD,855.0,53.56,510.0,510.0,510.0
SAL30346,Boyne Island,QLD,4835.0,55.29,310.0,310.0,310.0
SAL30347,Boyne Valley,QLD,301.0,1434.44,160.0,160.0,160.0
SAL30348,Boynedale,QLD,13.0,342.72,0.0,0.0,0.0
SAL30349,Boyneside,QLD,67.0,184.02,100.0,100.0,100.0
SAL30350,Boynewood,QLD,138.0,70.91,210.0,210.0,210.0
SAL30351,Bracalba,QLD,97.0,28.05,550.0,550.0,550.0
SAL30352,Bracewell,QLD,178.0,172.22,220.0,220.0,220.0
SAL30353,Bracken Ridge,QLD,17488.0,10.31,410.0,410.0,410.0
SAL30354,Braemeadows,QLD,269.0,71.88,150.0,150.0,150.0
SAL30355,Braemore,QLD,131.0,13.08,230.0,230.0,230.0
SAL30356,Bramston Beach,QLD,173.0,47.25,280.0,280.0,280.0
SAL30357,Branch Creek,QLD,33.0,355.21,0.0,0.0,0.0
SAL30358,Branchview,QLD,37.0,81.65,0.0,0.0,0.0
SAL30359,Brandon,QLD,1088.0,125.0,200.0,200.0,200.0
SAL30360,Brandy Creek (Qld),QLD,114.0,7.16,190.0,190.0,190.0
SAL30361,Branyan,QLD,4660.0,42.47,350.0,350.0,350.0
SAL30362,Brassall,QLD,12115.0,10.49,310.0,310.0,310.0
SAL30363,Bray Park (Qld),QLD,10271.0,5.74,390.0,390.0,390.0
SAL30364,Breadalbane (Qld),QLD,23.0,18.22,290.0,290.0,290.0
SAL30365,Breakaway,QLD,187.0,1.2,650.0,650.0,650.0
SAL30366,Breddan,QLD,478.0,206.97,360.0,360.0,360.0
SAL30367,Brendale,QLD,3100.0,13.64,350.0,350.0,350.0
SAL30368,Bribie Island North,QLD,0.0,47.74,0.0,0.0,0.0
SAL30369,Bridgeman Downs,QLD,10938.0,11.97,520.0,520.0,520.0
SAL30370,Bridges,QLD,295.0,10.94,400.0,400.0,400.0
SAL30371,Brigalow,QLD,181.0,345.75,120.0,120.0,120.0
SAL30372,Brightly,QLD,52.0,46.46,183.0,183.0,183.0
SAL30373,Brighton (Qld),QLD,9664.0,8.25,400.0,400.0,400.0
SAL30374,Brightview,QLD,911.0,28.6,320.0,320.0,320.0
SAL30375,Brigooda,QLD,25.0,285.33,170.0,170.0,170.0
SAL30376,Bringalily,QLD,64.0,239.37,225.0,225.0,225.0
SAL30377,Brinsmead,QLD,5537.0,5.62,450.0,450.0,450.0
SAL30378,Brisbane Airport,QLD,22.0,41.31,0.0,0.0,0.0
SAL30379,Brisbane City,QLD,12587.0,2.63,460.0,460.0,460.0
SAL30380,Broadbeach,QLD,6786.0,1.91,420.0,420.0,420.0
SAL30381,Broadbeach Waters,QLD,8164.0,6.85,600.0,600.0,600.0
SAL30382,Broadmere,QLD,38.0,716.39,0.0,0.0,0.0
SAL30383,Broadwater (Qld),QLD,321.0,45.37,260.0,260.0,260.0
SAL30384,Broken River,QLD,18.0,6.52,84.0,84.0,84.0
SAL30385,Bromelton,QLD,129.0,146.4,245.0,245.0,245.0
SAL30386,Brookfield (Qld),QLD,3640.0,27.26,400.0,400.0,400.0
SAL30387,Brookhill,QLD,88.0,61.3,335.0,335.0,335.0
SAL30388,Brooklands,QLD,324.0,113.24,230.0,230.0,230.0
SAL30389,Brookstead,QLD,182.0,193.01,235.0,235.0,235.0
SAL30390,Brookwater,QLD,2902.0,5.08,565.0,565.0,565.0
SAL30391,Brooloo,QLD,369.0,34.92,325.0,325.0,325.0
SAL30392,Brooweena,QLD,91.0,104.24,150.0,150.0,150.0
SAL30393,Broughton (Qld),QLD,714.0,321.68,350.0,350.0,350.0
SAL30394,Brovinia,QLD,7.0,734.38,0.0,0.0,0.0
SAL30395,Browns Plains (Qld),QLD,6632.0,6.55,350.0,350.0,350.0
SAL30396,Broxburn,QLD,115.0,40.87,250.0,250.0,250.0
SAL30397,Brush Creek,QLD,39.0,510.26,250.0,250.0,250.0
SAL30398,Bryden,QLD,22.0,100.36,225.0,225.0,225.0
SAL30399,Brymaroo,QLD,128.0,145.95,165.0,165.0,165.0
SAL30400,Buaraba,QLD,170.0,181.39,360.0,360.0,360.0
SAL30401,Buaraba South,QLD,0.0,52.06,0.0,0.0,0.0
SAL30402,Bucasia,QLD,4915.0,12.58,380.0,380.0,380.0
SAL30403,Bucca (Qld),QLD,1063.0,227.49,260.0,260.0,260.0
SAL30404,Buccan,QLD,2134.0,23.33,520.0,520.0,520.0
SAL30405,Buckingham (Qld),QLD,0.0,1242.36,0.0,0.0,0.0
SAL30406,Buckland (Qld),QLD,43.0,2140.83,0.0,0.0,0.0
SAL30407,Buddina,QLD,4236.0,2.48,440.0,440.0,440.0
SAL30408,Buderim,QLD,31430.0,38.46,450.0,450.0,450.0
SAL30409,Budgee,QLD,30.0,45.11,50.0,50.0,50.0
SAL30410,Bukali,QLD,57.0,57.07,180.0,180.0,180.0
SAL30411,Bulgun,QLD,285.0,7.75,310.0,310.0,310.0
SAL30412,Bulimba,QLD,7623.0,2.71,500.0,500.0,500.0
SAL30413,Bullcamp,QLD,58.0,68.42,0.0,0.0,0.0
SAL30414,Bulleringa,QLD,0.0,577.68,0.0,0.0,0.0
SAL30415,Bulli Creek,QLD,3.0,250.58,0.0,0.0,0.0
SAL30416,Bulloo Downs,QLD,7.0,16697.2,0.0,0.0,0.0
SAL30417,Bullyard,QLD,206.0,39.55,175.0,175.0,175.0
SAL30418,Bulwer,QLD,59.0,0.51,225.0,225.0,225.0
SAL30419,Bunburra,QLD,93.0,27.41,250.0,250.0,250.0
SAL30420,Bundaberg Central,QLD,162.0,1.54,235.0,235.0,235.0
SAL30421,Bundaberg East,QLD,2839.0,5.52,285.0,285.0,285.0
SAL30422,Bundaberg North,QLD,5563.0,17.98,280.0,280.0,280.0
SAL30423,Bundaberg South,QLD,3494.0,2.76,250.0,250.0,250.0
SAL30424,Bundaberg West,QLD,2596.0,3.17,245.0,245.0,245.0
SAL30425,Bundall,QLD,4895.0,5.04,480.0,480.0,480.0
SAL30426,Bundamba,QLD,6542.0,14.0,300.0,300.0,300.0
SAL30427,Bundi,QLD,52.0,858.02,0.0,0.0,0.0
SAL30428,Bundoora (Qld),QLD,7.0,524.31,0.0,0.0,0.0
SAL30429,Bungaban,QLD,60.0,1065.43,0.0,0.0,0.0
SAL30430,Bungadoo,QLD,342.0,36.46,250.0,250.0,250.0
SAL30431,Bungalow,QLD,2358.0,2.38,270.0,270.0,270.0
SAL30432,Bungeworgorai,QLD,68.0,307.18,150.0,150.0,150.0
SAL30433,Bungil (Qld),QLD,69.0,208.12,100.0,100.0,100.0
SAL30434,Bungundarra,QLD,667.0,80.97,355.0,355.0,355.0
SAL30435,Bungunya,QLD,62.0,583.76,50.0,50.0,50.0
SAL30436,Bunjurgen,QLD,107.0,21.23,310.0,310.0,310.0
SAL30437,Bunya,QLD,1968.0,18.51,650.0,650.0,650.0
SAL30438,Bunya Creek,QLD,75.0,69.47,295.0,295.0,295.0
SAL30439,Bunya Mountains,QLD,110.0,470.16,825.0,825.0,825.0
SAL30440,Burbank,QLD,1051.0,36.97,365.0,365.0,365.0
SAL30441,Burdell,QLD,7171.0,21.04,360.0,360.0,360.0
SAL30442,Burgowan,QLD,56.0,116.94,365.0,365.0,365.0
SAL30443,Burketown,QLD,204.0,1903.24,148.0,148.0,148.0
SAL30444,Burleigh,QLD,52.0,4127.74,400.0,400.0,400.0
SAL30445,Burleigh Heads,QLD,10572.0,13.2,480.0,480.0,480.0
SAL30446,Burleigh Waters,QLD,14556.0,8.72,500.0,500.0,500.0
SAL30447,Burncluith,QLD,137.0,392.98,200.0,200.0,200.0
SAL30448,Burnett Creek,QLD,16.0,154.7,0.0,0.0,0.0
SAL30449,Burnett Heads,QLD,2908.0,19.59,290.0,290.0,290.0
SAL30450,Burnside (Qld),QLD,3104.0,6.8,420.0,420.0,420.0
SAL30451,Burpengary,QLD,16488.0,28.32,350.0,350.0,350.0
SAL30452,Burpengary East,QLD,9654.0,38.03,410.0,410.0,410.0
SAL30453,Burra Burri,QLD,32.0,467.75,92.0,92.0,92.0
SAL30454,Burrar Islet,QLD,0.0,0.14,0.0,0.0,0.0
SAL30455,Burrum Heads,QLD,2538.0,54.95,305.0,305.0,305.0
SAL30456,Burrum River,QLD,259.0,79.19,250.0,250.0,250.0
SAL30457,Burrum Town,QLD,197.0,1.68,300.0,300.0,300.0
SAL30458,Burton (Qld),QLD,7.0,1255.04,0.0,0.0,0.0
SAL30459,Burua,QLD,849.0,50.97,200.0,200.0,200.0
SAL30460,Bushland Beach,QLD,6641.0,9.94,380.0,380.0,380.0
SAL30461,Bushley,QLD,36.0,164.98,0.0,0.0,0.0
SAL30462,Butchers Creek,QLD,85.0,30.58,290.0,290.0,290.0
SAL30463,Buxton (Qld),QLD,507.0,88.78,250.0,250.0,250.0
SAL30464,Bybera,QLD,0.0,496.68,0.0,0.0,0.0
SAL30465,Byee,QLD,39.0,18.61,188.0,188.0,188.0
SAL30466,Byellee,QLD,0.0,5.09,0.0,0.0,0.0
SAL30467,Byfield,QLD,323.0,214.84,235.0,235.0,235.0
SAL30468,Bymount,QLD,47.0,324.99,65.0,65.0,65.0
SAL30469,Byrnestown,QLD,27.0,49.63,140.0,140.0,140.0
SAL30470,Cabarlah,QLD,1307.0,24.91,360.0,360.0,360.0
SAL30471,Caboolture,QLD,29534.0,86.76,310.0,310.0,310.0
SAL30472,Caboolture South,QLD,7539.0,5.59,320.0,320.0,320.0
SAL30473,Caboonbah,QLD,13.0,10.53,50.0,50.0,50.0
SAL30474,Cadarga,QLD,28.0,340.26,0.0,0.0,0.0
SAL30475,Caffey,QLD,45.0,14.98,260.0,260.0,260.0
SAL30476,Cainbable,QLD,85.0,42.29,315.0,315.0,315.0
SAL30477,Cairdbeign,QLD,70.0,457.81,350.0,350.0,350.0
SAL30478,Cairns City,QLD,3616.0,1.99,413.0,413.0,413.0
SAL30479,Cairns North,QLD,5334.0,3.04,340.0,340.0,340.0
SAL30480,Calamvale,QLD,17994.0,8.5,410.0,410.0,410.0
SAL30481,Calavos,QLD,359.0,47.46,128.0,128.0,128.0
SAL30482,Calcium,QLD,12.0,175.24,0.0,0.0,0.0
SAL30483,Caldervale,QLD,16.0,3586.47,200.0,200.0,200.0
SAL30484,Calen,QLD,427.0,82.82,250.0,250.0,250.0
SAL30485,Calgoa,QLD,14.0,70.98,0.0,0.0,0.0
SAL30486,Calico Creek,QLD,185.0,21.04,210.0,210.0,210.0
SAL30487,Calingunee,QLD,18.0,480.9,0.0,0.0,0.0
SAL30488,Callandoon,QLD,32.0,322.04,240.0,240.0,240.0
SAL30489,Callemondah,QLD,30.0,32.02,200.0,200.0,200.0
SAL30490,Callide,QLD,80.0,83.81,200.0,200.0,200.0
SAL30491,Calliope (Qld),QLD,5263.0,220.85,300.0,300.0,300.0
SAL30492,Caloundra,QLD,3932.0,4.06,360.0,360.0,360.0
SAL30493,Caloundra West,QLD,7270.0,10.15,465.0,465.0,465.0
SAL30494,Calvert (Qld),QLD,374.0,56.54,300.0,300.0,300.0
SAL30495,Camboon (Qld),QLD,76.0,2131.21,0.0,0.0,0.0
SAL30496,Cambooya,QLD,2260.0,151.98,290.0,290.0,290.0
SAL30497,Cambridge (Qld),QLD,14.0,2948.85,0.0,0.0,0.0
SAL30498,Cambroon,QLD,211.0,46.95,360.0,360.0,360.0
SAL30499,Cameby,QLD,53.0,171.94,200.0,200.0,200.0
SAL30500,Cameron Corner,QLD,19.0,16703.16,250.0,250.0,250.0
SAL30501,Camira (Qld),QLD,7415.0,10.32,350.0,350.0,350.0
SAL30502,Camooweal,QLD,236.0,10790.18,147.0,147.0,147.0
SAL30503,Camp Creek (Qld),QLD,128.0,21.92,300.0,300.0,300.0
SAL30504,Camp Hill,QLD,12254.0,6.04,460.0,460.0,460.0
SAL30505,Camp Mountain,QLD,1447.0,20.67,390.0,390.0,390.0
SAL30506,Campaspe,QLD,123.0,6623.83,95.0,95.0,95.0
SAL30507,Campbell Creek,QLD,3.0,57.58,0.0,0.0,0.0
SAL30508,Campbells Pocket,QLD,77.0,12.38,188.0,188.0,188.0
SAL30509,Campwin Beach,QLD,511.0,1.14,340.0,340.0,340.0
SAL30510,Canaga,QLD,85.0,241.15,150.0,150.0,150.0
SAL30511,Canal Creek,QLD,11.0,644.46,0.0,0.0,0.0
SAL30512,Cania,QLD,27.0,572.1,0.0,0.0,0.0
SAL30513,Canina,QLD,367.0,20.05,260.0,260.0,260.0
SAL30514,Cannindah,QLD,35.0,85.75,0.0,0.0,0.0
SAL30515,Canning Creek,QLD,21.0,370.17,380.0,380.0,380.0
SAL30516,Canningvale,QLD,118.0,17.55,226.0,226.0,226.0
SAL30517,Cannon Creek (Scenic Rim - Qld),QLD,75.0,58.61,195.0,195.0,195.0
SAL30518,Cannon Creek (Southern Downs - Qld),QLD,67.0,14.17,150.0,150.0,150.0
SAL30519,Cannon Hill,QLD,6701.0,4.97,450.0,450.0,450.0
SAL30520,Cannon Valley,QLD,1131.0,18.85,470.0,470.0,470.0
SAL30521,Cannonvale,QLD,6596.0,8.49,360.0,360.0,360.0
SAL30522,Canoona,QLD,90.0,728.29,254.0,254.0,254.0
SAL30523,Canungra,QLD,1436.0,38.76,420.0,420.0,420.0
SAL30524,Capalaba,QLD,18002.0,23.88,385.0,385.0,385.0
SAL30525,Cape Cleveland,QLD,128.0,253.69,250.0,250.0,250.0
SAL30526,Cape Conway,QLD,0.0,337.91,0.0,0.0,0.0
SAL30527,Cape Gloucester,QLD,85.0,261.35,250.0,250.0,250.0
SAL30528,Cape Hillsborough,QLD,39.0,13.77,150.0,150.0,150.0
SAL30529,Cape Tribulation,QLD,123.0,120.67,150.0,150.0,150.0
SAL30530,Capella,QLD,974.0,11.16,220.0,220.0,220.0
SAL30531,Captain Creek,QLD,452.0,172.05,313.0,313.0,313.0
SAL30532,Captains Mountain,QLD,74.0,222.93,200.0,200.0,200.0
SAL30533,Caravonica,QLD,2183.0,5.09,360.0,360.0,360.0
SAL30534,Carbine Creek,QLD,33.0,667.2,0.0,0.0,0.0
SAL30535,Carbrook,QLD,1330.0,29.23,375.0,375.0,375.0
SAL30536,Cardstone,QLD,0.0,91.56,0.0,0.0,0.0
SAL30537,Cardwell,QLD,1320.0,35.25,250.0,250.0,250.0
SAL30538,Carina (Qld),QLD,11678.0,5.59,440.0,440.0,440.0
SAL30539,Carina Heights,QLD,7103.0,4.31,403.0,403.0,403.0
SAL30540,Carindale,QLD,16535.0,13.63,530.0,530.0,530.0
SAL30541,Carmila,QLD,340.0,554.68,175.0,175.0,175.0
SAL30542,Carmoo,QLD,179.0,7.9,305.0,305.0,305.0
SAL30543,Carnarvon Park,QLD,12.0,2927.73,0.0,0.0,0.0
SAL30544,Carneys Creek,QLD,71.0,114.07,275.0,275.0,275.0
SAL30545,Carole Park,QLD,8.0,5.09,150.0,150.0,150.0
SAL30546,Caroline Crossing,QLD,44.0,2476.21,0.0,0.0,0.0
SAL30547,Carpendale,QLD,110.0,13.38,350.0,350.0,350.0
SAL30548,Carpentaria,QLD,25.0,5258.04,0.0,0.0,0.0
SAL30549,Carrandotta,QLD,5.0,8099.37,0.0,0.0,0.0
SAL30550,Carrara,QLD,13138.0,17.04,450.0,450.0,450.0
SAL30551,Carrington (Qld),QLD,191.0,12.13,338.0,338.0,338.0
SAL30552,Carruchan,QLD,247.0,74.66,265.0,265.0,265.0
SAL30553,Carseldine,QLD,10093.0,6.14,435.0,435.0,435.0
SAL30554,Carstairs,QLD,91.0,40.81,175.0,175.0,175.0
SAL30555,Carters Ridge,QLD,497.0,18.56,330.0,330.0,330.0
SAL30556,Cashmere,QLD,4970.0,44.01,500.0,500.0,500.0
SAL30557,Cassowary,QLD,119.0,27.37,410.0,410.0,410.0
SAL30558,Castaways Beach,QLD,683.0,3.62,750.0,750.0,750.0
SAL30559,Castle Creek (Qld),QLD,57.0,565.51,125.0,125.0,125.0
SAL30560,Castle Hill (Qld),QLD,972.0,2.67,570.0,570.0,570.0
SAL30561,Cattle Creek (North Burnett - Qld),QLD,13.0,84.35,300.0,300.0,300.0
SAL30562,Cattle Creek (Toowoomba - Qld),QLD,21.0,358.22,150.0,150.0,150.0
SAL30563,Causeway Lake,QLD,121.0,4.45,263.0,263.0,263.0
SAL30564,Cawarral,QLD,831.0,61.21,300.0,300.0,300.0
SAL30565,Cawdor (Qld),QLD,420.0,10.48,500.0,500.0,500.0
SAL30566,Cecil Plains,QLD,380.0,463.78,200.0,200.0,200.0
SAL30567,Cedar Creek (Logan - Qld),QLD,861.0,49.76,433.0,433.0,433.0
SAL30568,Cedar Creek (Moreton Bay - Qld),QLD,831.0,24.18,600.0,600.0,600.0
SAL30569,Cedar Grove,QLD,1992.0,22.88,430.0,430.0,430.0
SAL30570,Cedar Pocket,QLD,332.0,38.13,338.0,338.0,338.0
SAL30571,Cedar Vale,QLD,2856.0,20.17,460.0,460.0,460.0
SAL30572,Cedarton,QLD,129.0,16.68,345.0,345.0,345.0
SAL30573,Cement Mills,QLD,11.0,518.38,0.0,0.0,0.0
SAL30574,Centenary Heights,QLD,6152.0,3.96,320.0,320.0,320.0
SAL30575,Ceratodus,QLD,34.0,113.87,0.0,0.0,0.0
SAL30576,Chahpingah,QLD,26.0,522.87,0.0,0.0,0.0
SAL30577,Chambers Flat,QLD,2718.0,27.19,270.0,270.0,270.0
SAL30578,Chances Plain,QLD,158.0,163.42,231.0,231.0,231.0
SAL30579,Chandler (Qld),QLD,1475.0,17.28,368.0,368.0,368.0
SAL30580,Chapel Hill (Qld),QLD,10511.0,6.4,555.0,555.0,555.0
SAL30581,Charlestown (Qld),QLD,79.0,238.01,225.0,225.0,225.0
SAL30582,Charleville,QLD,2992.0,767.9,178.0,178.0,178.0
SAL30583,Charlton (Qld),QLD,107.0,18.03,280.0,280.0,280.0
SAL30584,Charlwood,QLD,146.0,31.69,276.0,276.0,276.0
SAL30585,Charters Towers City,QLD,2219.0,3.28,220.0,220.0,220.0
SAL30586,Chatsworth (Qld),QLD,1353.0,38.65,300.0,300.0,300.0
SAL30587,Cheeseborough,QLD,16.0,232.12,0.0,0.0,0.0
SAL30588,Chelmer,QLD,3325.0,1.84,490.0,490.0,490.0
SAL30589,Chelmsford,QLD,100.0,47.92,200.0,200.0,200.0
SAL30590,Chelona,QLD,120.0,11.36,346.0,346.0,346.0
SAL30591,Cheltenham (Qld),QLD,10.0,551.13,0.0,0.0,0.0
SAL30592,Cherbourg,QLD,1194.0,39.47,100.0,100.0,100.0
SAL30593,Chermside,QLD,11426.0,5.07,370.0,370.0,370.0
SAL30594,Chermside West,QLD,6965.0,4.49,455.0,455.0,455.0
SAL30595,Cherry Creek,QLD,38.0,35.97,150.0,150.0,150.0
SAL30596,Cherry Gully,QLD,18.0,36.63,0.0,0.0,0.0
SAL30597,Cherwell,QLD,10.0,178.51,0.0,0.0,0.0
SAL30598,Chevallum,QLD,467.0,11.18,290.0,290.0,290.0
SAL30599,Chewko,QLD,213.0,46.38,250.0,250.0,250.0
SAL30600,Childers (Qld),QLD,1682.0,23.29,265.0,265.0,265.0
SAL30601,Chillagoe,QLD,214.0,2428.71,170.0,170.0,170.0
SAL30602,Chinchilla,QLD,7068.0,90.76,250.0,250.0,250.0
SAL30603,Chinghee Creek,QLD,35.0,30.7,0.0,0.0,0.0
SAL30604,Chirnside,QLD,56.0,132.14,125.0,125.0,125.0
SAL30605,Christmas Creek,QLD,88.0,53.84,268.0,268.0,268.0
SAL30606,Churchable,QLD,256.0,37.4,360.0,360.0,360.0
SAL30607,Churchill (Qld),QLD,1842.0,2.19,300.0,300.0,300.0
SAL30608,Chuwar,QLD,2178.0,22.91,350.0,350.0,350.0
SAL30609,Cinnabar,QLD,83.0,193.0,245.0,245.0,245.0
SAL30610,Clagiraba,QLD,651.0,35.63,475.0,475.0,475.0
SAL30611,Clairview,QLD,167.0,206.77,210.0,210.0,210.0
SAL30612,Clara Creek,QLD,56.0,2638.34,0.0,0.0,0.0
SAL30613,Claraville,QLD,6.0,7961.7,0.0,0.0,0.0
SAL30614,Clare (Qld),QLD,201.0,130.33,178.0,178.0,178.0
SAL30615,Clarendon (Qld),QLD,232.0,23.12,250.0,250.0,250.0
SAL30616,Clarke Creek,QLD,32.0,739.72,75.0,75.0,75.0
SAL30617,Clayfield,QLD,10897.0,3.56,350.0,350.0,350.0
SAL30618,Clear Island Waters,QLD,4395.0,5.67,540.0,540.0,540.0
SAL30619,Clear Mountain,QLD,807.0,13.51,550.0,550.0,550.0
SAL30620,Clemant,QLD,13.0,129.25,0.0,0.0,0.0
SAL30621,Clermont,QLD,2952.0,8911.3,220.0,220.0,220.0
SAL30622,Cleveland (Qld),QLD,15850.0,15.03,400.0,400.0,400.0
SAL30623,Clifford,QLD,29.0,575.98,0.0,0.0,0.0
SAL30624,Clifton (Qld),QLD,1490.0,58.96,245.0,245.0,245.0
SAL30625,Clifton Beach (Qld),QLD,3192.0,6.29,365.0,365.0,365.0
SAL30626,Clinton (Qld),QLD,6170.0,7.49,270.0,270.0,270.0
SAL30627,Clintonvale,QLD,72.0,43.33,165.0,165.0,165.0
SAL30628,Cloncurry,QLD,3167.0,9292.65,240.0,240.0,240.0
SAL30629,Clontarf (Moreton Bay - Qld),QLD,8446.0,8.11,345.0,345.0,345.0
SAL30630,Clontarf (Toowoomba - Qld),QLD,28.0,79.86,0.0,0.0,0.0
SAL30631,Closeburn,QLD,562.0,14.96,575.0,575.0,575.0
SAL30632,Cloyna,QLD,160.0,38.64,160.0,160.0,160.0
SAL30633,Cluden,QLD,413.0,3.01,283.0,283.0,283.0
SAL30634,Clumber,QLD,91.0,72.47,310.0,310.0,310.0
SAL30635,Coal Creek,QLD,50.0,30.78,90.0,90.0,90.0
SAL30636,Coalbank,QLD,45.0,122.68,150.0,150.0,150.0
SAL30637,Coalfalls,QLD,898.0,0.96,300.0,300.0,300.0
SAL30638,Coalstoun Lakes,QLD,99.0,63.74,185.0,185.0,185.0
SAL30639,Cobbs Hill,QLD,13.0,59.53,0.0,0.0,0.0
SAL30640,Cobraball,QLD,81.0,51.8,295.0,295.0,295.0
SAL30641,Cockatoo (Qld),QLD,41.0,980.3,0.0,0.0,0.0
SAL30642,Coconuts,QLD,216.0,1.78,255.0,255.0,255.0
SAL30643,Coen,QLD,320.0,8417.52,123.0,123.0,123.0
SAL30644,Coes Creek,QLD,1515.0,3.0,443.0,443.0,443.0
SAL30645,Coles Creek,QLD,68.0,18.58,340.0,340.0,340.0
SAL30646,Colevale,QLD,19.0,104.91,0.0,0.0,0.0
SAL30647,Coleyville,QLD,192.0,50.84,330.0,330.0,330.0
SAL30648,Colinton (Qld),QLD,60.0,176.55,295.0,295.0,295.0
SAL30649,Collaroy (Qld),QLD,0.0,1569.49,0.0,0.0,0.0
SAL30650,College View,QLD,72.0,8.08,298.0,298.0,298.0
SAL30651,Collingwood Park (Qld),QLD,9246.0,9.58,340.0,340.0,340.0
SAL30652,Collinsville (Qld),QLD,1496.0,39.8,200.0,200.0,200.0
SAL30653,Colosseum,QLD,184.0,491.53,240.0,240.0,240.0
SAL30654,Columbia,QLD,97.0,9.88,220.0,220.0,220.0
SAL30655,Columboola,QLD,68.0,315.5,350.0,350.0,350.0
SAL30656,Comet,QLD,360.0,2103.87,150.0,150.0,150.0
SAL30657,Commissioners Flat,QLD,23.0,16.05,450.0,450.0,450.0
SAL30658,Como (Qld),QLD,54.0,129.38,595.0,595.0,595.0
SAL30659,Comoon Loop,QLD,44.0,2.59,0.0,0.0,0.0
SAL30660,Cona Creek,QLD,57.0,1029.73,0.0,0.0,0.0
SAL30661,Condamine,QLD,294.0,994.57,200.0,200.0,200.0
SAL30662,Condamine Farms,QLD,28.0,59.66,0.0,0.0,0.0
SAL30663,Condamine Plains,QLD,101.0,228.27,150.0,150.0,150.0
SAL30664,Condon,QLD,5894.0,6.04,310.0,310.0,310.0
SAL30665,Conjuboy,QLD,7.0,1867.81,0.0,0.0,0.0
SAL30666,Conondale,QLD,882.0,215.86,300.0,300.0,300.0
SAL30667,Consuelo,QLD,35.0,2034.92,0.0,0.0,0.0
SAL30668,Conway,QLD,202.0,16.12,200.0,200.0,200.0
SAL30669,Conway Beach,QLD,75.0,1.32,200.0,200.0,200.0
SAL30670,Coochiemudlo Island,QLD,850.0,2.1,293.0,293.0,293.0
SAL30671,Coochin,QLD,115.0,57.6,200.0,200.0,200.0
SAL30672,Coochin Creek,QLD,76.0,94.13,395.0,395.0,395.0
SAL30673,Cooee Bay,QLD,942.0,0.85,300.0,300.0,300.0
SAL30674,Cooeeimbardi,QLD,9.0,28.78,325.0,325.0,325.0
SAL30675,Cooktown,QLD,2746.0,2333.02,230.0,230.0,230.0
SAL30676,Coolabine,QLD,76.0,16.01,245.0,245.0,245.0
SAL30677,Coolabunia,QLD,173.0,51.82,225.0,225.0,225.0
SAL30678,Cooladdi,QLD,7.0,5015.99,0.0,0.0,0.0
SAL30679,Coolana,QLD,175.0,12.27,300.0,300.0,300.0
SAL30680,Coolangatta (Qld),QLD,6491.0,2.46,405.0,405.0,405.0
SAL30681,Coolbie,QLD,110.0,83.95,100.0,100.0,100.0
SAL30682,Coolmunda,QLD,212.0,309.26,220.0,220.0,220.0
SAL30683,Cooloola,QLD,0.0,570.96,0.0,0.0,0.0
SAL30684,Cooloola Cove,QLD,2921.0,16.82,300.0,300.0,300.0
SAL30685,Cooloolabin,QLD,311.0,42.85,330.0,330.0,330.0
SAL30686,Coolum Beach,QLD,9152.0,34.27,450.0,450.0,450.0
SAL30687,Coombabah,QLD,10298.0,14.92,415.0,415.0,415.0
SAL30688,Coomera,QLD,20225.0,31.66,450.0,450.0,450.0
SAL30689,Coominglah,QLD,12.0,249.24,140.0,140.0,140.0
SAL30690,Coominglah Forest,QLD,0.0,510.39,0.0,0.0,0.0
SAL30691,Coominya,QLD,1029.0,146.05,250.0,250.0,250.0
SAL30692,Coomoo,QLD,24.0,628.77,240.0,240.0,240.0
SAL30693,Coomrith,QLD,52.0,798.55,0.0,0.0,0.0
SAL30694,Coonambula,QLD,80.0,316.63,165.0,165.0,165.0
SAL30695,Coonarr,QLD,257.0,28.05,300.0,300.0,300.0
SAL30696,Coondoo,QLD,43.0,30.17,365.0,365.0,365.0
SAL30697,Coongoola,QLD,16.0,2488.4,0.0,0.0,0.0
SAL30698,Coopers Plains,QLD,5675.0,5.39,369.0,369.0,369.0
SAL30699,Coorada,QLD,11.0,786.72,0.0,0.0,0.0
SAL30700,Cooran,QLD,1756.0,46.99,385.0,385.0,385.0
SAL30701,Cooranga,QLD,119.0,454.16,120.0,120.0,120.0
SAL30702,Cooroibah,QLD,2178.0,40.26,500.0,500.0,500.0
SAL30703,Cooroo Lands,QLD,12.0,6.19,0.0,0.0,0.0
SAL30704,Coorooman,QLD,97.0,47.71,240.0,240.0,240.0
SAL30705,Cooroy,QLD,4801.0,34.39,430.0,430.0,430.0
SAL30706,Cooroy Mountain,QLD,148.0,11.45,510.0,510.0,510.0
SAL30707,Coorparoo,QLD,18132.0,6.8,380.0,380.0,380.0
SAL30708,Coorumba,QLD,137.0,19.29,185.0,185.0,185.0
SAL30709,Coorumbene,QLD,40.0,483.65,0.0,0.0,0.0
SAL30710,Cootharaba,QLD,866.0,82.1,365.0,365.0,365.0
SAL30711,Coowonga,QLD,255.0,30.65,265.0,265.0,265.0
SAL30712,Cooya Beach,QLD,523.0,1.45,265.0,265.0,265.0
SAL30713,Cooyar,QLD,231.0,119.55,160.0,160.0,160.0
SAL30714,Coppabella (Qld),QLD,594.0,930.94,60.0,60.0,60.0
SAL30715,Coquette Point,QLD,117.0,6.1,240.0,240.0,240.0
SAL30716,Coral Cove,QLD,1462.0,2.84,373.0,373.0,373.0
SAL30717,Coral Sea,QLD,78.0,214.83,130.0,130.0,130.0
SAL30718,Coralie,QLD,0.0,1153.77,0.0,0.0,0.0
SAL30719,Corbould Park,QLD,6.0,9.43,300.0,300.0,300.0
SAL30720,Cordalba,QLD,467.0,18.32,280.0,280.0,280.0
SAL30721,Cordelia,QLD,176.0,19.74,180.0,180.0,180.0
SAL30722,Corella,QLD,68.0,17.01,300.0,300.0,300.0
SAL30723,Corfield,QLD,158.0,18466.63,300.0,300.0,300.0
SAL30724,Corinda,QLD,5555.0,3.87,388.0,388.0,388.0
SAL30725,Coringa,QLD,86.0,160.93,215.0,215.0,215.0
SAL30726,Corndale (Qld),QLD,58.0,42.84,100.0,100.0,100.0
SAL30727,Cornubia,QLD,7810.0,19.35,440.0,440.0,440.0
SAL30728,Cornwall (Qld),QLD,13.0,347.13,0.0,0.0,0.0
SAL30729,Cosgrove (Qld),QLD,665.0,4.11,370.0,370.0,370.0
SAL30730,Cotherstone,QLD,5.0,205.17,0.0,0.0,0.0
SAL30731,Cotswold Hills,QLD,1620.0,7.16,390.0,390.0,390.0
SAL30732,Cottonvale (Qld),QLD,153.0,14.26,165.0,165.0,165.0
SAL30733,Coulson,QLD,168.0,42.13,290.0,290.0,290.0
SAL30734,Coverty,QLD,107.0,110.48,230.0,230.0,230.0
SAL30735,Cow Bay,QLD,220.0,27.88,200.0,200.0,200.0
SAL30736,Cowan Cowan,QLD,27.0,0.25,208.0,208.0,208.0
SAL30737,Cowley,QLD,82.0,15.87,240.0,240.0,240.0
SAL30738,Cowley Beach,QLD,65.0,62.88,250.0,250.0,250.0
SAL30739,Cowley Creek,QLD,3.0,8.58,50.0,50.0,50.0
SAL30740,Cracow,QLD,114.0,851.62,130.0,130.0,130.0
SAL30741,Craiglie,QLD,1062.0,12.33,420.0,420.0,420.0
SAL30742,Craignish,QLD,2190.0,17.43,383.0,383.0,383.0
SAL30743,Cranbrook (Qld),QLD,5844.0,3.79,293.0,293.0,293.0
SAL30744,Cranley,QLD,2281.0,13.31,330.0,330.0,330.0
SAL30745,Crawford,QLD,182.0,28.73,250.0,250.0,250.0
SAL30746,Crediton,QLD,109.0,356.03,265.0,265.0,265.0
SAL30747,Cremorne (Qld),QLD,19.0,2.22,280.0,280.0,280.0
SAL30748,Cressbrook,QLD,121.0,32.12,250.0,250.0,250.0
SAL30749,Cressbrook Creek,QLD,10.0,72.6,0.0,0.0,0.0
SAL30750,Crestmead,QLD,12271.0,8.61,350.0,350.0,350.0
SAL30751,Crinum,QLD,86.0,597.15,350.0,350.0,350.0
SAL30752,Croftby,QLD,129.0,97.55,260.0,260.0,260.0
SAL30753,Crohamhurst,QLD,219.0,28.78,350.0,350.0,350.0
SAL30754,Cromarty,QLD,43.0,70.21,200.0,200.0,200.0
SAL30755,Crossdale,QLD,68.0,144.55,290.0,290.0,290.0
SAL30756,Crossroads,QLD,127.0,367.94,250.0,250.0,250.0
SAL30757,Crowley Vale,QLD,106.0,10.25,230.0,230.0,230.0
SAL30758,Crownthorpe,QLD,45.0,49.86,230.0,230.0,230.0
SAL30759,Crows Nest (Qld),QLD,2212.0,122.06,270.0,270.0,270.0
SAL30760,Croydon (Qld),QLD,215.0,5101.17,148.0,148.0,148.0
SAL30761,Cryna,QLD,134.0,28.9,288.0,288.0,288.0
SAL30762,Crystal Brook (Qld),QLD,237.0,94.05,283.0,283.0,283.0
SAL30763,Crystal Creek (Qld),QLD,6.0,237.31,0.0,0.0,0.0
SAL30764,Crystalbrook,QLD,4.0,1316.3,0.0,0.0,0.0
SAL30765,Cullinane,QLD,551.0,1.85,250.0,250.0,250.0
SAL30766,Cungulla,QLD,307.0,2.03,245.0,245.0,245.0
SAL30767,Cunnamulla,QLD,1233.0,5917.9,125.0,125.0,125.0
SAL30768,Cunningham (Qld),QLD,58.0,22.64,103.0,103.0,103.0
SAL30769,Curra,QLD,2104.0,127.1,300.0,300.0,300.0
SAL30770,Currajah,QLD,57.0,9.88,185.0,185.0,185.0
SAL30771,Currajong,QLD,2490.0,2.36,270.0,270.0,270.0
SAL30772,Curramore (Qld),QLD,198.0,47.48,325.0,325.0,325.0
SAL30773,Currimundi,QLD,6570.0,4.58,450.0,450.0,450.0
SAL30774,Currumbin,QLD,3278.0,2.63,490.0,490.0,490.0
SAL30775,Currumbin Valley,QLD,2084.0,45.2,510.0,510.0,510.0
SAL30776,Currumbin Waters,QLD,9797.0,12.83,468.0,468.0,468.0
SAL30777,Curtis Island,QLD,36.0,684.56,0.0,0.0,0.0
SAL30778,Cushnie,QLD,145.0,97.7,250.0,250.0,250.0
SAL30779,Cutella,QLD,45.0,13.33,385.0,385.0,385.0
SAL30780,Cuttaburra,QLD,22.0,3961.93,802.0,802.0,802.0
SAL30781,Cynthia,QLD,13.0,135.85,92.0,92.0,92.0
SAL30782,Cypress Gardens,QLD,94.0,12.27,125.0,125.0,125.0
SAL30783,D'Aguilar,QLD,1474.0,12.87,380.0,380.0,380.0
SAL30784,Dagmar,QLD,0.0,207.94,0.0,0.0,0.0
SAL30785,Dagun,QLD,137.0,8.91,280.0,280.0,280.0
SAL30786,Daintree,QLD,93.0,6.84,220.0,220.0,220.0
SAL30787,Daisy Hill (Qld),QLD,6925.0,11.51,400.0,400.0,400.0
SAL30788,Dajarra,QLD,186.0,5787.26,95.0,95.0,95.0
SAL30789,Dakabin,QLD,5275.0,7.07,360.0,360.0,360.0
SAL30790,Dakenba,QLD,127.0,63.47,165.0,165.0,165.0
SAL30791,Dalbeg,QLD,32.0,45.84,160.0,160.0,160.0
SAL30792,Dalby,QLD,12758.0,409.86,260.0,260.0,260.0
SAL30793,Dalcouth,QLD,220.0,26.22,185.0,185.0,185.0
SAL30794,Dalga,QLD,6.0,175.61,0.0,0.0,0.0
SAL30795,Dallarnil,QLD,245.0,182.72,200.0,200.0,200.0
SAL30796,Dalma,QLD,95.0,110.74,340.0,340.0,340.0
SAL30797,Dalrymple Creek,QLD,51.0,125.52,50.0,50.0,50.0
SAL30798,Dalrymple Heights,QLD,46.0,111.82,200.0,200.0,200.0
SAL30799,Dalveen,QLD,369.0,349.48,230.0,230.0,230.0
SAL30800,Dalwogon,QLD,53.0,199.72,200.0,200.0,200.0
SAL30801,Dalysford,QLD,136.0,24.89,255.0,255.0,255.0
SAL30802,Damascus,QLD,96.0,64.76,280.0,280.0,280.0
SAL30803,Damper Creek,QLD,34.0,144.93,260.0,260.0,260.0
SAL30804,Danbulla,QLD,88.0,120.31,225.0,225.0,225.0
SAL30805,Danderoo,QLD,40.0,9.62,0.0,0.0,0.0
SAL30806,Dangore,QLD,35.0,205.51,0.0,0.0,0.0
SAL30807,Daradgee,QLD,90.0,10.71,240.0,240.0,240.0
SAL30808,Dargal Road,QLD,198.0,31.25,499.0,499.0,499.0
SAL30809,Darling Heights,QLD,5157.0,7.71,320.0,320.0,320.0
SAL30810,Darlington (Qld),QLD,98.0,68.26,330.0,330.0,330.0
SAL30811,Darr Creek,QLD,13.0,135.91,140.0,140.0,140.0
SAL30812,Darra,QLD,4098.0,7.1,350.0,350.0,350.0
SAL30813,Darts Creek,QLD,165.0,88.29,380.0,380.0,380.0
SAL30814,Dauan Island,QLD,131.0,3.75,150.0,150.0,150.0
SAL30815,Daveson,QLD,33.0,17.68,0.0,0.0,0.0
SAL30816,Dayboro,QLD,2376.0,18.33,410.0,410.0,410.0
SAL30817,Daymar,QLD,41.0,721.9,0.0,0.0,0.0
SAL30818,Deagon,QLD,3773.0,3.58,350.0,350.0,350.0
SAL30819,Deception Bay,QLD,19573.0,24.66,325.0,325.0,325.0
SAL30820,Dedin,QLD,0.0,456.6,0.0,0.0,0.0
SAL30821,Deebing Heights,QLD,3960.0,14.56,370.0,370.0,370.0
SAL30822,Deep Creek (Qld),QLD,13.0,84.92,0.0,0.0,0.0
SAL30823,Deepwater (Qld),QLD,287.0,244.71,190.0,190.0,190.0
SAL30824,Deeragun,QLD,4273.0,8.0,310.0,310.0,310.0
SAL30825,Deeral,QLD,151.0,23.27,260.0,260.0,260.0
SAL30826,Degarra,QLD,80.0,7.37,150.0,150.0,150.0
SAL30827,Degilbo,QLD,182.0,115.57,220.0,220.0,220.0
SAL30828,Delan,QLD,323.0,39.51,150.0,150.0,150.0
SAL30829,Delaneys Creek,QLD,1366.0,50.53,450.0,450.0,450.0
SAL30830,Depot Hill,QLD,995.0,3.67,250.0,250.0,250.0
SAL30831,Derri Derra,QLD,115.0,226.56,150.0,150.0,150.0
SAL30832,Derrymore,QLD,85.0,20.4,400.0,400.0,400.0
SAL30833,Desailly,QLD,9.0,1238.73,0.0,0.0,0.0
SAL30834,Deuchar,QLD,327.0,50.75,325.0,325.0,325.0
SAL30835,Devereux Creek,QLD,406.0,61.28,225.0,225.0,225.0
SAL30836,Devon Park (Qld),QLD,55.0,56.96,284.0,284.0,284.0
SAL30837,Diamantina Lakes,QLD,0.0,26141.38,0.0,0.0,0.0
SAL30838,Diamond Valley,QLD,489.0,12.28,396.0,396.0,396.0
SAL30839,Diamondvale,QLD,52.0,4.64,400.0,400.0,400.0
SAL30840,Diamondy,QLD,72.0,442.48,110.0,110.0,110.0
SAL30841,Dicky Beach,QLD,1921.0,1.3,400.0,400.0,400.0
SAL30842,Didcot,QLD,85.0,155.41,150.0,150.0,150.0
SAL30843,Diddillibah,QLD,1703.0,13.88,330.0,330.0,330.0
SAL30844,Diglum,QLD,56.0,457.42,300.0,300.0,300.0
SAL30845,Dimbulah,QLD,975.0,822.98,200.0,200.0,200.0
SAL30846,Dingo,QLD,221.0,1935.25,120.0,120.0,120.0
SAL30847,Dingo Beach,QLD,159.0,2.74,323.0,323.0,323.0
SAL30848,Dingo Pocket,QLD,79.0,50.08,130.0,130.0,130.0
SAL30849,Dinmore,QLD,1109.0,1.62,305.0,305.0,305.0
SAL30850,Dirnbir,QLD,59.0,41.81,175.0,175.0,175.0
SAL30851,Dirranbandi,QLD,610.0,10741.26,145.0,145.0,145.0
SAL30852,Dittmer,QLD,52.0,34.31,0.0,0.0,0.0
SAL30853,Diwan,QLD,169.0,22.93,205.0,205.0,205.0
SAL30854,Dixalea,QLD,102.0,275.84,75.0,75.0,75.0
SAL30855,Dixie (Qld),QLD,43.0,6876.27,0.0,0.0,0.0
SAL30856,Djarawong,QLD,103.0,9.5,270.0,270.0,270.0
SAL30857,Djiru,QLD,0.0,26.6,0.0,0.0,0.0
SAL30858,Djuan,QLD,93.0,62.37,0.0,0.0,0.0
SAL30859,Doctor Creek,QLD,28.0,39.2,0.0,0.0,0.0
SAL30860,Dolphin Heads,QLD,413.0,1.25,360.0,360.0,360.0
SAL30861,Domville,QLD,0.0,17.93,0.0,0.0,0.0
SAL30862,Donnybrook (Qld),QLD,664.0,23.41,303.0,303.0,303.0
SAL30863,Doolandella,QLD,7123.0,4.43,360.0,360.0,360.0
SAL30864,Doolbi,QLD,101.0,7.2,255.0,255.0,255.0
SAL30865,Doomadgee,QLD,1387.0,1715.19,120.0,120.0,120.0
SAL30866,Doonan,QLD,3727.0,40.25,470.0,470.0,470.0
SAL30867,Doongul,QLD,35.0,242.42,0.0,0.0,0.0
SAL30868,Dotswood,QLD,83.0,3905.99,0.0,0.0,0.0
SAL30869,Doughboy,QLD,22.0,82.19,0.0,0.0,0.0
SAL30870,Douglas (Toowoomba - Qld),QLD,152.0,63.66,300.0,300.0,300.0
SAL30871,Douglas (Townsville - Qld),QLD,7780.0,9.94,360.0,360.0,360.0
SAL30872,Dowar Islet,QLD,0.0,0.6,0.0,0.0,0.0
SAL30873,Downsfield,QLD,86.0,31.59,380.0,380.0,380.0
SAL30874,Dows Creek,QLD,146.0,35.59,180.0,180.0,180.0
SAL30875,Draper,QLD,695.0,12.14,500.0,500.0,500.0
SAL30876,Drayton,QLD,1813.0,13.24,290.0,290.0,290.0
SAL30877,Drewvale,QLD,4779.0,5.61,460.0,460.0,460.0
SAL30878,Drillham,QLD,113.0,452.54,180.0,180.0,180.0
SAL30879,Drillham South,QLD,73.0,424.56,200.0,200.0,200.0
SAL30880,Drinan,QLD,135.0,28.71,276.0,276.0,276.0
SAL30881,Dromedary (Qld),QLD,5.0,409.67,0.0,0.0,0.0
SAL30882,Duaringa,QLD,262.0,750.37,115.0,115.0,115.0
SAL30883,Duchess,QLD,53.0,4202.54,0.0,0.0,0.0
SAL30884,Duckinwilla,QLD,38.0,395.38,0.0,0.0,0.0
SAL30885,Ducklo,QLD,306.0,345.57,295.0,295.0,295.0
SAL30886,Dugandan,QLD,602.0,18.71,300.0,300.0,300.0
SAL30887,Duingal,QLD,70.0,151.27,100.0,100.0,100.0
SAL30888,Dulacca,QLD,131.0,551.82,130.0,130.0,130.0
SAL30889,Dulong,QLD,688.0,13.1,380.0,380.0,380.0
SAL30890,Dululu,QLD,97.0,175.95,150.0,150.0,150.0
SAL30891,Dumbleton,QLD,242.0,15.4,300.0,300.0,300.0
SAL30892,Dumgree,QLD,63.0,957.6,0.0,0.0,0.0
SAL30893,Dumpy Creek,QLD,16.0,368.7,0.0,0.0,0.0
SAL30894,Dundarrah,QLD,4.0,40.96,0.0,0.0,0.0
SAL30895,Dundas (Qld),QLD,58.0,156.98,170.0,170.0,170.0
SAL30896,Dundathu,QLD,238.0,5.28,360.0,360.0,360.0
SAL30897,Dundowran,QLD,1085.0,15.62,360.0,360.0,360.0
SAL30898,Dundowran Beach,QLD,2299.0,10.7,418.0,418.0,418.0
SAL30899,Dunk,QLD,23.0,10.54,200.0,200.0,200.0
SAL30900,Dunkeld (Qld),QLD,49.0,3391.22,0.0,0.0,0.0
SAL30901,Dunmora,QLD,281.0,105.14,310.0,310.0,310.0
SAL30902,Dunmore (Qld),QLD,39.0,652.35,200.0,200.0,200.0
SAL30903,Dunnrock,QLD,58.0,12.23,270.0,270.0,270.0
SAL30904,Dunwich,QLD,737.0,2.04,294.0,294.0,294.0
SAL30905,Durack (Qld),QLD,7788.0,5.19,350.0,350.0,350.0
SAL30906,Durah,QLD,0.0,522.85,0.0,0.0,0.0
SAL30907,Durham,QLD,31.0,24929.44,44.0,44.0,44.0
SAL30908,Durham Downs,QLD,63.0,988.32,150.0,150.0,150.0
SAL30909,Durong,QLD,219.0,624.16,200.0,200.0,200.0
SAL30910,Dutton Park,QLD,2134.0,1.19,390.0,390.0,390.0
SAL30911,Dutton River,QLD,66.0,5863.65,2438.0,2438.0,2438.0
SAL30912,Dykehead,QLD,13.0,401.23,0.0,0.0,0.0
SAL30913,Dysart (Qld),QLD,2918.0,4060.8,100.0,100.0,100.0
SAL30914,Eagle Farm,QLD,11.0,7.04,450.0,450.0,450.0
SAL30915,Eagleby,QLD,13594.0,17.69,320.0,320.0,320.0
SAL30916,Eaglefield,QLD,3.0,622.01,0.0,0.0,0.0
SAL30917,Earlville,QLD,4200.0,3.88,290.0,290.0,290.0
SAL30918,East Barron,QLD,278.0,44.26,280.0,280.0,280.0
SAL30919,East Brisbane,QLD,6186.0,2.37,400.0,400.0,400.0
SAL30920,East Cooyar,QLD,27.0,47.46,150.0,150.0,150.0
SAL30921,East Creek,QLD,0.0,424.57,0.0,0.0,0.0
SAL30922,East Deep Creek,QLD,698.0,24.74,300.0,300.0,300.0
SAL30923,East End,QLD,88.0,221.24,210.0,210.0,210.0
SAL30924,East Feluga,QLD,266.0,24.17,260.0,260.0,260.0
SAL30925,East Greenmount,QLD,351.0,54.49,300.0,300.0,300.0
SAL30926,East Haldon,QLD,35.0,181.35,715.0,715.0,715.0
SAL30927,East Innisfail,QLD,1757.0,1.49,255.0,255.0,255.0
SAL30928,East Ipswich,QLD,2321.0,2.13,290.0,290.0,290.0
SAL30929,East Mackay,QLD,3725.0,4.22,320.0,320.0,320.0
SAL30930,East Nanango,QLD,273.0,74.59,275.0,275.0,275.0
SAL30931,East Palmerston,QLD,220.0,46.76,320.0,320.0,320.0
SAL30932,East Russell,QLD,83.0,68.9,150.0,150.0,150.0
SAL30933,East Toowoomba,QLD,5953.0,5.24,300.0,300.0,300.0
SAL30934,East Trinity,QLD,238.0,76.99,280.0,280.0,280.0
SAL30935,Eastern Heights,QLD,3631.0,2.17,300.0,300.0,300.0
SAL30936,Eaton (Qld),QLD,47.0,3.46,300.0,300.0,300.0
SAL30937,Eatons Hill,QLD,7822.0,11.61,460.0,460.0,460.0
SAL30938,Ebbw Vale,QLD,540.0,1.55,290.0,290.0,290.0
SAL30939,Ebenezer (Qld),QLD,301.0,40.66,450.0,450.0,450.0
SAL30940,Edens Landing,QLD,5094.0,3.29,350.0,350.0,350.0
SAL30941,Edge Hill,QLD,4088.0,2.86,310.0,310.0,310.0
SAL30942,Edmonton,QLD,11409.0,21.99,350.0,350.0,350.0
SAL30943,Edward River,QLD,3.0,7651.03,0.0,0.0,0.0
SAL30944,Eerwah Vale,QLD,671.0,40.6,400.0,400.0,400.0
SAL30945,Egypt,QLD,8.0,18.92,300.0,300.0,300.0
SAL30946,Eidsvold,QLD,538.0,558.8,140.0,140.0,140.0
SAL30947,Eidsvold East,QLD,27.0,462.76,0.0,0.0,0.0
SAL30948,Eidsvold West,QLD,85.0,3418.91,60.0,60.0,60.0
SAL30949,Eight Mile Creek (Qld),QLD,0.0,364.78,0.0,0.0,0.0
SAL30950,Eight Mile Plains,QLD,15326.0,9.73,420.0,420.0,420.0
SAL30951,Eimeo,QLD,3285.0,3.94,390.0,390.0,390.0
SAL30952,Einasleigh,QLD,87.0,4546.59,150.0,150.0,150.0
SAL30953,El Arish,QLD,337.0,7.84,273.0,273.0,273.0
SAL30954,Elaman Creek,QLD,92.0,15.84,280.0,280.0,280.0
SAL30955,Elanora,QLD,12539.0,11.48,525.0,525.0,525.0
SAL30956,Elbow Valley,QLD,127.0,195.57,40.0,40.0,40.0
SAL30957,Electra,QLD,103.0,33.22,210.0,210.0,210.0
SAL30958,Elgin (Qld),QLD,52.0,2743.6,0.0,0.0,0.0
SAL30959,Elgin Vale,QLD,14.0,145.4,220.0,220.0,220.0
SAL30960,Eli Waters,QLD,3758.0,7.76,370.0,370.0,370.0
SAL30961,Elimbah,QLD,4290.0,127.95,370.0,370.0,370.0
SAL30962,Ellangowan (Qld),QLD,95.0,156.69,100.0,100.0,100.0
SAL30963,Ellen Grove,QLD,3586.0,4.34,350.0,350.0,350.0
SAL30964,Ellerbeck,QLD,207.0,28.71,200.0,200.0,200.0
SAL30965,Ellesmere,QLD,334.0,60.75,300.0,300.0,300.0
SAL30966,Ellinjaa,QLD,66.0,27.31,260.0,260.0,260.0
SAL30967,Ellinthorp,QLD,30.0,3.79,300.0,300.0,300.0
SAL30968,Elliott (Qld),QLD,156.0,177.23,200.0,200.0,200.0
SAL30969,Elliott Heads,QLD,1160.0,15.39,293.0,293.0,293.0
SAL30970,Ellis Beach,QLD,5.0,0.81,0.0,0.0,0.0
SAL30971,Elphinstone (Isaac - Qld),QLD,9.0,242.3,0.0,0.0,0.0
SAL30972,Elphinstone (Toowoomba - Qld),QLD,60.0,34.32,225.0,225.0,225.0
SAL30973,Emerald (Qld),QLD,14904.0,996.25,300.0,300.0,300.0
SAL30974,Emu Creek (Qld),QLD,113.0,196.66,260.0,260.0,260.0
SAL30975,Emu Park,QLD,2281.0,25.92,300.0,300.0,300.0
SAL30976,Emu Vale,QLD,161.0,211.31,200.0,200.0,200.0
SAL30977,England Creek,QLD,39.0,73.79,0.0,0.0,0.0
SAL30978,Enoggera,QLD,5849.0,10.96,368.0,368.0,368.0
SAL30979,Enoggera Reservoir,QLD,33.0,48.04,450.0,450.0,450.0
SAL30980,Epsom (Qld),QLD,21.0,508.66,0.0,0.0,0.0
SAL30981,Erakala,QLD,763.0,12.72,280.0,280.0,280.0
SAL30982,Eromanga,QLD,98.0,35270.57,140.0,140.0,140.0
SAL30983,Erub Island,QLD,326.0,5.84,150.0,150.0,150.0
SAL30984,Esk (Qld),QLD,1641.0,75.77,260.0,260.0,260.0
SAL30985,Eskdale (Qld),QLD,34.0,185.22,150.0,150.0,150.0
SAL30986,Esmeralda,QLD,10.0,5875.18,0.0,0.0,0.0
SAL30987,Etna Creek,QLD,1029.0,82.15,200.0,200.0,200.0
SAL30988,Eton,QLD,728.0,113.22,295.0,295.0,295.0
SAL30989,Etty Bay,QLD,486.0,10.59,300.0,300.0,300.0
SAL30990,Eubenangee,QLD,247.0,91.99,165.0,165.0,165.0
SAL30991,Eudlo,QLD,1192.0,25.24,368.0,368.0,368.0
SAL30992,Eukey,QLD,140.0,84.99,250.0,250.0,250.0
SAL30993,Euleilah,QLD,202.0,71.11,270.0,270.0,270.0
SAL30994,Eulo,QLD,94.0,7856.87,93.0,93.0,93.0
SAL30995,Eumamurrin,QLD,97.0,1181.94,0.0,0.0,0.0
SAL30996,Eumundi,QLD,2504.0,29.21,480.0,480.0,480.0
SAL30997,Eungella (Qld),QLD,190.0,49.02,250.0,250.0,250.0
SAL30998,Eungella Dam,QLD,4.0,440.09,430.0,430.0,430.0
SAL30999,Eungella Hinterland,QLD,4.0,1505.12,0.0,0.0,0.0
SAL31000,Euramo,QLD,114.0,34.0,230.0,230.0,230.0
SAL31001,Eureka (Qld),QLD,223.0,123.3,400.0,400.0,400.0
SAL31002,Eurella,QLD,45.0,1022.81,0.0,0.0,0.0
SAL31003,Eurimbula,QLD,0.0,441.1,0.0,0.0,0.0
SAL31004,Eurombah,QLD,100.0,1236.87,325.0,325.0,325.0
SAL31005,Eurong,QLD,11.0,3.57,25.0,25.0,25.0
SAL31006,Euthulla,QLD,364.0,839.59,300.0,300.0,300.0
SAL31007,Evans Landing,QLD,56.0,0.67,138.0,138.0,138.0
SAL31008,Evanslea,QLD,31.0,72.23,300.0,300.0,300.0
SAL31009,Evelyn,QLD,209.0,86.81,245.0,245.0,245.0
SAL31010,Evergreen,QLD,49.0,39.09,0.0,0.0,0.0
SAL31011,Everton Hills,QLD,6673.0,4.24,480.0,480.0,480.0
SAL31012,Everton Park,QLD,10111.0,5.47,420.0,420.0,420.0
SAL31013,Fairdale,QLD,48.0,14.55,0.0,0.0,0.0
SAL31014,Fairfield (Qld),QLD,3106.0,1.51,410.0,410.0,410.0
SAL31015,Fairney View,QLD,221.0,14.25,315.0,315.0,315.0
SAL31016,Fairy Bower,QLD,99.0,29.43,225.0,225.0,225.0
SAL31017,Fairyland,QLD,90.0,333.95,200.0,200.0,200.0
SAL31018,Fairymead,QLD,28.0,72.93,260.0,260.0,260.0
SAL31019,Farleigh,QLD,814.0,33.84,298.0,298.0,298.0
SAL31020,Farnborough,QLD,469.0,70.09,300.0,300.0,300.0
SAL31021,Farnsfield,QLD,95.0,80.1,230.0,230.0,230.0
SAL31022,Farrars Creek,QLD,16.0,16457.22,0.0,0.0,0.0
SAL31023,Fassifern (Qld),QLD,18.0,2.62,320.0,320.0,320.0
SAL31024,Fassifern Valley,QLD,112.0,11.32,350.0,350.0,350.0
SAL31025,Federal (Qld),QLD,365.0,33.11,343.0,343.0,343.0
SAL31026,Felton,QLD,267.0,221.36,150.0,150.0,150.0
SAL31027,Felton South,QLD,78.0,87.72,400.0,400.0,400.0
SAL31028,Feluga,QLD,306.0,6.67,230.0,230.0,230.0
SAL31029,Ferney,QLD,93.0,9.86,330.0,330.0,330.0
SAL31030,Fernvale (Qld),QLD,3629.0,35.41,350.0,350.0,350.0
SAL31031,Ferny Glen,QLD,91.0,16.88,475.0,475.0,475.0
SAL31032,Ferny Grove,QLD,5871.0,4.87,400.0,400.0,400.0
SAL31033,Ferny Hills,QLD,8726.0,13.05,448.0,448.0,448.0
SAL31034,Ficks Crossing,QLD,39.0,17.43,220.0,220.0,220.0
SAL31035,Fielding,QLD,13.0,4156.86,0.0,0.0,0.0
SAL31036,Fifteen Mile,QLD,37.0,19.26,575.0,575.0,575.0
SAL31037,Fig Tree Pocket,QLD,4345.0,5.46,590.0,590.0,590.0
SAL31038,Finch Hatton,QLD,531.0,170.72,250.0,250.0,250.0
SAL31039,Finlayvale,QLD,33.0,4.86,190.0,190.0,190.0
SAL31040,Finnie,QLD,69.0,7.83,260.0,260.0,260.0
SAL31041,Fisher (Qld),QLD,65.0,26.46,163.0,163.0,163.0
SAL31042,Fishermans Pocket,QLD,60.0,9.41,270.0,270.0,270.0
SAL31043,Fishery Falls,QLD,205.0,16.33,260.0,260.0,260.0
SAL31044,Fitzgerald Creek,QLD,98.0,13.97,300.0,300.0,300.0
SAL31045,Fitzgibbon,QLD,6296.0,4.13,385.0,385.0,385.0
SAL31046,Fitzroy Island,QLD,85.0,3.61,175.0,175.0,175.0
SAL31047,Flagstone,QLD,7087.0,16.97,395.0,395.0,395.0
SAL31048,Flagstone Creek,QLD,256.0,56.9,275.0,275.0,275.0
SAL31049,Flametree,QLD,143.0,3.26,350.0,350.0,350.0
SAL31050,Flaxton,QLD,992.0,14.63,338.0,338.0,338.0
SAL31051,Fletcher (Qld),QLD,128.0,41.48,200.0,200.0,200.0
SAL31052,Fletcher Creek,QLD,0.0,158.3,0.0,0.0,0.0
SAL31053,Fleurbaix,QLD,56.0,8.51,300.0,300.0,300.0
SAL31054,Flinders View,QLD,5816.0,6.89,300.0,300.0,300.0
SAL31055,Flinton,QLD,29.0,694.19,0.0,0.0,0.0
SAL31056,Florence Bay,QLD,0.0,3.93,0.0,0.0,0.0
SAL31057,Flying Fish Point,QLD,395.0,1.31,268.0,268.0,268.0
SAL31058,Flying Fox (Qld),QLD,61.0,11.16,465.0,465.0,465.0
SAL31059,Fordsdale,QLD,50.0,82.86,350.0,350.0,350.0
SAL31060,Foreshores,QLD,142.0,217.88,290.0,290.0,290.0
SAL31061,Forest Creek,QLD,136.0,25.27,208.0,208.0,208.0
SAL31062,Forest Glen (Qld),QLD,1657.0,8.29,500.0,500.0,500.0
SAL31063,Forest Hill (Qld),QLD,935.0,34.19,300.0,300.0,300.0
SAL31064,Forest Lake,QLD,22676.0,12.56,390.0,390.0,390.0
SAL31065,Forest Ridge,QLD,30.0,6.21,273.0,273.0,273.0
SAL31066,Forest Springs,QLD,104.0,67.56,603.0,603.0,603.0
SAL31067,Forestdale,QLD,2560.0,7.79,500.0,500.0,500.0
SAL31068,Foresthome,QLD,84.0,19.25,200.0,200.0,200.0
SAL31069,Forestvale,QLD,47.0,3172.75,0.0,0.0,0.0
SAL31070,Fork Lagoons,QLD,33.0,696.33,175.0,175.0,175.0
SAL31071,Formartin,QLD,89.0,169.59,150.0,150.0,150.0
SAL31072,Forrest Beach (Qld),QLD,1364.0,50.95,240.0,240.0,240.0
SAL31073,Forsayth,QLD,107.0,4143.38,88.0,88.0,88.0
SAL31074,Fortitude Valley,QLD,9708.0,1.66,400.0,400.0,400.0
SAL31075,Forty Mile,QLD,18.0,1014.8,0.0,0.0,0.0
SAL31076,Fossilbrook,QLD,0.0,525.28,0.0,0.0,0.0
SAL31077,Foulden,QLD,9.0,3.61,0.0,0.0,0.0
SAL31078,Four Ways,QLD,76.0,6807.39,0.0,0.0,0.0
SAL31079,Foxdale,QLD,99.0,26.59,280.0,280.0,280.0
SAL31080,Frankfield,QLD,100.0,3574.06,313.0,313.0,313.0
SAL31081,Fraser Island,QLD,152.0,2037.63,54.0,54.0,54.0
SAL31082,Frazerview,QLD,36.0,59.3,280.0,280.0,280.0
SAL31083,Fredericksfield,QLD,259.0,116.25,163.0,163.0,163.0
SAL31084,Freestone,QLD,208.0,72.4,260.0,260.0,260.0
SAL31085,Frenches Creek,QLD,91.0,12.52,315.0,315.0,315.0
SAL31086,Frenchville,QLD,8982.0,7.85,300.0,300.0,300.0
SAL31087,Freshwater (Qld),QLD,2142.0,1.74,350.0,350.0,350.0
SAL31088,Freshwater Point,QLD,174.0,17.98,270.0,270.0,270.0
SAL31089,Friday Pocket,QLD,39.0,11.37,260.0,260.0,260.0
SAL31090,Fulham (Qld),QLD,53.0,59.25,250.0,250.0,250.0
SAL31091,Gadgarra,QLD,0.0,140.52,0.0,0.0,0.0
SAL31092,Gaeta,QLD,134.0,151.13,185.0,185.0,185.0
SAL31093,Gailes,QLD,1831.0,1.57,290.0,290.0,290.0
SAL31094,Gainsford,QLD,32.0,481.04,0.0,0.0,0.0
SAL31095,Gairloch,QLD,31.0,15.0,185.0,185.0,185.0
SAL31096,Gamboola,QLD,3.0,4770.6,0.0,0.0,0.0
SAL31097,Gangalidda,QLD,0.0,307.33,0.0,0.0,0.0
SAL31098,Garbutt,QLD,2309.0,13.86,220.0,220.0,220.0
SAL31099,Gargett,QLD,191.0,39.94,290.0,290.0,290.0
SAL31100,Garnant,QLD,90.0,114.34,250.0,250.0,250.0
SAL31101,Garners Beach,QLD,31.0,1.86,190.0,190.0,190.0
SAL31102,Garradunga,QLD,170.0,8.97,250.0,250.0,250.0
SAL31103,Garrawalt,QLD,0.0,205.87,0.0,0.0,0.0
SAL31104,Gatton,QLD,7851.0,54.73,295.0,295.0,295.0
SAL31105,Gaven,QLD,1638.0,9.21,455.0,455.0,455.0
SAL31106,Gayndah,QLD,1949.0,84.08,230.0,230.0,230.0
SAL31107,Gaythorne,QLD,3158.0,1.18,350.0,350.0,350.0
SAL31108,Geebung,QLD,4850.0,4.83,415.0,415.0,415.0
SAL31109,Geham,QLD,470.0,60.4,450.0,450.0,450.0
SAL31110,Gemini Mountains,QLD,65.0,655.28,300.0,300.0,300.0
SAL31111,Georgetown (Qld),QLD,254.0,4875.36,200.0,200.0,200.0
SAL31112,Georgina (Qld),QLD,21.0,5374.71,0.0,0.0,0.0
SAL31113,Germantown (Qld),QLD,52.0,6.95,260.0,260.0,260.0
SAL31114,Gheerulla,QLD,291.0,100.01,273.0,273.0,273.0
SAL31115,Ghinghinda,QLD,47.0,1508.71,0.0,0.0,0.0
SAL31116,Gidya,QLD,0.0,3175.25,0.0,0.0,0.0
SAL31117,Gigoomgan,QLD,46.0,241.96,200.0,200.0,200.0
SAL31118,Gilbert River,QLD,32.0,2659.78,0.0,0.0,0.0
SAL31119,Gilberton (Etheridge - Qld),QLD,26.0,4517.03,0.0,0.0,0.0
SAL31120,Gilberton (Gold Coast - Qld),QLD,31.0,11.28,310.0,310.0,310.0
SAL31121,Gilla,QLD,61.0,112.46,260.0,260.0,260.0
SAL31122,Gilldora,QLD,50.0,4.87,335.0,335.0,335.0
SAL31123,Gilston,QLD,2669.0,12.21,540.0,540.0,540.0
SAL31124,Gin Gin (Qld),QLD,1139.0,41.33,250.0,250.0,250.0
SAL31125,Gindie,QLD,232.0,1531.0,132.0,132.0,132.0
SAL31126,Gindoran,QLD,0.0,381.83,0.0,0.0,0.0
SAL31127,Ginoondan,QLD,12.0,134.97,100.0,100.0,100.0
SAL31128,Girraween (Qld),QLD,5.0,153.21,45.0,45.0,45.0
SAL31129,Giru,QLD,387.0,85.16,180.0,180.0,180.0
SAL31130,Givelda,QLD,42.0,11.38,363.0,363.0,363.0
SAL31131,Gladfield (Qld),QLD,71.0,49.89,343.0,343.0,343.0
SAL31132,Gladstone Central,QLD,1550.0,3.69,240.0,240.0,240.0
SAL31133,Gladstone Harbour,QLD,24.0,44.8,0.0,0.0,0.0
SAL31134,Glamorgan Vale,QLD,384.0,37.29,300.0,300.0,300.0
SAL31135,Glan Devon,QLD,219.0,43.42,255.0,255.0,255.0
SAL31136,Glanmire (Qld),QLD,28.0,2.67,289.0,289.0,289.0
SAL31137,Glass House Mountains,QLD,5601.0,91.42,400.0,400.0,400.0
SAL31138,Glastonbury,QLD,365.0,90.78,300.0,300.0,300.0
SAL31139,Glebe (Qld),QLD,10.0,796.82,0.0,0.0,0.0
SAL31140,Glen Allyn,QLD,109.0,44.52,298.0,298.0,298.0
SAL31141,Glen Aplin,QLD,566.0,50.19,260.0,260.0,260.0
SAL31142,Glen Boughton,QLD,19.0,6.17,138.0,138.0,138.0
SAL31143,Glen Cairn,QLD,141.0,28.49,500.0,500.0,500.0
SAL31144,Glen Echo,QLD,49.0,100.02,0.0,0.0,0.0
SAL31145,Glen Eden,QLD,2918.0,8.34,320.0,320.0,320.0
SAL31146,Glen Esk,QLD,55.0,34.44,190.0,190.0,190.0
SAL31147,Glen Isla,QLD,43.0,25.98,200.0,200.0,200.0
SAL31148,Glen Niven,QLD,99.0,11.09,300.0,300.0,300.0
SAL31149,Glen Russell,QLD,6.0,307.39,0.0,0.0,0.0
SAL31150,Glen Ruth,QLD,0.0,841.22,0.0,0.0,0.0
SAL31151,Glenarbon,QLD,33.0,379.22,135.0,135.0,135.0
SAL31152,Glenaubyn,QLD,50.0,307.42,120.0,120.0,120.0
SAL31153,Glenaven,QLD,68.0,33.98,285.0,285.0,285.0
SAL31154,Glenbar,QLD,7.0,158.95,225.0,225.0,225.0
SAL31155,Glencoe (Qld),QLD,304.0,24.18,350.0,350.0,350.0
SAL31156,Glendale (Qld),QLD,600.0,26.06,360.0,360.0,360.0
SAL31157,Glenden,QLD,477.0,423.36,32.0,32.0,32.0
SAL31158,Gleneagle,QLD,2106.0,40.15,335.0,335.0,335.0
SAL31159,Glenella,QLD,4545.0,12.85,450.0,450.0,450.0
SAL31160,Glenfern (Qld),QLD,11.0,17.81,175.0,175.0,175.0
SAL31161,Glengallan,QLD,57.0,29.15,260.0,260.0,260.0
SAL31162,Glenhaughton,QLD,16.0,3546.82,0.0,0.0,0.0
SAL31163,Glenlee (Qld),QLD,1193.0,49.93,350.0,350.0,350.0
SAL31164,Glenleigh,QLD,39.0,108.36,692.0,692.0,692.0
SAL31165,Glenlogan,QLD,1122.0,8.68,493.0,493.0,493.0
SAL31166,Glenlyon (Qld),QLD,32.0,460.26,75.0,75.0,75.0
SAL31167,Glenmoral,QLD,55.0,634.93,277.0,277.0,277.0
SAL31168,Glenmorgan,QLD,121.0,1747.45,100.0,100.0,100.0
SAL31169,Glenorchy (Qld),QLD,84.0,15.02,260.0,260.0,260.0
SAL31170,Glenore Grove,QLD,953.0,34.89,330.0,330.0,330.0
SAL31171,Glenrae,QLD,63.0,129.8,200.0,200.0,200.0
SAL31172,Glenrock (Qld),QLD,35.0,49.56,300.0,300.0,300.0
SAL31173,Glenroy (Qld),QLD,19.0,1044.88,500.0,500.0,500.0
SAL31174,Glenvale,QLD,8120.0,18.63,340.0,340.0,340.0
SAL31175,Glenview,QLD,1396.0,23.42,455.0,455.0,455.0
SAL31176,Glenwood (Qld),QLD,2137.0,62.18,274.0,274.0,274.0
SAL31177,Godwin Beach,QLD,487.0,4.9,350.0,350.0,350.0
SAL31178,Gogango,QLD,184.0,946.69,325.0,325.0,325.0
SAL31179,Golden Beach (Qld),QLD,5646.0,3.54,400.0,400.0,400.0
SAL31180,Golden Fleece,QLD,45.0,300.61,0.0,0.0,0.0
SAL31181,Goldfields,QLD,49.0,284.39,0.0,0.0,0.0
SAL31182,Goldsborough (Qld),QLD,1099.0,72.53,480.0,480.0,480.0
SAL31183,Gooburrum,QLD,1518.0,33.86,300.0,300.0,300.0
SAL31184,Good Night,QLD,151.0,312.27,50.0,50.0,50.0
SAL31185,Goodar,QLD,101.0,973.92,0.0,0.0,0.0
SAL31186,Goodger,QLD,176.0,102.04,305.0,305.0,305.0
SAL31187,Goodna,QLD,10391.0,9.98,300.0,300.0,300.0
SAL31188,Goodwood (Qld),QLD,155.0,79.64,300.0,300.0,300.0
SAL31189,Googa Creek,QLD,54.0,93.64,215.0,215.0,215.0
SAL31190,Goolboo,QLD,25.0,6.19,225.0,225.0,225.0
SAL31191,Goolman,QLD,47.0,26.92,0.0,0.0,0.0
SAL31192,Goomally,QLD,5.0,1602.24,0.0,0.0,0.0
SAL31193,Goombi,QLD,56.0,139.39,225.0,225.0,225.0
SAL31194,Goomboorian,QLD,566.0,58.86,315.0,315.0,315.0
SAL31195,Goombungee,QLD,1066.0,97.24,250.0,250.0,250.0
SAL31196,Goomburra,QLD,256.0,233.73,200.0,200.0,200.0
SAL31197,Goomeri,QLD,677.0,132.29,180.0,180.0,180.0
SAL31198,Goomeribong,QLD,49.0,77.89,165.0,165.0,165.0
SAL31199,Goondi,QLD,28.0,3.27,240.0,240.0,240.0
SAL31200,Goondi Bend,QLD,570.0,2.73,260.0,260.0,260.0
SAL31201,Goondi Hill,QLD,437.0,2.5,250.0,250.0,250.0
SAL31202,Goondiwindi,QLD,6230.0,1077.18,295.0,295.0,295.0
SAL31203,Goorganga Creek,QLD,0.0,70.4,0.0,0.0,0.0
SAL31204,Goorganga Plains,QLD,3.0,126.56,0.0,0.0,0.0
SAL31205,Gooroolba,QLD,21.0,38.66,0.0,0.0,0.0
SAL31206,Gootchie,QLD,96.0,42.96,278.0,278.0,278.0
SAL31207,Goovigen,QLD,349.0,726.37,125.0,125.0,125.0
SAL31208,Goowarra,QLD,27.0,494.16,0.0,0.0,0.0
SAL31209,Goranba,QLD,201.0,440.59,150.0,150.0,150.0
SAL31210,Gordon Park,QLD,4390.0,1.47,365.0,365.0,365.0
SAL31211,Gordonbrook,QLD,184.0,247.72,240.0,240.0,240.0
SAL31212,Gordonstone,QLD,32.0,311.83,0.0,0.0,0.0
SAL31213,Gordonvale,QLD,6944.0,62.8,320.0,320.0,320.0
SAL31214,Gore,QLD,24.0,420.18,0.0,0.0,0.0
SAL31215,Gowrie Junction,QLD,2242.0,32.7,400.0,400.0,400.0
SAL31216,Gowrie Little Plain,QLD,79.0,14.9,235.0,235.0,235.0
SAL31217,Gowrie Mountain,QLD,222.0,2.56,308.0,308.0,308.0
SAL31218,Gowrie Station,QLD,11.0,1719.8,0.0,0.0,0.0
SAL31219,Gracemere,QLD,12023.0,83.56,340.0,340.0,340.0
SAL31220,Graceville,QLD,4764.0,2.39,495.0,495.0,495.0
SAL31221,Grahams Creek,QLD,149.0,18.96,350.0,350.0,350.0
SAL31222,Granadilla,QLD,101.0,35.87,240.0,240.0,240.0
SAL31223,Grand Secret,QLD,151.0,0.38,230.0,230.0,230.0
SAL31224,Grandchester,QLD,467.0,73.45,250.0,250.0,250.0
SAL31225,Grange (Qld),QLD,4615.0,2.23,460.0,460.0,460.0
SAL31226,Granite Vale,QLD,8.0,518.9,0.0,0.0,0.0
SAL31227,Grantham,QLD,796.0,62.93,290.0,290.0,290.0
SAL31228,Granville (Qld),QLD,2532.0,14.57,239.0,239.0,239.0
SAL31229,Grapetree,QLD,42.0,29.41,225.0,225.0,225.0
SAL31230,Grassdale (Qld),QLD,5.0,93.7,0.0,0.0,0.0
SAL31231,Grasstree Beach,QLD,717.0,18.24,290.0,290.0,290.0
SAL31232,Grays Gate,QLD,28.0,50.6,0.0,0.0,0.0
SAL31233,Great Sandy Strait,QLD,0.0,111.37,0.0,0.0,0.0
SAL31234,Green Hill,QLD,177.0,41.42,370.0,370.0,370.0
SAL31235,Green Island,QLD,20.0,0.14,125.0,125.0,125.0
SAL31236,Greenbank,QLD,9587.0,141.5,430.0,430.0,430.0
SAL31237,Greenlake,QLD,3.0,80.84,0.0,0.0,0.0
SAL31238,Greenlands (Qld),QLD,244.0,79.51,250.0,250.0,250.0
SAL31239,Greenmount (Mackay - Qld),QLD,488.0,20.23,380.0,380.0,380.0
SAL31240,Greenmount (Toowoomba - Qld),QLD,765.0,65.57,253.0,253.0,253.0
SAL31241,Greens Creek (Qld),QLD,344.0,24.07,295.0,295.0,295.0
SAL31242,Greenslopes,QLD,7941.0,3.02,370.0,370.0,370.0
SAL31243,Greenswamp,QLD,77.0,204.42,188.0,188.0,188.0
SAL31244,Greenup,QLD,9.0,236.24,220.0,220.0,220.0
SAL31245,Greenvale (Qld),QLD,192.0,6760.88,144.0,144.0,144.0
SAL31246,Greenview,QLD,78.0,38.24,240.0,240.0,240.0
SAL31247,Greenwood (Qld),QLD,34.0,22.22,240.0,240.0,240.0
SAL31248,Gregors Creek,QLD,87.0,53.75,315.0,315.0,315.0
SAL31249,Gregory (Qld),QLD,122.0,11784.64,150.0,150.0,150.0
SAL31250,Gregory River (Bundaberg - Qld),QLD,65.0,47.84,320.0,320.0,320.0
SAL31251,Gregory River (Whitsunday - Qld),QLD,427.0,220.43,350.0,350.0,350.0
SAL31252,Greycliffe,QLD,56.0,155.72,190.0,190.0,190.0
SAL31253,Greymare,QLD,70.0,244.67,250.0,250.0,250.0
SAL31254,Griffin,QLD,12295.0,21.38,385.0,385.0,385.0
SAL31255,Groganville,QLD,4.0,466.08,0.0,0.0,0.0
SAL31256,Groomsville,QLD,132.0,73.8,290.0,290.0,290.0
SAL31257,Groper Creek,QLD,66.0,63.15,200.0,200.0,200.0
SAL31258,Grosmont,QLD,135.0,1042.66,115.0,115.0,115.0
SAL31259,Grosvenor,QLD,29.0,45.21,600.0,600.0,600.0
SAL31260,Guanaba,QLD,852.0,28.93,475.0,475.0,475.0
SAL31261,Guijar Islet,QLD,0.0,0.08,0.0,0.0,0.0
SAL31262,Gulf Of Carpentaria,QLD,0.0,15.37,0.0,0.0,0.0
SAL31263,Gulliver,QLD,2884.0,2.06,270.0,270.0,270.0
SAL31264,Gulngai,QLD,0.0,302.04,0.0,0.0,0.0
SAL31265,Guluguba,QLD,86.0,484.01,50.0,50.0,50.0
SAL31266,Gumdale,QLD,2298.0,7.05,585.0,585.0,585.0
SAL31267,Gumlow,QLD,142.0,38.9,275.0,275.0,275.0
SAL31268,Gumlu,QLD,124.0,441.76,176.0,176.0,176.0
SAL31269,Gunalda,QLD,426.0,85.16,250.0,250.0,250.0
SAL31270,Gundiah,QLD,89.0,68.86,180.0,180.0,180.0
SAL31271,Gungaloon,QLD,27.0,107.18,250.0,250.0,250.0
SAL31272,Gunnawarra,QLD,27.0,1021.79,350.0,350.0,350.0
SAL31273,Gunnewin,QLD,55.0,525.33,0.0,0.0,0.0
SAL31274,Gunpowder,QLD,104.0,8873.09,0.0,0.0,0.0
SAL31275,Gunyarra,QLD,30.0,33.16,0.0,0.0,0.0
SAL31276,Gurgeena,QLD,36.0,41.04,299.0,299.0,299.0
SAL31277,Gurulmundi,QLD,19.0,318.57,0.0,0.0,0.0
SAL31278,Guthalungra,QLD,112.0,777.46,100.0,100.0,100.0
SAL31279,Gwambegwine,QLD,27.0,1020.35,0.0,0.0,0.0
SAL31280,Gympie,QLD,11355.0,19.65,295.0,295.0,295.0
SAL31281,Habana,QLD,1022.0,106.62,400.0,400.0,400.0
SAL31282,Haden,QLD,235.0,53.47,260.0,260.0,260.0
SAL31283,Haigslea,QLD,507.0,36.13,300.0,300.0,300.0
SAL31284,Hail Creek,QLD,179.0,1035.28,0.0,0.0,0.0
SAL31285,Haliday Bay,QLD,172.0,2.84,230.0,230.0,230.0
SAL31286,Halifax,QLD,477.0,42.23,160.0,160.0,160.0
SAL31287,Halliford,QLD,4.0,703.27,0.0,0.0,0.0
SAL31288,Haly Creek,QLD,124.0,94.0,190.0,190.0,190.0
SAL31289,Hamilton (Qld),QLD,8922.0,3.26,430.0,430.0,430.0
SAL31290,Hamilton Creek,QLD,76.0,2.51,190.0,190.0,190.0
SAL31291,Hamilton Plains,QLD,80.0,9.58,330.0,330.0,330.0
SAL31292,Hampden (Qld),QLD,598.0,55.02,250.0,250.0,250.0
SAL31293,Hampton (Qld),QLD,469.0,33.1,300.0,300.0,300.0
SAL31294,Hannaford,QLD,135.0,1446.88,165.0,165.0,165.0
SAL31295,Happy Valley (Qld),QLD,733.0,0.71,420.0,420.0,420.0
SAL31296,Harlaxton,QLD,2824.0,6.33,280.0,280.0,280.0
SAL31297,Harlin,QLD,211.0,322.98,240.0,240.0,240.0
SAL31298,Harrami,QLD,22.0,383.1,300.0,300.0,300.0
SAL31299,Harriet,QLD,3.0,69.45,0.0,0.0,0.0
SAL31300,Harristown,QLD,9081.0,9.45,295.0,295.0,295.0
SAL31301,Harrisville,QLD,667.0,40.89,285.0,285.0,285.0
SAL31302,Hatton Vale,QLD,1555.0,27.7,350.0,350.0,350.0
SAL31303,Hawkins Creek,QLD,236.0,124.62,220.0,220.0,220.0
SAL31304,Hawkwood,QLD,34.0,1434.44,120.0,120.0,120.0
SAL31305,Hawthorne,QLD,5090.0,1.73,430.0,430.0,430.0
SAL31306,Hay Point,QLD,1306.0,28.48,350.0,350.0,350.0
SAL31307,Hazeldean,QLD,326.0,109.42,323.0,323.0,323.0
SAL31308,Hazledean,QLD,27.0,60.76,0.0,0.0,0.0
SAL31309,Headington Hill,QLD,87.0,59.03,350.0,350.0,350.0
SAL31310,Healy,QLD,1824.0,2.87,380.0,380.0,380.0
SAL31311,Heathwood,QLD,4944.0,6.33,455.0,455.0,455.0
SAL31312,Heatley,QLD,3907.0,2.29,280.0,280.0,280.0
SAL31313,Hebel,QLD,62.0,2222.85,83.0,83.0,83.0
SAL31314,Helens Hill,QLD,118.0,138.6,125.0,125.0,125.0
SAL31315,Helensvale,QLD,18949.0,25.88,495.0,495.0,495.0
SAL31316,Helidon,QLD,1130.0,62.22,313.0,313.0,313.0
SAL31317,Helidon Spa,QLD,504.0,17.49,300.0,300.0,300.0
SAL31318,Hemmant,QLD,2886.0,8.85,430.0,430.0,430.0
SAL31319,Hendon (Qld),QLD,227.0,12.82,280.0,280.0,280.0
SAL31320,Hendra,QLD,4914.0,3.18,550.0,550.0,550.0
SAL31321,Herberton,QLD,895.0,25.75,220.0,220.0,220.0
SAL31322,Heritage Park,QLD,4930.0,6.26,400.0,400.0,400.0
SAL31323,Hermit Park,QLD,3512.0,2.42,255.0,255.0,255.0
SAL31324,Herston,QLD,2311.0,2.15,400.0,400.0,400.0
SAL31325,Hervey Range,QLD,295.0,717.4,365.0,365.0,365.0
SAL31326,Hibernia,QLD,82.0,672.51,375.0,375.0,375.0
SAL31327,Hidden Valley (Qld),QLD,879.0,16.51,428.0,428.0,428.0
SAL31328,Hideaway Bay,QLD,232.0,1.1,370.0,370.0,370.0
SAL31329,Highbury (Qld),QLD,9.0,2366.69,0.0,0.0,0.0
SAL31330,Highfields (Qld),QLD,8568.0,34.03,410.0,410.0,410.0
SAL31331,Highgate Hill,QLD,6229.0,1.5,380.0,380.0,380.0
SAL31332,Highgrove,QLD,28.0,33.36,300.0,300.0,300.0
SAL31333,Highland Park,QLD,6576.0,5.05,430.0,430.0,430.0
SAL31334,Highland Plains (Maranoa - Qld),QLD,16.0,257.74,104.0,104.0,104.0
SAL31335,Highland Plains (Toowoomba - Qld),QLD,60.0,73.52,340.0,340.0,340.0
SAL31336,Highvale,QLD,1979.0,33.38,425.0,425.0,425.0
SAL31337,Highworth,QLD,348.0,0.59,400.0,400.0,400.0
SAL31338,Hillcrest (Qld),QLD,6268.0,4.18,350.0,350.0,350.0
SAL31339,Hillview,QLD,76.0,24.86,240.0,240.0,240.0
SAL31340,Hinchinbrook (Qld),QLD,5.0,462.18,0.0,0.0,0.0
SAL31341,Hirstglen,QLD,77.0,55.05,365.0,365.0,365.0
SAL31342,Hivesville,QLD,173.0,17.81,205.0,205.0,205.0
SAL31343,Hodgleigh,QLD,134.0,45.54,320.0,320.0,320.0
SAL31344,Hodgson,QLD,95.0,29.06,300.0,300.0,300.0
SAL31345,Hodgson Vale,QLD,1444.0,33.33,365.0,365.0,365.0
SAL31346,Holland Park,QLD,8671.0,4.09,390.0,390.0,390.0
SAL31347,Holland Park West,QLD,6468.0,3.42,390.0,390.0,390.0
SAL31348,Holloways Beach,QLD,2398.0,6.15,305.0,305.0,305.0
SAL31349,Hollywell,QLD,2930.0,2.39,530.0,530.0,530.0
SAL31350,Holmview,QLD,4455.0,5.15,400.0,400.0,400.0
SAL31351,Holroyd River,QLD,4.0,8544.13,0.0,0.0,0.0
SAL31352,Home Hill,QLD,2876.0,22.86,220.0,220.0,220.0
SAL31353,Homebush (Qld),QLD,262.0,69.99,365.0,365.0,365.0
SAL31354,Homestead,QLD,38.0,0.39,150.0,150.0,150.0
SAL31355,Hookswood,QLD,58.0,522.63,200.0,200.0,200.0
SAL31356,Hope Island,QLD,14522.0,18.01,550.0,550.0,550.0
SAL31357,Hope Vale,QLD,1004.0,1407.28,120.0,120.0,120.0
SAL31358,Hopeland (Qld),QLD,128.0,346.46,175.0,175.0,175.0
SAL31359,Horn,QLD,533.0,55.4,201.0,201.0,201.0
SAL31360,Horse Camp,QLD,486.0,47.47,250.0,250.0,250.0
SAL31361,Horse Creek,QLD,83.0,4.76,200.0,200.0,200.0
SAL31362,Horseshoe Bay,QLD,611.0,7.03,300.0,300.0,300.0
SAL31363,Horseshoe Lagoon,QLD,213.0,95.09,256.0,256.0,256.0
SAL31364,Horton,QLD,205.0,18.29,255.0,255.0,255.0
SAL31365,Howard,QLD,1394.0,56.36,248.0,248.0,248.0
SAL31366,Howitt,QLD,48.0,9504.06,0.0,0.0,0.0
SAL31367,Hoya,QLD,251.0,10.56,300.0,300.0,300.0
SAL31368,Hudson,QLD,238.0,2.42,210.0,210.0,210.0
SAL31369,Hughenden,QLD,1113.0,1073.14,160.0,160.0,160.0
SAL31370,Hull Heads,QLD,127.0,15.41,330.0,330.0,330.0
SAL31371,Humboldt,QLD,49.0,2455.23,0.0,0.0,0.0
SAL31372,Humeburn,QLD,9.0,5559.71,0.0,0.0,0.0
SAL31373,Humphery,QLD,24.0,44.64,220.0,220.0,220.0
SAL31374,Hunchy,QLD,592.0,15.12,398.0,398.0,398.0
SAL31375,Hungerford (Qld),QLD,19.0,8032.91,0.0,0.0,0.0
SAL31376,Hurricane,QLD,4.0,1162.09,0.0,0.0,0.0
SAL31377,Hutton Creek,QLD,32.0,746.66,150.0,150.0,150.0
SAL31378,Hyde Park (Qld),QLD,1374.0,1.33,253.0,253.0,253.0
SAL31379,Iama Island,QLD,275.0,1.93,150.0,150.0,150.0
SAL31380,Idalia,QLD,4563.0,3.83,400.0,400.0,400.0
SAL31381,Ideraway,QLD,31.0,43.92,0.0,0.0,0.0
SAL31382,Ilbilbie,QLD,385.0,232.8,200.0,200.0,200.0
SAL31383,Ilfracombe,QLD,310.0,7880.47,190.0,190.0,190.0
SAL31384,Ilkley,QLD,812.0,21.74,355.0,355.0,355.0
SAL31385,Illinbah,QLD,128.0,25.03,470.0,470.0,470.0
SAL31386,Image Flat,QLD,457.0,12.53,400.0,400.0,400.0
SAL31387,Imbil,QLD,1071.0,246.8,300.0,300.0,300.0
SAL31388,Inala,QLD,15273.0,7.95,250.0,250.0,250.0
SAL31389,Indooroopilly,QLD,13622.0,8.82,440.0,440.0,440.0
SAL31390,Ingham,QLD,4455.0,46.61,210.0,210.0,210.0
SAL31391,Inglestone,QLD,63.0,905.88,330.0,330.0,330.0
SAL31392,Inglewood (Qld),QLD,936.0,463.06,200.0,200.0,200.0
SAL31393,Ingoldsby,QLD,64.0,38.36,208.0,208.0,208.0
SAL31394,Injinoo,QLD,498.0,885.31,128.0,128.0,128.0
SAL31395,Injune,QLD,429.0,509.74,150.0,150.0,150.0
SAL31396,Inkerman (Qld),QLD,119.0,90.91,180.0,180.0,180.0
SAL31397,Innes Park,QLD,2653.0,12.34,335.0,335.0,335.0
SAL31398,Innisfail,QLD,1091.0,1.81,230.0,230.0,230.0
SAL31399,Innisfail Estate,QLD,1454.0,3.54,230.0,230.0,230.0
SAL31400,Innisplain,QLD,79.0,29.56,250.0,250.0,250.0
SAL31401,Innot Hot Springs,QLD,189.0,774.63,200.0,200.0,200.0
SAL31402,Inskip,QLD,22.0,22.43,133.0,133.0,133.0
SAL31403,Inverlaw,QLD,190.0,84.86,254.0,254.0,254.0
SAL31404,Inverness,QLD,460.0,6.53,390.0,390.0,390.0
SAL31405,Ipswich,QLD,2468.0,5.34,250.0,250.0,250.0
SAL31406,Iredale,QLD,177.0,30.14,573.0,573.0,573.0
SAL31407,Iron Range,QLD,30.0,664.38,0.0,0.0,0.0
SAL31408,Ironbark (Qld),QLD,1173.0,19.24,325.0,325.0,325.0
SAL31409,Irongate,QLD,135.0,69.59,270.0,270.0,270.0
SAL31410,Ironpot (Livingstone - Qld),QLD,184.0,44.87,310.0,310.0,310.0
SAL31411,Ironpot (South Burnett - Qld),QLD,44.0,404.64,50.0,50.0,50.0
SAL31412,Irvinebank,QLD,113.0,817.73,60.0,60.0,60.0
SAL31413,Irvingdale,QLD,163.0,218.4,150.0,150.0,150.0
SAL31414,Isis Central,QLD,205.0,53.12,185.0,185.0,185.0
SAL31415,Isis River,QLD,100.0,169.42,0.0,0.0,0.0
SAL31416,Isisford,QLD,218.0,12762.13,95.0,95.0,95.0
SAL31417,Isla,QLD,213.0,1036.34,250.0,250.0,250.0
SAL31418,Island Plantation,QLD,155.0,9.51,315.0,315.0,315.0
SAL31419,Iveragh,QLD,122.0,281.49,220.0,220.0,220.0
SAL31420,Ivory Creek,QLD,49.0,78.29,241.0,241.0,241.0
SAL31421,Jackson,QLD,55.0,112.79,100.0,100.0,100.0
SAL31422,Jackson North,QLD,45.0,809.82,0.0,0.0,0.0
SAL31423,Jackson South,QLD,17.0,404.32,0.0,0.0,0.0
SAL31424,Jacobs Well,QLD,2882.0,17.4,465.0,465.0,465.0
SAL31425,Jaffa,QLD,35.0,10.48,250.0,250.0,250.0
SAL31426,Jaggan,QLD,217.0,35.61,350.0,350.0,350.0
SAL31427,Jambin,QLD,207.0,247.5,158.0,158.0,158.0
SAL31428,Jamboree Heights,QLD,3141.0,1.47,420.0,420.0,420.0
SAL31429,Jandowae,QLD,1004.0,319.87,200.0,200.0,200.0
SAL31430,Japoonvale,QLD,107.0,39.86,240.0,240.0,240.0
SAL31431,Jardine,QLD,72.0,72.99,48.0,48.0,48.0
SAL31432,Jardine River,QLD,0.0,2880.24,0.0,0.0,0.0
SAL31433,Jarra Creek,QLD,105.0,70.2,278.0,278.0,278.0
SAL31434,Jarvisfield,QLD,343.0,115.06,223.0,223.0,223.0
SAL31435,Jeebropilly,QLD,3.0,14.91,500.0,500.0,500.0
SAL31436,Jellinbah,QLD,49.0,706.72,0.0,0.0,0.0
SAL31437,Jensen,QLD,1797.0,16.84,355.0,355.0,355.0
SAL31438,Jericho (Qld),QLD,229.0,10912.49,100.0,100.0,100.0
SAL31439,Jerona,QLD,41.0,125.27,0.0,0.0,0.0
SAL31440,Jimboomba,QLD,7423.0,70.09,395.0,395.0,395.0
SAL31441,Jimbour East,QLD,197.0,365.9,220.0,220.0,220.0
SAL31442,Jimbour West,QLD,97.0,298.78,165.0,165.0,165.0
SAL31443,Jimna,QLD,70.0,397.22,225.0,225.0,225.0
SAL31444,Jindalee (Qld),QLD,5320.0,3.55,470.0,470.0,470.0
SAL31445,Jinghi,QLD,70.0,265.9,138.0,138.0,138.0
SAL31446,Jobs Gate,QLD,11.0,1919.54,0.0,0.0,0.0
SAL31447,Johnsons Hill,QLD,7.0,2.82,0.0,0.0,0.0
SAL31448,Johnstown,QLD,46.0,138.92,265.0,265.0,265.0
SAL31449,Jollys Lookout,QLD,73.0,4.53,300.0,300.0,300.0
SAL31450,Jondaryan,QLD,414.0,250.2,250.0,250.0,250.0
SAL31451,Jones Gully,QLD,15.0,17.94,0.0,0.0,0.0
SAL31452,Jones Hill,QLD,1135.0,10.01,373.0,373.0,373.0
SAL31453,Josephville,QLD,172.0,77.88,355.0,355.0,355.0
SAL31454,Joskeleigh,QLD,60.0,29.34,150.0,150.0,150.0
SAL31455,Joyner,QLD,3600.0,10.67,430.0,430.0,430.0
SAL31456,Jubilee Heights,QLD,164.0,13.76,330.0,330.0,330.0
SAL31457,Jubilee Pocket,QLD,2047.0,4.52,380.0,380.0,380.0
SAL31458,Julago,QLD,384.0,26.67,265.0,265.0,265.0
SAL31459,Julatten,QLD,1020.0,168.61,275.0,275.0,275.0
SAL31460,Julia Creek,QLD,549.0,7099.37,129.0,129.0,129.0
SAL31461,Junabee,QLD,195.0,90.86,265.0,265.0,265.0
SAL31462,Junction View,QLD,60.0,35.79,280.0,280.0,280.0
SAL31463,Jundah,QLD,131.0,16011.59,100.0,100.0,100.0
SAL31464,Kaban,QLD,94.0,108.45,300.0,300.0,300.0
SAL31465,Kabra,QLD,430.0,115.08,250.0,250.0,250.0
SAL31466,Kagaru,QLD,19.0,37.36,240.0,240.0,240.0
SAL31467,Kaimkillenbun,QLD,248.0,262.79,225.0,225.0,225.0
SAL31468,Kairabah,QLD,4.0,10.67,0.0,0.0,0.0
SAL31469,Kairi,QLD,490.0,43.36,280.0,280.0,280.0
SAL31470,Kalapa,QLD,97.0,193.26,220.0,220.0,220.0
SAL31471,Kalbar,QLD,1246.0,40.83,300.0,300.0,300.0
SAL31472,Kalinga,QLD,2144.0,1.21,400.0,400.0,400.0
SAL31473,Kalkadoon,QLD,27.0,6.54,323.0,323.0,323.0
SAL31474,Kalkie,QLD,2968.0,11.27,310.0,310.0,310.0
SAL31475,Kallangur,QLD,21761.0,14.33,350.0,350.0,350.0
SAL31476,Kalpowar,QLD,53.0,392.27,70.0,70.0,70.0
SAL31477,Kalunga,QLD,103.0,63.87,200.0,200.0,200.0
SAL31478,Kamerunga,QLD,962.0,4.72,400.0,400.0,400.0
SAL31479,Kandanga,QLD,659.0,59.25,255.0,255.0,255.0
SAL31480,Kandanga Creek,QLD,129.0,21.59,248.0,248.0,248.0
SAL31481,Kangaroo Point (Qld),QLD,9689.0,1.7,450.0,450.0,450.0
SAL31482,Kanigan,QLD,143.0,27.68,200.0,200.0,200.0
SAL31483,Kanimbla (Qld),QLD,2827.0,3.4,450.0,450.0,450.0
SAL31484,Kapaldo,QLD,41.0,97.46,0.0,0.0,0.0
SAL31485,Karalee,QLD,5521.0,19.87,400.0,400.0,400.0
SAL31486,Karana Downs,QLD,3800.0,9.57,400.0,400.0,400.0
SAL31487,Karara,QLD,128.0,456.81,225.0,225.0,225.0
SAL31488,Karawatha,QLD,337.0,10.29,585.0,585.0,585.0
SAL31489,Karrabin,QLD,416.0,13.79,300.0,300.0,300.0
SAL31490,Karragarra Island,QLD,240.0,1.29,268.0,268.0,268.0
SAL31491,Karron,QLD,0.0,2573.1,0.0,0.0,0.0
SAL31492,Karumba,QLD,487.0,148.62,220.0,220.0,220.0
SAL31493,Kawana,QLD,4434.0,8.72,255.0,255.0,255.0
SAL31494,Kawl Kawl,QLD,24.0,21.02,250.0,250.0,250.0
SAL31495,Kawungan,QLD,5460.0,6.95,340.0,340.0,340.0
SAL31496,Kearneys Spring,QLD,9419.0,8.31,310.0,310.0,310.0
SAL31497,Kedron,QLD,9907.0,4.61,380.0,380.0,380.0
SAL31498,Kelsey Creek,QLD,157.0,108.24,215.0,215.0,215.0
SAL31499,Kelso (Qld),QLD,10599.0,19.4,300.0,300.0,300.0
SAL31500,Kelvin Grove,QLD,7909.0,2.15,400.0,400.0,400.0
SAL31501,Kelvinhaugh,QLD,49.0,54.0,165.0,165.0,165.0
SAL31502,Kemmis,QLD,6.0,537.61,0.0,0.0,0.0
SAL31503,Kenilworth,QLD,604.0,235.89,320.0,320.0,320.0
SAL31504,Kenmore,QLD,9675.0,7.14,513.0,513.0,513.0
SAL31505,Kenmore Hills,QLD,2448.0,5.39,598.0,598.0,598.0
SAL31506,Kennedy,QLD,136.0,87.88,180.0,180.0,180.0
SAL31507,Kensington (Qld),QLD,722.0,19.1,250.0,250.0,250.0
SAL31508,Kensington Grove,QLD,2050.0,12.32,368.0,368.0,368.0
SAL31509,Kents Lagoon,QLD,60.0,12.66,270.0,270.0,270.0
SAL31510,Kents Pocket,QLD,21.0,5.06,0.0,0.0,0.0
SAL31511,Kentville,QLD,108.0,15.84,330.0,330.0,330.0
SAL31512,Keperra,QLD,7014.0,6.51,400.0,400.0,400.0
SAL31513,Kepnock,QLD,4501.0,3.89,280.0,280.0,280.0
SAL31514,Keppel Sands,QLD,374.0,12.71,240.0,240.0,240.0
SAL31515,Keriri Island,QLD,261.0,16.25,120.0,120.0,120.0
SAL31516,Kerry,QLD,306.0,135.18,345.0,345.0,345.0
SAL31517,Kewarra Beach,QLD,6133.0,6.09,425.0,425.0,425.0
SAL31518,Keysland,QLD,19.0,14.46,150.0,150.0,150.0
SAL31519,Kholo,QLD,374.0,50.28,323.0,323.0,323.0
SAL31520,Khosh Bulduk,QLD,60.0,305.17,150.0,150.0,150.0
SAL31521,Kia Ora (Qld),QLD,218.0,27.84,250.0,250.0,250.0
SAL31522,Kiamba,QLD,191.0,20.69,413.0,413.0,413.0
SAL31523,Kianga (Qld),QLD,219.0,514.89,250.0,250.0,250.0
SAL31524,Kidaman Creek,QLD,125.0,34.91,250.0,250.0,250.0
SAL31525,Kiels Mountain,QLD,714.0,5.83,445.0,445.0,445.0
SAL31526,Kilbirnie,QLD,68.0,40.4,260.0,260.0,260.0
SAL31527,Kilcoy,QLD,1996.0,4.18,335.0,335.0,335.0
SAL31528,Kilcummin,QLD,228.0,2625.36,150.0,150.0,150.0
SAL31529,Kilkivan,QLD,689.0,195.23,200.0,200.0,200.0
SAL31530,Killaloe,QLD,124.0,21.89,250.0,250.0,250.0
SAL31531,Killarney (Qld),QLD,918.0,101.42,240.0,240.0,240.0
SAL31532,Kilmorey Falls,QLD,23.0,1419.1,100.0,100.0,100.0
SAL31533,Kimberley (Qld),QLD,28.0,40.78,0.0,0.0,0.0
SAL31534,Kin Kin,QLD,844.0,123.06,300.0,300.0,300.0
SAL31535,Kin Kora,QLD,2396.0,2.29,280.0,280.0,280.0
SAL31536,Kinbombi,QLD,34.0,142.99,75.0,75.0,75.0
SAL31537,Kinchant Dam,QLD,183.0,42.31,215.0,215.0,215.0
SAL31538,Kincora,QLD,71.0,98.7,245.0,245.0,245.0
SAL31539,Kindon,QLD,20.0,787.07,65.0,65.0,65.0
SAL31540,King Scrub,QLD,363.0,18.15,360.0,360.0,360.0
SAL31541,Kingaham,QLD,21.0,258.22,0.0,0.0,0.0
SAL31542,Kingaroy,QLD,10266.0,85.78,260.0,260.0,260.0
SAL31543,Kings Beach,QLD,3042.0,0.86,370.0,370.0,370.0
SAL31544,Kings Creek,QLD,55.0,44.84,280.0,280.0,280.0
SAL31545,Kings Siding,QLD,15.0,6.97,0.0,0.0,0.0
SAL31546,Kingsholme,QLD,782.0,25.79,460.0,460.0,460.0
SAL31547,Kingsthorpe,QLD,2159.0,58.2,310.0,310.0,310.0
SAL31548,Kingston (Qld),QLD,10506.0,8.71,315.0,315.0,315.0
SAL31549,Kinka Beach,QLD,674.0,8.81,298.0,298.0,298.0
SAL31550,Kinkuna,QLD,105.0,152.17,200.0,200.0,200.0
SAL31551,Kinleymore,QLD,69.0,59.78,210.0,210.0,210.0
SAL31552,Kinnoul,QLD,80.0,1003.33,145.0,145.0,145.0
SAL31553,Kioma,QLD,32.0,389.82,44.0,44.0,44.0
SAL31554,Kippa-Ring,QLD,9745.0,7.07,350.0,350.0,350.0
SAL31555,Kirknie,QLD,70.0,446.77,113.0,113.0,113.0
SAL31556,Kirkwood,QLD,2513.0,10.16,350.0,350.0,350.0
SAL31557,Kirrama,QLD,3.0,909.07,90.0,90.0,90.0
SAL31558,Kirwan,QLD,20780.0,13.22,325.0,325.0,325.0
SAL31559,Kitoba,QLD,17.0,41.35,175.0,175.0,175.0
SAL31560,Kleinton,QLD,2205.0,16.92,408.0,408.0,408.0
SAL31561,Knapp Creek,QLD,59.0,109.76,200.0,200.0,200.0
SAL31562,Koah,QLD,676.0,247.52,288.0,288.0,288.0
SAL31563,Kobble Creek,QLD,654.0,66.86,500.0,500.0,500.0
SAL31564,Kogan,QLD,211.0,791.89,240.0,240.0,240.0
SAL31565,Kokotungo,QLD,89.0,942.3,250.0,250.0,250.0
SAL31566,Kolonga,QLD,33.0,176.63,270.0,270.0,270.0
SAL31567,Koombooloomba,QLD,0.0,840.75,0.0,0.0,0.0
SAL31568,Koongal,QLD,4252.0,4.29,260.0,260.0,260.0
SAL31569,Kooralbyn,QLD,1697.0,112.76,250.0,250.0,250.0
SAL31570,Kooralgin,QLD,47.0,76.28,200.0,200.0,200.0
SAL31571,Kooringal (Qld),QLD,43.0,0.2,0.0,0.0,0.0
SAL31572,Kooroomool,QLD,0.0,281.06,0.0,0.0,0.0
SAL31573,Kooroongarra,QLD,45.0,150.56,0.0,0.0,0.0
SAL31574,Koumala,QLD,772.0,969.84,250.0,250.0,250.0
SAL31575,Kowanyama,QLD,1079.0,2762.92,115.0,115.0,115.0
SAL31576,Kowguran,QLD,62.0,216.74,200.0,200.0,200.0
SAL31577,Kragra,QLD,26.0,749.13,0.0,0.0,0.0
SAL31578,Kulangoor,QLD,455.0,8.11,250.0,250.0,250.0
SAL31579,Kulgun,QLD,104.0,5.95,350.0,350.0,350.0
SAL31580,Kullogum,QLD,120.0,275.55,0.0,0.0,0.0
SAL31581,Kulpi,QLD,77.0,30.04,306.0,306.0,306.0
SAL31582,Kuluin,QLD,2700.0,2.4,450.0,450.0,450.0
SAL31583,Kumbarilla,QLD,223.0,316.29,241.0,241.0,241.0
SAL31584,Kumbia,QLD,301.0,87.49,200.0,200.0,200.0
SAL31585,Kunda Park,QLD,22.0,3.49,302.0,302.0,302.0
SAL31586,Kunioon,QLD,28.0,36.75,170.0,170.0,170.0
SAL31587,Kunwarara,QLD,69.0,787.65,270.0,270.0,270.0
SAL31588,Kuraby,QLD,8737.0,5.99,400.0,400.0,400.0
SAL31589,Kuranda,QLD,3273.0,121.65,260.0,260.0,260.0
SAL31590,Kureelpa,QLD,968.0,23.89,478.0,478.0,478.0
SAL31591,Kureen,QLD,158.0,11.38,300.0,300.0,300.0
SAL31592,Kuridala,QLD,38.0,6760.92,250.0,250.0,250.0
SAL31593,Kurrimine Beach,QLD,742.0,43.05,260.0,260.0,260.0
SAL31594,Kurrowah,QLD,10.0,364.58,192.0,192.0,192.0
SAL31595,Kurumbul,QLD,36.0,337.04,280.0,280.0,280.0
SAL31596,Kurwongbah,QLD,1552.0,56.1,365.0,365.0,365.0
SAL31597,Kuttabul,QLD,707.0,147.03,200.0,200.0,200.0
SAL31598,Kybong,QLD,363.0,45.18,238.0,238.0,238.0
SAL31599,Kynuna,QLD,52.0,9803.15,90.0,90.0,90.0
SAL31600,Kyoomba,QLD,83.0,11.11,245.0,245.0,245.0
SAL31601,Labrador,QLD,18643.0,6.43,380.0,380.0,380.0
SAL31602,Laceys Creek,QLD,280.0,103.14,295.0,295.0,295.0
SAL31603,Laglan,QLD,21.0,2789.39,0.0,0.0,0.0
SAL31604,Lagoon Pocket,QLD,170.0,8.82,400.0,400.0,400.0
SAL31605,Laguna Quays,QLD,89.0,25.59,210.0,210.0,210.0
SAL31606,Laidley,QLD,3809.0,22.38,300.0,300.0,300.0
SAL31607,Laidley Creek West,QLD,143.0,14.01,270.0,270.0,270.0
SAL31608,Laidley Heights,QLD,1429.0,20.63,345.0,345.0,345.0
SAL31609,Laidley North,QLD,593.0,19.61,320.0,320.0,320.0
SAL31610,Laidley South,QLD,293.0,25.74,310.0,310.0,310.0
SAL31611,Lake Barrine,QLD,170.0,18.73,350.0,350.0,350.0
SAL31612,Lake Borumba,QLD,12.0,204.58,225.0,225.0,225.0
SAL31613,Lake Clarendon,QLD,294.0,30.54,280.0,280.0,280.0
SAL31614,Lake Eacham,QLD,459.0,30.95,200.0,200.0,200.0
SAL31615,Lake Macdonald,QLD,1352.0,33.37,420.0,420.0,420.0
SAL31616,Lake Manchester,QLD,17.0,119.88,0.0,0.0,0.0
SAL31617,Lake Mary,QLD,96.0,55.9,750.0,750.0,750.0
SAL31618,Lake Monduran,QLD,0.0,103.63,0.0,0.0,0.0
SAL31619,Lake Proserpine,QLD,6.0,307.0,80.0,80.0,80.0
SAL31620,Lake Tinaroo,QLD,3.0,36.18,0.0,0.0,0.0
SAL31621,Lake Wivenhoe,QLD,5.0,257.25,350.0,350.0,350.0
SAL31622,Lakefield,QLD,21.0,8309.81,0.0,0.0,0.0
SAL31623,Lakeland,QLD,333.0,5159.6,250.0,250.0,250.0
SAL31624,Lakes Creek,QLD,633.0,15.75,250.0,250.0,250.0
SAL31625,Lakeside,QLD,69.0,128.1,225.0,225.0,225.0
SAL31626,Lamb Island,QLD,504.0,1.77,240.0,240.0,240.0
SAL31627,Lamb Range,QLD,7.0,240.25,0.0,0.0,0.0
SAL31628,Lamington (Qld),QLD,89.0,73.99,326.0,326.0,326.0
SAL31629,Lammermoor,QLD,2551.0,5.12,400.0,400.0,400.0
SAL31630,Landers Shoot,QLD,308.0,5.65,340.0,340.0,340.0
SAL31631,Landsborough (Qld),QLD,4446.0,75.06,390.0,390.0,390.0
SAL31632,Lanefield,QLD,97.0,21.49,263.0,263.0,263.0
SAL31633,Langlands,QLD,30.0,62.48,200.0,200.0,200.0
SAL31634,Langlo,QLD,34.0,5985.61,0.0,0.0,0.0
SAL31635,Langshaw,QLD,167.0,52.3,290.0,290.0,290.0
SAL31636,Lannercost,QLD,168.0,267.79,193.0,193.0,193.0
SAL31637,Lansdowne (Qld),QLD,36.0,1118.36,75.0,75.0,75.0
SAL31638,Lanskey,QLD,101.0,2.1,188.0,188.0,188.0
SAL31639,Larapinta (Qld),QLD,6.0,7.59,0.0,0.0,0.0
SAL31640,Laravale,QLD,185.0,71.1,313.0,313.0,313.0
SAL31641,Lark Hill,QLD,69.0,5.13,450.0,450.0,450.0
SAL31642,Laura (Qld),QLD,133.0,8385.4,120.0,120.0,120.0
SAL31643,Lavelle,QLD,27.0,26.11,320.0,320.0,320.0
SAL31644,Lawes,QLD,105.0,9.1,250.0,250.0,250.0
SAL31645,Lawgi Dawes,QLD,138.0,694.06,200.0,200.0,200.0
SAL31646,Lawn Hill,QLD,63.0,16359.15,0.0,0.0,0.0
SAL31647,Lawnton,QLD,5905.0,10.33,320.0,320.0,320.0
SAL31648,Leafdale,QLD,12.0,19.05,95.0,95.0,95.0
SAL31649,Lefthand Branch,QLD,69.0,84.36,275.0,275.0,275.0
SAL31650,Leichhardt (Qld),QLD,4471.0,3.58,280.0,280.0,280.0
SAL31651,Lemontree,QLD,27.0,62.85,188.0,188.0,188.0
SAL31652,Leslie,QLD,12.0,12.71,225.0,225.0,225.0
SAL31653,Leslie Dam,QLD,118.0,138.14,175.0,175.0,175.0
SAL31654,Lethebrook,QLD,51.0,21.87,0.0,0.0,0.0
SAL31655,Leyburn,QLD,566.0,327.32,250.0,250.0,250.0
SAL31656,Leydens Hill,QLD,10.0,5.13,0.0,0.0,0.0
SAL31657,Lilydale (Qld),QLD,77.0,12.57,275.0,275.0,275.0
SAL31658,Lilyvale (Central Highlands - Qld),QLD,58.0,783.72,0.0,0.0,0.0
SAL31659,Lilyvale (Toowoomba - Qld),QLD,45.0,7.79,415.0,415.0,415.0
SAL31660,Limestone (Qld),QLD,16.0,34.57,0.0,0.0,0.0
SAL31661,Limestone Creek,QLD,179.0,27.13,325.0,325.0,325.0
SAL31662,Limestone Ridges,QLD,135.0,17.72,235.0,235.0,235.0
SAL31663,Limevale,QLD,49.0,265.7,300.0,300.0,300.0
SAL31664,Linden (Qld),QLD,5.0,4545.45,0.0,0.0,0.0
SAL31665,Linthorpe,QLD,416.0,138.16,250.0,250.0,250.0
SAL31666,Linville,QLD,133.0,182.65,175.0,175.0,175.0
SAL31667,Little Mountain,QLD,11068.0,9.53,461.0,461.0,461.0
SAL31668,Little Mulgrave,QLD,269.0,20.48,190.0,190.0,190.0
SAL31669,Lizard,QLD,65.0,12.91,0.0,0.0,0.0
SAL31670,Llanarth (Qld),QLD,81.0,5727.38,316.0,316.0,316.0
SAL31671,Loch Lomond,QLD,119.0,89.45,255.0,255.0,255.0
SAL31672,Lochington,QLD,128.0,5436.6,73.0,73.0,73.0
SAL31673,Lockhart River,QLD,640.0,3784.75,125.0,125.0,125.0
SAL31674,Lockrose,QLD,564.0,23.73,300.0,300.0,300.0
SAL31675,Lockyer (Qld),QLD,89.0,22.84,390.0,390.0,390.0
SAL31676,Lockyer Waters,QLD,538.0,21.14,310.0,310.0,310.0
SAL31677,Logan Central,QLD,6210.0,3.66,280.0,280.0,280.0
SAL31678,Logan Reserve,QLD,7016.0,18.72,390.0,390.0,390.0
SAL31679,Logan Village,QLD,5316.0,50.55,455.0,455.0,455.0
SAL31680,Loganholme,QLD,6764.0,11.29,395.0,395.0,395.0
SAL31681,Loganlea,QLD,8716.0,7.09,340.0,340.0,340.0
SAL31682,Lonesome Creek,QLD,173.0,294.86,200.0,200.0,200.0
SAL31683,Long Flat (Qld),QLD,98.0,7.03,350.0,350.0,350.0
SAL31684,Long Pocket,QLD,150.0,49.11,150.0,150.0,150.0
SAL31685,Longreach (Qld),QLD,3124.0,27988.98,200.0,200.0,200.0
SAL31686,Lota,QLD,3518.0,2.53,415.0,415.0,415.0
SAL31687,Lotus Creek,QLD,113.0,2983.63,0.0,0.0,0.0
SAL31688,Low Isles,QLD,8.0,0.34,0.0,0.0,0.0
SAL31689,Lower Beechmont,QLD,1067.0,20.96,410.0,410.0,410.0
SAL31690,Lower Cowley,QLD,55.0,13.32,215.0,215.0,215.0
SAL31691,Lower Cressbrook,QLD,21.0,19.93,100.0,100.0,100.0
SAL31692,Lower Daintree,QLD,83.0,62.94,250.0,250.0,250.0
SAL31693,Lower Mount Walker,QLD,192.0,75.09,210.0,210.0,210.0
SAL31694,Lower Tenthill,QLD,236.0,33.33,240.0,240.0,240.0
SAL31695,Lower Tully,QLD,88.0,45.03,200.0,200.0,200.0
SAL31696,Lower Wonga,QLD,310.0,124.48,273.0,273.0,273.0
SAL31697,Lowesby,QLD,21.0,459.05,0.0,0.0,0.0
SAL31698,Lowestoff,QLD,36.0,343.97,0.0,0.0,0.0
SAL31699,Lowmead,QLD,179.0,404.96,150.0,150.0,150.0
SAL31700,Lowood,QLD,4082.0,34.0,295.0,295.0,295.0
SAL31701,Lucinda,QLD,435.0,32.5,210.0,210.0,210.0
SAL31702,Lumeah (Qld),QLD,11.0,1454.78,0.0,0.0,0.0
SAL31703,Lumholtz,QLD,0.0,482.67,0.0,0.0,0.0
SAL31704,Lundavra,QLD,56.0,713.68,330.0,330.0,330.0
SAL31705,Luscombe,QLD,265.0,21.77,500.0,500.0,500.0
SAL31706,Lutwyche,QLD,4610.0,1.13,395.0,395.0,395.0
SAL31707,Lynam,QLD,8.0,169.35,0.0,0.0,0.0
SAL31708,Lyndhurst (Qld),QLD,11.0,4779.99,0.0,0.0,0.0
SAL31709,Lyndside,QLD,3.0,3109.49,0.0,0.0,0.0
SAL31710,Lyons (Qld),QLD,39.0,56.65,0.0,0.0,0.0
SAL31711,Lyra,QLD,35.0,16.68,125.0,125.0,125.0
SAL31712,Lytton,QLD,3.0,10.84,280.0,280.0,280.0
SAL31713,Ma Ma Creek,QLD,155.0,30.08,270.0,270.0,270.0
SAL31714,Maadi,QLD,49.0,4.2,240.0,240.0,240.0
SAL31715,Maalan,QLD,26.0,26.69,275.0,275.0,275.0
SAL31716,Maaroom,QLD,247.0,17.74,220.0,220.0,220.0
SAL31717,Mabuiag Island,QLD,253.0,6.51,144.0,144.0,144.0
SAL31718,Macalister,QLD,156.0,412.33,250.0,250.0,250.0
SAL31719,Macalister Range,QLD,0.0,24.2,0.0,0.0,0.0
SAL31720,Macfarlane,QLD,17.0,649.59,0.0,0.0,0.0
SAL31721,Macgregor (Qld),QLD,5980.0,3.45,430.0,430.0,430.0
SAL31722,Machans Beach,QLD,943.0,4.48,370.0,370.0,370.0
SAL31723,Machine Creek,QLD,131.0,40.85,200.0,200.0,200.0
SAL31724,Mackay,QLD,4026.0,4.57,270.0,270.0,270.0
SAL31725,Mackay Harbour,QLD,686.0,16.61,500.0,500.0,500.0
SAL31726,Mackenzie (Brisbane - Qld),QLD,2336.0,3.88,500.0,500.0,500.0
SAL31727,Mackenzie (Central Highlands - Qld),QLD,30.0,1129.56,0.0,0.0,0.0
SAL31728,Mackenzie River,QLD,84.0,4025.26,0.0,0.0,0.0
SAL31729,Macknade,QLD,203.0,74.46,100.0,100.0,100.0
SAL31730,Maclagan,QLD,130.0,96.79,188.0,188.0,188.0
SAL31731,Macleay Island,QLD,3193.0,9.24,260.0,260.0,260.0
SAL31732,Magnolia,QLD,115.0,29.77,310.0,310.0,310.0
SAL31733,Maidenhead,QLD,20.0,103.85,0.0,0.0,0.0
SAL31734,Maidenwell,QLD,227.0,92.5,145.0,145.0,145.0
SAL31735,Main Beach,QLD,3998.0,4.45,500.0,500.0,500.0
SAL31736,Majors Creek (Qld),QLD,327.0,224.32,250.0,250.0,250.0
SAL31737,Malanda,QLD,2000.0,48.91,250.0,250.0,250.0
SAL31738,Malarga,QLD,15.0,248.55,0.0,0.0,0.0
SAL31739,Maleny,QLD,3959.0,30.61,390.0,390.0,390.0
SAL31740,Malling,QLD,40.0,27.45,200.0,200.0,200.0
SAL31741,Malmoe,QLD,37.0,68.54,323.0,323.0,323.0
SAL31742,Malpas-Trenton,QLD,5.0,7280.24,0.0,0.0,0.0
SAL31743,Malu,QLD,18.0,31.78,205.0,205.0,205.0
SAL31744,Mamu,QLD,0.0,205.89,0.0,0.0,0.0
SAL31745,Manapouri,QLD,47.0,30.68,150.0,150.0,150.0
SAL31746,Mandalay,QLD,338.0,2.93,380.0,380.0,380.0
SAL31747,Mango Hill,QLD,14921.0,18.44,400.0,400.0,400.0
SAL31748,Manly (Qld),QLD,4273.0,2.75,403.0,403.0,403.0
SAL31749,Manly West,QLD,12436.0,6.54,430.0,430.0,430.0
SAL31750,Mannuem,QLD,87.0,162.89,158.0,158.0,158.0
SAL31751,Manoora (Qld),QLD,6175.0,2.45,270.0,270.0,270.0
SAL31752,Mansfield (Qld),QLD,8851.0,6.23,430.0,430.0,430.0
SAL31753,Mantuan Downs,QLD,23.0,2927.03,0.0,0.0,0.0
SAL31754,Manumbar,QLD,38.0,331.6,165.0,165.0,165.0
SAL31755,Manunda,QLD,5191.0,4.66,259.0,259.0,259.0
SAL31756,Manyung,QLD,83.0,46.76,225.0,225.0,225.0
SAL31757,Mapleton,QLD,1661.0,16.86,350.0,350.0,350.0
SAL31758,Mapoon,QLD,469.0,6838.15,120.0,120.0,120.0
SAL31759,Maramie,QLD,28.0,14482.57,0.0,0.0,0.0
SAL31760,Marburg,QLD,1013.0,32.46,300.0,300.0,300.0
SAL31761,Marcoola,QLD,3355.0,18.35,406.0,406.0,406.0
SAL31762,Marcus Beach,QLD,839.0,5.04,468.0,468.0,468.0
SAL31763,Mareeba,QLD,11825.0,528.24,285.0,285.0,285.0
SAL31764,Margate (Qld),QLD,7575.0,3.34,320.0,320.0,320.0
SAL31765,Maria Creeks,QLD,143.0,21.49,275.0,275.0,275.0
SAL31766,Marian,QLD,4224.0,95.72,400.0,400.0,400.0
SAL31767,Marlborough,QLD,154.0,1645.16,120.0,120.0,120.0
SAL31768,Marmadua,QLD,15.0,757.45,0.0,0.0,0.0
SAL31769,Marmor,QLD,208.0,165.7,200.0,200.0,200.0
SAL31770,Marodian,QLD,4.0,85.51,0.0,0.0,0.0
SAL31771,Maroochy River,QLD,1667.0,32.52,460.0,460.0,460.0
SAL31772,Maroochydore,QLD,20629.0,16.36,410.0,410.0,410.0
SAL31773,Maroon,QLD,152.0,150.27,190.0,190.0,190.0
SAL31774,Maroondan,QLD,346.0,24.65,236.0,236.0,236.0
SAL31775,Marsden,QLD,14795.0,7.84,350.0,350.0,350.0
SAL31776,Marshlands,QLD,23.0,23.39,263.0,263.0,263.0
SAL31777,Martyville,QLD,116.0,4.73,260.0,260.0,260.0
SAL31778,Maryborough (Qld),QLD,15287.0,32.64,250.0,250.0,250.0
SAL31779,Maryborough West,QLD,568.0,9.53,285.0,285.0,285.0
SAL31780,Marys Creek,QLD,86.0,11.53,0.0,0.0,0.0
SAL31781,Maryvale (Livingstone - Qld),QLD,48.0,100.47,0.0,0.0,0.0
SAL31782,Maryvale (Southern Downs - Qld),QLD,392.0,106.11,250.0,250.0,250.0
SAL31783,Masig Island,QLD,283.0,1.63,150.0,150.0,150.0
SAL31784,Massie,QLD,113.0,71.22,255.0,255.0,255.0
SAL31785,Maudsland,QLD,8073.0,18.72,540.0,540.0,540.0
SAL31786,Maxwelton,QLD,32.0,4058.73,0.0,0.0,0.0
SAL31787,May Downs,QLD,93.0,1817.02,350.0,350.0,350.0
SAL31788,Mccutcheon,QLD,34.0,14.83,220.0,220.0,220.0
SAL31789,Mcdesme,QLD,254.0,29.32,200.0,200.0,200.0
SAL31790,Mcdowall,QLD,7612.0,5.47,470.0,470.0,470.0
SAL31791,Mcewens Beach,QLD,159.0,16.72,268.0,268.0,268.0
SAL31792,Mcilwraith,QLD,202.0,28.15,350.0,350.0,350.0
SAL31793,Mcintosh Creek,QLD,173.0,7.95,330.0,330.0,330.0
SAL31794,Mckinlay,QLD,162.0,10241.21,285.0,285.0,285.0
SAL31795,Meadowbrook,QLD,3069.0,7.38,385.0,385.0,385.0
SAL31796,Meadowvale,QLD,434.0,61.7,180.0,180.0,180.0
SAL31797,Meandarra,QLD,244.0,1023.95,120.0,120.0,120.0
SAL31798,Meikleville Hill,QLD,450.0,0.59,300.0,300.0,300.0
SAL31799,Melawondi,QLD,34.0,11.92,308.0,308.0,308.0
SAL31800,Meldale,QLD,230.0,7.06,350.0,350.0,350.0
SAL31801,Melrose (Qld),QLD,39.0,206.54,175.0,175.0,175.0
SAL31802,Memerambi,QLD,338.0,39.12,280.0,280.0,280.0
SAL31803,Mena Creek,QLD,210.0,27.17,250.0,250.0,250.0
SAL31804,Mentmore,QLD,0.0,165.91,0.0,0.0,0.0
SAL31805,Menzies (Qld),QLD,824.0,1.19,250.0,250.0,250.0
SAL31806,Mer Island,QLD,406.0,4.22,150.0,150.0,150.0
SAL31807,Meridan Plains,QLD,4589.0,24.87,460.0,460.0,460.0
SAL31808,Meringandan,QLD,530.0,32.08,363.0,363.0,363.0
SAL31809,Meringandan West,QLD,2488.0,21.23,400.0,400.0,400.0
SAL31810,Merlwood,QLD,104.0,28.91,215.0,215.0,215.0
SAL31811,Mermaid Beach,QLD,7329.0,1.97,460.0,460.0,460.0
SAL31812,Mermaid Waters,QLD,13088.0,9.11,450.0,450.0,450.0
SAL31813,Merrimac,QLD,7212.0,12.45,463.0,463.0,463.0
SAL31814,Merritts Creek,QLD,102.0,17.36,485.0,485.0,485.0
SAL31815,Merryburn,QLD,189.0,5.38,285.0,285.0,285.0
SAL31816,Merryvale,QLD,32.0,12.52,0.0,0.0,0.0
SAL31817,Mia Mia (Qld),QLD,118.0,29.51,150.0,150.0,150.0
SAL31818,Miallo,QLD,406.0,30.56,278.0,278.0,278.0
SAL31819,Miami,QLD,7445.0,3.86,470.0,470.0,470.0
SAL31820,Miara,QLD,28.0,57.9,50.0,50.0,50.0
SAL31821,Mica Creek,QLD,182.0,2.66,350.0,350.0,350.0
SAL31822,Middle Park (Qld),QLD,3845.0,1.85,450.0,450.0,450.0
SAL31823,Middle Ridge,QLD,7595.0,11.1,420.0,420.0,420.0
SAL31824,Middlebrook,QLD,62.0,24.92,205.0,205.0,205.0
SAL31825,Middlemount,QLD,1899.0,607.45,54.0,54.0,54.0
SAL31826,Middleton (Qld),QLD,45.0,22097.63,250.0,250.0,250.0
SAL31827,Midge Point,QLD,435.0,34.45,235.0,235.0,235.0
SAL31828,Midgee (Qld),QLD,90.0,169.65,210.0,210.0,210.0
SAL31829,Midgenoo,QLD,76.0,8.31,260.0,260.0,260.0
SAL31830,Midgeree Bar,QLD,75.0,13.19,290.0,290.0,290.0
SAL31831,Mighell,QLD,363.0,4.59,218.0,218.0,218.0
SAL31832,Milbong,QLD,190.0,31.61,270.0,270.0,270.0
SAL31833,Miles,QLD,1874.0,542.94,200.0,200.0,200.0
SAL31834,Miles End,QLD,280.0,1.04,350.0,350.0,350.0
SAL31835,Milford,QLD,190.0,23.57,300.0,300.0,300.0
SAL31836,Millaa Millaa,QLD,523.0,68.0,227.0,227.0,227.0
SAL31837,Millaroo,QLD,86.0,65.74,73.0,73.0,73.0
SAL31838,Millbank (Qld),QLD,2499.0,4.17,270.0,270.0,270.0
SAL31839,Millchester,QLD,543.0,5.6,250.0,250.0,250.0
SAL31840,Millmerran,QLD,1545.0,184.5,240.0,240.0,240.0
SAL31841,Millmerran Downs,QLD,103.0,10.85,295.0,295.0,295.0
SAL31842,Millmerran Woods,QLD,152.0,24.87,233.0,233.0,233.0
SAL31843,Millstream (Qld),QLD,981.0,216.27,253.0,253.0,253.0
SAL31844,Millwood,QLD,22.0,47.63,100.0,100.0,100.0
SAL31845,Milman,QLD,122.0,79.94,300.0,300.0,300.0
SAL31846,Milora,QLD,136.0,17.23,350.0,350.0,350.0
SAL31847,Milton (Qld),QLD,3144.0,1.45,435.0,435.0,435.0
SAL31848,Mimosa (Qld),QLD,23.0,1419.21,0.0,0.0,0.0
SAL31849,Min Min,QLD,5.0,4405.33,0.0,0.0,0.0
SAL31850,Minbun,QLD,60.0,38.85,230.0,230.0,230.0
SAL31851,Minden,QLD,1227.0,28.17,350.0,350.0,350.0
SAL31852,Minerva,QLD,55.0,1125.43,250.0,250.0,250.0
SAL31853,Mingela,QLD,14.0,444.79,0.0,0.0,0.0
SAL31854,Mingo,QLD,12.0,293.13,0.0,0.0,0.0
SAL31855,Mingoola (Qld),QLD,14.0,101.65,150.0,150.0,150.0
SAL31856,Minnamoolka,QLD,27.0,3061.94,0.0,0.0,0.0
SAL31857,Minnie Downs,QLD,12.0,1144.3,0.0,0.0,0.0
SAL31858,Minyama,QLD,2726.0,2.66,473.0,473.0,473.0
SAL31859,Mirani,QLD,1806.0,59.92,325.0,325.0,325.0
SAL31860,Miriam Vale,QLD,493.0,52.74,195.0,195.0,195.0
SAL31861,Mirriwinni,QLD,492.0,51.65,245.0,245.0,245.0
SAL31862,Missen Flat,QLD,21.0,15.07,0.0,0.0,0.0
SAL31863,Mission Beach,QLD,1014.0,10.68,350.0,350.0,350.0
SAL31864,Mission River,QLD,974.0,5707.53,121.0,121.0,121.0
SAL31865,Mitchell (Qld),QLD,995.0,755.44,170.0,170.0,170.0
SAL31866,Mitchelton,QLD,9244.0,5.47,400.0,400.0,400.0
SAL31867,Miva,QLD,55.0,84.88,360.0,360.0,360.0
SAL31868,Moa Island,QLD,432.0,177.36,120.0,120.0,120.0
SAL31869,Moffat Beach,QLD,2691.0,1.74,400.0,400.0,400.0
SAL31870,Moffatdale,QLD,257.0,65.78,230.0,230.0,230.0
SAL31871,Moggill,QLD,5029.0,14.88,460.0,460.0,460.0
SAL31872,Molangul,QLD,3.0,226.5,0.0,0.0,0.0
SAL31873,Molendinar,QLD,6450.0,9.85,450.0,450.0,450.0
SAL31874,Mon Repos,QLD,24.0,7.57,0.0,0.0,0.0
SAL31875,Mona Mona,QLD,29.0,241.14,90.0,90.0,90.0
SAL31876,Mona Park,QLD,97.0,117.56,150.0,150.0,150.0
SAL31877,Monal,QLD,34.0,401.09,0.0,0.0,0.0
SAL31878,Monarch Glen,QLD,0.0,12.39,0.0,0.0,0.0
SAL31879,Monduran,QLD,84.0,345.58,0.0,0.0,0.0
SAL31880,Mondure,QLD,102.0,29.69,65.0,65.0,65.0
SAL31881,Monkland,QLD,1135.0,5.86,280.0,280.0,280.0
SAL31882,Monogorilby,QLD,33.0,287.67,50.0,50.0,50.0
SAL31883,Mons,QLD,1179.0,5.82,575.0,575.0,575.0
SAL31884,Monsildale,QLD,18.0,413.8,0.0,0.0,0.0
SAL31885,Monto,QLD,1156.0,72.18,170.0,170.0,170.0
SAL31886,Montrose (Southern Downs - Qld),QLD,0.0,17.89,0.0,0.0,0.0
SAL31887,Montrose (Western Downs - Qld),QLD,49.0,214.08,150.0,150.0,150.0
SAL31888,Montville,QLD,1092.0,22.77,375.0,375.0,375.0
SAL31889,Moodlu,QLD,285.0,5.82,310.0,310.0,310.0
SAL31890,Mooga,QLD,30.0,403.27,100.0,100.0,100.0
SAL31891,Moogerah,QLD,242.0,198.31,250.0,250.0,250.0
SAL31892,Moola,QLD,218.0,260.94,200.0,200.0,200.0
SAL31893,Moolboolaman,QLD,487.0,154.0,275.0,275.0,275.0
SAL31894,Mooloo,QLD,171.0,29.15,275.0,275.0,275.0
SAL31895,Mooloolaba,QLD,8202.0,5.03,400.0,400.0,400.0
SAL31896,Mooloolah Valley,QLD,3629.0,23.25,420.0,420.0,420.0
SAL31897,Moombra,QLD,9.0,67.72,0.0,0.0,0.0
SAL31898,Moomin,QLD,191.0,34.03,270.0,270.0,270.0
SAL31899,Moondooner,QLD,45.0,23.88,270.0,270.0,270.0
SAL31900,Moonford,QLD,162.0,268.07,190.0,190.0,190.0
SAL31901,Moongan,QLD,120.0,4.55,133.0,133.0,133.0
SAL31902,Moonie,QLD,182.0,2496.43,200.0,200.0,200.0
SAL31903,Moorang,QLD,47.0,71.19,200.0,200.0,200.0
SAL31904,Moore,QLD,286.0,223.1,213.0,213.0,213.0
SAL31905,Moore Park Beach,QLD,2890.0,72.45,310.0,310.0,310.0
SAL31906,Moores Pocket,QLD,772.0,1.17,225.0,225.0,225.0
SAL31907,Moorina (Qld),QLD,403.0,18.75,370.0,370.0,370.0
SAL31908,Moorland (Qld),QLD,284.0,57.6,190.0,190.0,190.0
SAL31909,Mooroobool,QLD,7136.0,5.06,330.0,330.0,330.0
SAL31910,Moorooka,QLD,10783.0,5.19,360.0,360.0,360.0
SAL31911,Moraby,QLD,43.0,619.83,160.0,160.0,160.0
SAL31912,Moranbah,QLD,9425.0,3558.56,111.0,111.0,111.0
SAL31913,Morayfield,QLD,24898.0,56.43,345.0,345.0,345.0
SAL31914,Moregatta,QLD,62.0,20.09,240.0,240.0,240.0
SAL31915,Moresby (Qld),QLD,150.0,14.92,250.0,250.0,250.0
SAL31916,Moreton Bay,QLD,0.0,32.99,0.0,0.0,0.0
SAL31917,Moreton Island,QLD,180.0,219.15,210.0,210.0,210.0
SAL31918,Morgan Park,QLD,98.0,17.74,300.0,300.0,300.0
SAL31919,Morganville,QLD,118.0,83.7,225.0,225.0,225.0
SAL31920,Morinish,QLD,62.0,900.27,0.0,0.0,0.0
SAL31921,Morinish South,QLD,13.0,437.44,0.0,0.0,0.0
SAL31922,Morningside,QLD,11755.0,6.57,430.0,430.0,430.0
SAL31923,Mornington (Qld),QLD,1846.0,1.13,245.0,245.0,245.0
SAL31924,Morton Vale,QLD,114.0,19.34,300.0,300.0,300.0
SAL31925,Morven (Qld),QLD,184.0,2603.65,110.0,110.0,110.0
SAL31926,Morwincha,QLD,35.0,4.83,350.0,350.0,350.0
SAL31927,Mosman Park (Qld),QLD,342.0,2.97,200.0,200.0,200.0
SAL31928,Mosquito Creek,QLD,8.0,299.22,0.0,0.0,0.0
SAL31929,Mossman,QLD,1935.0,13.19,250.0,250.0,250.0
SAL31930,Mossman Gorge,QLD,248.0,7.36,180.0,180.0,180.0
SAL31931,Mothar Mountain,QLD,563.0,71.47,315.0,315.0,315.0
SAL31932,Motley,QLD,10.0,7.71,0.0,0.0,0.0
SAL31933,Mount Abundance,QLD,178.0,2087.16,241.0,241.0,241.0
SAL31934,Mount Alford,QLD,294.0,51.72,280.0,280.0,280.0
SAL31935,Mount Alma,QLD,59.0,980.47,150.0,150.0,150.0
SAL31936,Mount Archer (Rockhampton - Qld),QLD,77.0,28.21,500.0,500.0,500.0
SAL31937,Mount Archer (Somerset - Qld),QLD,331.0,63.93,320.0,320.0,320.0
SAL31938,Mount Barney,QLD,46.0,107.08,175.0,175.0,175.0
SAL31939,Mount Beppo,QLD,251.0,62.55,300.0,300.0,300.0
SAL31940,Mount Berryman,QLD,96.0,34.4,228.0,228.0,228.0
SAL31941,Mount Bindango,QLD,26.0,403.13,250.0,250.0,250.0
SAL31942,Mount Binga,QLD,86.0,114.99,250.0,250.0,250.0
SAL31943,Mount Britton,QLD,4.0,463.41,0.0,0.0,0.0
SAL31944,Mount Byron,QLD,21.0,188.75,177.0,177.0,177.0
SAL31945,Mount Carbine,QLD,94.0,1080.83,200.0,200.0,200.0
SAL31946,Mount Chalmers,QLD,226.0,39.7,355.0,355.0,355.0
SAL31947,Mount Charlton,QLD,151.0,139.73,180.0,180.0,180.0
SAL31948,Mount Colliery,QLD,117.0,139.21,175.0,175.0,175.0
SAL31949,Mount Coolon,QLD,172.0,7039.41,0.0,0.0,0.0
SAL31950,Mount Coolum,QLD,4545.0,6.27,450.0,450.0,450.0
SAL31951,Mount Coot-Tha,QLD,0.0,18.63,0.0,0.0,0.0
SAL31952,Mount Cotton,QLD,7302.0,54.57,475.0,475.0,475.0
SAL31953,Mount Crosby,QLD,1860.0,19.52,478.0,478.0,478.0
SAL31954,Mount Darry,QLD,46.0,51.6,175.0,175.0,175.0
SAL31955,Mount Debateable,QLD,40.0,26.55,110.0,110.0,110.0
SAL31956,Mount Delaney,QLD,80.0,18.86,250.0,250.0,250.0
SAL31957,Mount Edwards,QLD,60.0,18.66,260.0,260.0,260.0
SAL31958,Mount Elliot (Qld),QLD,0.0,300.84,0.0,0.0,0.0
SAL31959,Mount Emlyn,QLD,11.0,31.1,180.0,180.0,180.0
SAL31960,Mount Enniskillen,QLD,44.0,1314.13,0.0,0.0,0.0
SAL31961,Mount Forbes,QLD,262.0,50.68,380.0,380.0,380.0
SAL31962,Mount Fox,QLD,84.0,155.66,88.0,88.0,88.0
SAL31963,Mount French,QLD,105.0,21.49,225.0,225.0,225.0
SAL31964,Mount Gardiner,QLD,19.0,701.71,0.0,0.0,0.0
SAL31965,Mount Garnet,QLD,532.0,494.9,185.0,185.0,185.0
SAL31966,Mount Gipps,QLD,12.0,20.15,0.0,0.0,0.0
SAL31967,Mount Glorious,QLD,343.0,26.16,363.0,363.0,363.0
SAL31968,Mount Gravatt,QLD,3733.0,3.74,380.0,380.0,380.0
SAL31969,Mount Gravatt East,QLD,12428.0,5.89,400.0,400.0,400.0
SAL31970,Mount Hallen,QLD,457.0,66.82,333.0,333.0,333.0
SAL31971,Mount Howe,QLD,20.0,1252.77,0.0,0.0,0.0
SAL31972,Mount Hutton (Qld),QLD,32.0,485.22,0.0,0.0,0.0
SAL31973,Mount Irving,QLD,34.0,22.0,239.0,239.0,239.0
SAL31974,Mount Isa,QLD,172.0,7981.32,175.0,175.0,175.0
SAL31975,Mount Isa City,QLD,170.0,0.56,110.0,110.0,110.0
SAL31976,Mount Jukes,QLD,373.0,87.26,300.0,300.0,300.0
SAL31977,Mount Julian,QLD,477.0,9.1,360.0,360.0,360.0
SAL31978,Mount Kelly,QLD,291.0,53.03,315.0,315.0,315.0
SAL31979,Mount Kilcoy,QLD,277.0,95.68,310.0,310.0,310.0
SAL31980,Mount Kynoch,QLD,271.0,4.28,350.0,350.0,350.0
SAL31981,Mount Larcom,QLD,332.0,101.14,190.0,190.0,190.0
SAL31982,Mount Lawless,QLD,9.0,15.2,275.0,275.0,275.0
SAL31983,Mount Lindesay (Qld),QLD,14.0,22.14,250.0,250.0,250.0
SAL31984,Mount Lofty,QLD,3825.0,12.38,340.0,340.0,340.0
SAL31985,Mount Louisa,QLD,9227.0,11.25,350.0,350.0,350.0
SAL31986,Mount Low,QLD,5488.0,9.11,370.0,370.0,370.0
SAL31987,Mount Luke,QLD,51.0,11.39,295.0,295.0,295.0
SAL31988,Mount Macarthur,QLD,31.0,245.15,0.0,0.0,0.0
SAL31989,Mount Mackay,QLD,0.0,41.86,0.0,0.0,0.0
SAL31990,Mount Maria,QLD,225.0,121.12,263.0,263.0,263.0
SAL31991,Mount Marlow,QLD,161.0,9.82,375.0,375.0,375.0
SAL31992,Mount Marrow,QLD,182.0,10.57,438.0,438.0,438.0
SAL31993,Mount Marshall,QLD,229.0,32.08,279.0,279.0,279.0
SAL31994,Mount Martin,QLD,191.0,46.63,200.0,200.0,200.0
SAL31995,Mount Mceuen,QLD,34.0,34.25,120.0,120.0,120.0
SAL31996,Mount Mee,QLD,519.0,98.18,305.0,305.0,305.0
SAL31997,Mount Mellum,QLD,457.0,12.76,420.0,420.0,420.0
SAL31998,Mount Moffatt,QLD,14.0,2600.83,0.0,0.0,0.0
SAL31999,Mount Molar,QLD,117.0,48.01,270.0,270.0,270.0
SAL32000,Mount Molloy,QLD,266.0,277.17,250.0,250.0,250.0
SAL32001,Mount Morgan,QLD,2018.0,14.51,200.0,200.0,200.0
SAL32002,Mount Moriah,QLD,9.0,33.67,0.0,0.0,0.0
SAL32003,Mount Mort,QLD,78.0,130.87,265.0,265.0,265.0
SAL32004,Mount Mulgrave,QLD,11.0,1531.57,0.0,0.0,0.0
SAL32005,Mount Mulligan,QLD,4.0,1660.76,0.0,0.0,0.0
SAL32006,Mount Murchison,QLD,128.0,91.56,300.0,300.0,300.0
SAL32007,Mount Nathan,QLD,1375.0,18.76,600.0,600.0,600.0
SAL32008,Mount Nebo,QLD,430.0,16.91,288.0,288.0,288.0
SAL32009,Mount Ommaney,QLD,2503.0,2.89,540.0,540.0,540.0
SAL32010,Mount Ossa,QLD,250.0,146.24,228.0,228.0,228.0
SAL32011,Mount Pelion,QLD,90.0,70.37,250.0,250.0,250.0
SAL32012,Mount Perry,QLD,487.0,746.55,196.0,196.0,196.0
SAL32013,Mount Peter,QLD,689.0,19.99,450.0,450.0,450.0
SAL32014,Mount Pleasant (Mackay - Qld),QLD,4694.0,4.4,390.0,390.0,390.0
SAL32015,Mount Pleasant (Moreton Bay - Qld),QLD,390.0,47.06,400.0,400.0,400.0
SAL32016,Mount Pluto,QLD,8.0,126.0,0.0,0.0,0.0
SAL32017,Mount Rascal,QLD,393.0,9.14,320.0,320.0,320.0
SAL32018,Mount Rooper,QLD,0.0,16.75,0.0,0.0,0.0
SAL32019,Mount Samson,QLD,625.0,23.39,435.0,435.0,435.0
SAL32020,Mount Sheridan (Qld),QLD,8678.0,7.41,390.0,390.0,390.0
SAL32021,Mount St John,QLD,103.0,6.77,205.0,205.0,205.0
SAL32022,Mount Stanley,QLD,11.0,485.49,330.0,330.0,330.0
SAL32023,Mount Steadman,QLD,5.0,48.19,0.0,0.0,0.0
SAL32024,Mount Stuart (Qld),QLD,95.0,79.24,0.0,0.0,0.0
SAL32025,Mount Sturt,QLD,14.0,11.98,400.0,400.0,400.0
SAL32026,Mount Surprise,QLD,138.0,4026.29,150.0,150.0,150.0
SAL32027,Mount Surround,QLD,130.0,41.07,200.0,200.0,200.0
SAL32028,Mount Sylvia,QLD,70.0,52.67,250.0,250.0,250.0
SAL32029,Mount Tabor,QLD,19.0,4.14,0.0,0.0,0.0
SAL32030,Mount Tarampa,QLD,501.0,39.27,340.0,340.0,340.0
SAL32031,Mount Tom,QLD,44.0,333.4,250.0,250.0,250.0
SAL32032,Mount Tully,QLD,117.0,30.85,255.0,255.0,255.0
SAL32033,Mount Tyson,QLD,280.0,99.13,240.0,240.0,240.0
SAL32034,Mount Urah,QLD,49.0,199.72,205.0,205.0,205.0
SAL32035,Mount Walker (Qld),QLD,129.0,42.88,330.0,330.0,330.0
SAL32036,Mount Walker West,QLD,31.0,23.78,250.0,250.0,250.0
SAL32037,Mount Warren Park,QLD,5736.0,5.36,340.0,340.0,340.0
SAL32038,Mount Whitestone,QLD,129.0,64.69,250.0,250.0,250.0
SAL32039,Mount Wyatt,QLD,34.0,3920.46,200.0,200.0,200.0
SAL32040,Mountain Camp,QLD,24.0,11.55,0.0,0.0,0.0
SAL32041,Mountain Creek (Qld),QLD,11950.0,9.27,500.0,500.0,500.0
SAL32042,Moura,QLD,1993.0,495.2,225.0,225.0,225.0
SAL32043,Mourilyan,QLD,509.0,25.17,250.0,250.0,250.0
SAL32044,Mourilyan Harbour,QLD,142.0,23.07,250.0,250.0,250.0
SAL32045,Mowbray (Qld),QLD,362.0,84.84,300.0,300.0,300.0
SAL32046,Mowbullan,QLD,12.0,6.34,60.0,60.0,60.0
SAL32047,Moy Pocket,QLD,120.0,22.73,300.0,300.0,300.0
SAL32048,Mp Creek,QLD,29.0,50.14,330.0,330.0,330.0
SAL32049,Muckadilla,QLD,38.0,303.84,250.0,250.0,250.0
SAL32050,Mudgeeraba,QLD,14578.0,33.81,500.0,500.0,500.0
SAL32051,Mudjimba,QLD,2664.0,4.24,460.0,460.0,460.0
SAL32052,Mudlo,QLD,3.0,202.96,0.0,0.0,0.0
SAL32053,Muirlea,QLD,174.0,8.78,408.0,408.0,408.0
SAL32054,Mulambin,QLD,917.0,1.84,420.0,420.0,420.0
SAL32055,Mulara,QLD,93.0,69.12,510.0,510.0,510.0
SAL32056,Muldu,QLD,0.0,24.13,0.0,0.0,0.0
SAL32057,Mulgildie,QLD,147.0,75.24,150.0,150.0,150.0
SAL32058,Mulgowie,QLD,166.0,54.15,288.0,288.0,288.0
SAL32059,Mulgrave (Qld),QLD,19.0,933.6,280.0,280.0,280.0
SAL32060,Mullett Creek,QLD,67.0,114.45,250.0,250.0,250.0
SAL32061,Munbilla,QLD,93.0,14.62,0.0,0.0,0.0
SAL32062,Munbura,QLD,89.0,39.16,225.0,225.0,225.0
SAL32063,Munderra,QLD,6.0,456.01,0.0,0.0,0.0
SAL32064,Mundingburra,QLD,3594.0,2.89,270.0,270.0,270.0
SAL32065,Mundoo,QLD,197.0,4.83,280.0,280.0,280.0
SAL32066,Mundoolun,QLD,1836.0,55.51,560.0,560.0,560.0
SAL32067,Mundowran,QLD,119.0,125.67,170.0,170.0,170.0
SAL32068,Mundubbera,QLD,1120.0,44.5,220.0,220.0,220.0
SAL32069,Mungabunda,QLD,91.0,2152.99,0.0,0.0,0.0
SAL32070,Mungallala,QLD,85.0,565.55,110.0,110.0,110.0
SAL32071,Mungallala South,QLD,38.0,2981.18,0.0,0.0,0.0
SAL32072,Mungalli,QLD,40.0,20.74,200.0,200.0,200.0
SAL32073,Mungar,QLD,328.0,18.75,250.0,250.0,250.0
SAL32074,Mungindi (Qld),QLD,124.0,1415.75,180.0,180.0,180.0
SAL32075,Mungungo,QLD,84.0,124.67,108.0,108.0,108.0
SAL32076,Mungy,QLD,3.0,440.45,0.0,0.0,0.0
SAL32077,Muniganeen,QLD,40.0,23.3,113.0,113.0,113.0
SAL32078,Munna Creek,QLD,22.0,50.9,200.0,200.0,200.0
SAL32079,Munro Plains,QLD,74.0,112.74,235.0,235.0,235.0
SAL32080,Munruben,QLD,2753.0,16.06,460.0,460.0,460.0
SAL32081,Murarrie,QLD,4946.0,10.78,450.0,450.0,450.0
SAL32082,Murgon,QLD,2220.0,81.28,220.0,220.0,220.0
SAL32083,Murphys Creek (Qld),QLD,633.0,63.84,290.0,290.0,290.0
SAL32084,Murray,QLD,1739.0,13.63,107.0,107.0,107.0
SAL32085,Murray Upper,QLD,218.0,286.61,150.0,150.0,150.0
SAL32086,Murrays Bridge,QLD,106.0,60.88,150.0,150.0,150.0
SAL32087,Murrigal,QLD,106.0,45.5,260.0,260.0,260.0
SAL32088,Murrumba,QLD,11.0,10.14,260.0,260.0,260.0
SAL32089,Murrumba Downs,QLD,10795.0,8.19,360.0,360.0,360.0
SAL32090,Murweh,QLD,9.0,877.57,0.0,0.0,0.0
SAL32091,Mutarnee,QLD,120.0,67.43,380.0,380.0,380.0
SAL32092,Mutchilba,QLD,627.0,456.22,250.0,250.0,250.0
SAL32093,Mutdapilly,QLD,308.0,56.04,300.0,300.0,300.0
SAL32094,Muttaburra,QLD,158.0,8537.27,80.0,80.0,80.0
SAL32095,Myall Park (Qld),QLD,17.0,59.0,0.0,0.0,0.0
SAL32096,Myrtlevale,QLD,205.0,32.72,295.0,295.0,295.0
SAL32097,Mysterton,QLD,793.0,0.66,298.0,298.0,298.0
SAL32098,Nahrunda,QLD,192.0,2.2,350.0,350.0,350.0
SAL32099,Nambour,QLD,12145.0,13.63,340.0,340.0,340.0
SAL32100,Nanango,QLD,3679.0,39.3,220.0,220.0,220.0
SAL32101,Nandi,QLD,105.0,191.94,265.0,265.0,265.0
SAL32102,Nandowrie,QLD,31.0,844.42,0.0,0.0,0.0
SAL32103,Nangram,QLD,6.0,128.94,0.0,0.0,0.0
SAL32104,Nangwee,QLD,65.0,89.95,125.0,125.0,125.0
SAL32105,Nankin,QLD,176.0,235.17,225.0,225.0,225.0
SAL32106,Nanum,QLD,904.0,2.39,530.0,530.0,530.0
SAL32107,Narangba,QLD,20910.0,52.95,415.0,415.0,415.0
SAL32108,Narko,QLD,16.0,45.7,140.0,140.0,140.0
SAL32109,Nathan,QLD,1085.0,6.73,300.0,300.0,300.0
SAL32110,Natural Bridge,QLD,90.0,54.45,229.0,229.0,229.0
SAL32111,Nearum,QLD,24.0,104.67,0.0,0.0,0.0
SAL32112,Nebine,QLD,29.0,5885.36,0.0,0.0,0.0
SAL32113,Nebo,QLD,857.0,1020.2,279.0,279.0,279.0
SAL32114,Neerdie,QLD,111.0,136.24,200.0,200.0,200.0
SAL32115,Nelly Bay,QLD,1213.0,5.26,300.0,300.0,300.0
SAL32116,Nerada,QLD,88.0,35.64,175.0,175.0,175.0
SAL32117,Nerang,QLD,17048.0,45.56,390.0,390.0,390.0
SAL32118,Neranwood,QLD,79.0,1.37,720.0,720.0,720.0
SAL32119,Nerimbera,QLD,285.0,55.57,268.0,268.0,268.0
SAL32120,Netherby (Qld),QLD,25.0,52.26,0.0,0.0,0.0
SAL32121,Netherdale,QLD,121.0,54.87,220.0,220.0,220.0
SAL32122,Neumgna,QLD,18.0,98.8,0.0,0.0,0.0
SAL32123,Neurum,QLD,178.0,44.44,350.0,350.0,350.0
SAL32124,Neusa Vale,QLD,54.0,13.14,260.0,260.0,260.0
SAL32125,Nevilton,QLD,25.0,15.86,0.0,0.0,0.0
SAL32126,New Auckland,QLD,5266.0,4.41,300.0,300.0,300.0
SAL32127,New Beith,QLD,5642.0,24.81,550.0,550.0,550.0
SAL32128,New Chum,QLD,3.0,7.67,0.0,0.0,0.0
SAL32129,New Farm,QLD,12197.0,2.63,405.0,405.0,405.0
SAL32130,New Harbourline,QLD,218.0,17.02,340.0,340.0,340.0
SAL32131,New Mapoon,QLD,412.0,103.08,125.0,125.0,125.0
SAL32132,New Moonta,QLD,78.0,95.92,400.0,400.0,400.0
SAL32133,Newell,QLD,327.0,8.0,280.0,280.0,280.0
SAL32134,Newlands (Qld),QLD,99.0,3385.51,0.0,0.0,0.0
SAL32135,Newmarket,QLD,5083.0,2.1,383.0,383.0,383.0
SAL32136,Newport (Qld),QLD,5964.0,5.12,530.0,530.0,530.0
SAL32137,Newstead (Qld),QLD,7496.0,0.9,490.0,490.0,490.0
SAL32138,Newtown (Ipswich - Qld),QLD,1498.0,0.92,295.0,295.0,295.0
SAL32139,Newtown (Toowoomba - Qld),QLD,10039.0,7.08,289.0,289.0,289.0
SAL32140,Ngatjan,QLD,0.0,60.33,0.0,0.0,0.0
SAL32141,Nicholson (Qld),QLD,32.0,19409.29,0.0,0.0,0.0
SAL32142,Nikenbah,QLD,1234.0,28.84,390.0,390.0,390.0
SAL32143,Nindaroo,QLD,255.0,8.95,150.0,150.0,150.0
SAL32144,Ninderry,QLD,1301.0,10.91,475.0,475.0,475.0
SAL32145,Nindooinbah,QLD,95.0,70.64,210.0,210.0,210.0
SAL32146,Nine Mile (Qld),QLD,84.0,154.67,256.0,256.0,256.0
SAL32147,Nine Mile Creek,QLD,23.0,110.19,0.0,0.0,0.0
SAL32148,Ningi,QLD,5349.0,34.46,370.0,370.0,370.0
SAL32149,Nirimba (Qld),QLD,2229.0,0.6,510.0,510.0,510.0
SAL32150,Nive,QLD,44.0,2168.06,0.0,0.0,0.0
SAL32151,No 4 Branch,QLD,90.0,24.28,270.0,270.0,270.0
SAL32152,No 5 Branch,QLD,12.0,4.92,0.0,0.0,0.0
SAL32153,No 6 Branch,QLD,73.0,16.92,225.0,225.0,225.0
SAL32154,Noah,QLD,0.0,127.04,0.0,0.0,0.0
SAL32155,Nobby,QLD,609.0,113.17,265.0,265.0,265.0
SAL32156,Noccundra,QLD,16.0,10502.16,0.0,0.0,0.0
SAL32157,Nome,QLD,990.0,60.15,274.0,274.0,274.0
SAL32158,Noorama,QLD,15.0,4732.93,0.0,0.0,0.0
SAL32159,Noorindoo,QLD,71.0,1331.99,179.0,179.0,179.0
SAL32160,Noosa Heads,QLD,5120.0,16.16,550.0,550.0,550.0
SAL32161,Noosa North Shore,QLD,253.0,174.27,500.0,500.0,500.0
SAL32162,Noosaville,QLD,8716.0,32.58,490.0,490.0,490.0
SAL32163,Norman Gardens,QLD,10534.0,15.79,300.0,300.0,300.0
SAL32164,Norman Park,QLD,6842.0,2.8,450.0,450.0,450.0
SAL32165,Normanton,QLD,1391.0,7955.89,170.0,170.0,170.0
SAL32166,North Aramara,QLD,45.0,63.04,200.0,200.0,200.0
SAL32167,North Arm (Qld),QLD,734.0,28.25,350.0,350.0,350.0
SAL32168,North Booval,QLD,3041.0,3.89,295.0,295.0,295.0
SAL32169,North Branch (Southern Downs - Qld),QLD,46.0,79.67,120.0,120.0,120.0
SAL32170,North Branch (Toowoomba - Qld),QLD,48.0,127.6,85.0,85.0,85.0
SAL32171,North Bungunya,QLD,35.0,916.67,0.0,0.0,0.0
SAL32172,North Deep Creek,QLD,388.0,45.74,300.0,300.0,300.0
SAL32173,North Eton,QLD,189.0,24.7,265.0,265.0,265.0
SAL32174,North Gregory,QLD,89.0,79.96,269.0,269.0,269.0
SAL32175,North Ipswich,QLD,4527.0,5.5,300.0,300.0,300.0
SAL32176,North Isis,QLD,566.0,90.58,250.0,250.0,250.0
SAL32177,North Johnstone,QLD,67.0,12.55,0.0,0.0,0.0
SAL32178,North Lakes,QLD,23030.0,14.9,420.0,420.0,420.0
SAL32179,North Mackay,QLD,6194.0,8.02,300.0,300.0,300.0
SAL32180,North Maclagan,QLD,12.0,16.75,146.0,146.0,146.0
SAL32181,North Maclean,QLD,1581.0,26.19,450.0,450.0,450.0
SAL32182,North Maleny,QLD,710.0,29.07,350.0,350.0,350.0
SAL32183,North Stradbroke Island,QLD,181.0,333.15,237.0,237.0,237.0
SAL32184,North Talwood,QLD,113.0,1200.7,170.0,170.0,170.0
SAL32185,North Tivoli,QLD,84.0,2.29,253.0,253.0,253.0
SAL32186,North Toowoomba,QLD,3332.0,2.55,285.0,285.0,285.0
SAL32187,North Ward,QLD,5073.0,2.79,285.0,285.0,285.0
SAL32188,Northgate (Qld),QLD,4876.0,4.22,360.0,360.0,360.0
SAL32189,Northhead,QLD,6.0,3154.45,0.0,0.0,0.0
SAL32190,Norville,QLD,2476.0,4.42,280.0,280.0,280.0
SAL32191,Norwell,QLD,189.0,32.45,300.0,300.0,300.0
SAL32192,Norwin,QLD,100.0,147.8,298.0,298.0,298.0
SAL32193,Nudgee,QLD,4377.0,5.26,488.0,488.0,488.0
SAL32194,Nudgee Beach,QLD,308.0,6.01,455.0,455.0,455.0
SAL32195,Nukku,QLD,40.0,18.37,150.0,150.0,150.0
SAL32196,Numinbah Valley,QLD,212.0,75.17,225.0,225.0,225.0
SAL32197,Nundah,QLD,13098.0,4.81,375.0,375.0,375.0
SAL32198,Nundubbermere,QLD,102.0,164.66,280.0,280.0,280.0
SAL32199,Nutgrove,QLD,26.0,29.43,0.0,0.0,0.0
SAL32200,Nychum,QLD,0.0,1125.31,0.0,0.0,0.0
SAL32201,O'Bil Bil,QLD,28.0,51.74,0.0,0.0,0.0
SAL32202,O'Briens Hill,QLD,11.0,2.15,0.0,0.0,0.0
SAL32203,O'Connell (Qld),QLD,399.0,14.64,340.0,340.0,340.0
SAL32204,O'Reilly,QLD,114.0,95.37,162.0,162.0,162.0
SAL32205,Oak Beach,QLD,186.0,3.15,450.0,450.0,450.0
SAL32206,Oak Valley (Qld),QLD,478.0,18.91,323.0,323.0,323.0
SAL32207,Oakdale (Qld),QLD,49.0,13.68,250.0,250.0,250.0
SAL32208,Oakenden,QLD,424.0,97.85,435.0,435.0,435.0
SAL32209,Oakey,QLD,4756.0,161.65,265.0,265.0,265.0
SAL32210,Oakey Creek,QLD,12.0,66.65,140.0,140.0,140.0
SAL32211,Oakhurst (Qld),QLD,1717.0,30.06,345.0,345.0,345.0
SAL32212,Oakview,QLD,45.0,95.52,265.0,265.0,265.0
SAL32213,Oakwood (Qld),QLD,364.0,13.84,215.0,215.0,215.0
SAL32214,Oaky Creek,QLD,96.0,68.63,250.0,250.0,250.0
SAL32215,Oberina,QLD,31.0,476.19,0.0,0.0,0.0
SAL32216,Obi Obi,QLD,208.0,43.14,253.0,253.0,253.0
SAL32217,Obum Obum,QLD,129.0,14.17,360.0,360.0,360.0
SAL32218,Ocean View,QLD,1022.0,50.52,350.0,350.0,350.0
SAL32219,Ogmore,QLD,72.0,1699.54,80.0,80.0,80.0
SAL32220,Okeden,QLD,53.0,254.36,170.0,170.0,170.0
SAL32221,Old Cooranga,QLD,29.0,296.03,106.0,106.0,106.0
SAL32222,Old Talgai,QLD,28.0,81.62,69.0,69.0,69.0
SAL32223,Oman Ama,QLD,31.0,237.29,200.0,200.0,200.0
SAL32224,One Mile (Qld),QLD,2038.0,2.21,280.0,280.0,280.0
SAL32225,Oombabeer,QLD,45.0,1042.02,150.0,150.0,150.0
SAL32226,Oonoonba,QLD,2050.0,2.89,320.0,320.0,320.0
SAL32227,Ooralea,QLD,3691.0,6.35,440.0,440.0,440.0
SAL32228,Opalton,QLD,59.0,20092.84,0.0,0.0,0.0
SAL32229,Orallo,QLD,46.0,940.14,9.0,9.0,9.0
SAL32230,Orange Creek,QLD,197.0,356.93,375.0,375.0,375.0
SAL32231,Orange Hill,QLD,179.0,43.95,280.0,280.0,280.0
SAL32232,Orient,QLD,6.0,92.92,0.0,0.0,0.0
SAL32233,Orion,QLD,87.0,925.9,300.0,300.0,300.0
SAL32234,Ormeau,QLD,15938.0,21.02,445.0,445.0,445.0
SAL32235,Ormeau Hills,QLD,4521.0,11.03,450.0,450.0,450.0
SAL32236,Ormiston,QLD,6379.0,6.33,450.0,450.0,450.0
SAL32237,Osborne (Qld),QLD,245.0,55.58,190.0,190.0,190.0
SAL32238,Ottaba,QLD,52.0,22.67,90.0,90.0,90.0
SAL32239,Owanyilla,QLD,245.0,53.55,260.0,260.0,260.0
SAL32240,Owens Creek,QLD,193.0,48.26,165.0,165.0,165.0
SAL32241,Oxenford,QLD,12273.0,17.9,435.0,435.0,435.0
SAL32242,Oxford,QLD,43.0,1250.71,0.0,0.0,0.0
SAL32243,Oxley (Qld),QLD,9100.0,8.92,400.0,400.0,400.0
SAL32244,Oyster Creek,QLD,39.0,49.98,0.0,0.0,0.0
SAL32245,Pacific Haven,QLD,778.0,31.05,270.0,270.0,270.0
SAL32246,Pacific Heights,QLD,1111.0,3.03,445.0,445.0,445.0
SAL32247,Pacific Paradise,QLD,2675.0,3.32,400.0,400.0,400.0
SAL32248,Pacific Pines,QLD,16664.0,11.84,470.0,470.0,470.0
SAL32249,Packers Camp,QLD,136.0,14.02,300.0,300.0,300.0
SAL32250,Paddington (Qld),QLD,9063.0,3.14,470.0,470.0,470.0
SAL32251,Paddys Green,QLD,405.0,238.76,225.0,225.0,225.0
SAL32252,Paget,QLD,339.0,15.34,263.0,263.0,263.0
SAL32253,Palen Creek,QLD,368.0,130.4,231.0,231.0,231.0
SAL32254,Palgrave,QLD,35.0,268.2,243.0,243.0,243.0
SAL32255,Pallara,QLD,3861.0,8.29,460.0,460.0,460.0
SAL32256,Pallarenda,QLD,778.0,2.25,320.0,320.0,320.0
SAL32257,Palm Beach (Qld),QLD,16349.0,8.17,445.0,445.0,445.0
SAL32258,Palm Cove,QLD,2450.0,3.91,365.0,365.0,365.0
SAL32259,Palm Grove (Qld),QLD,86.0,28.43,250.0,250.0,250.0
SAL32260,Palm Island,QLD,2138.0,99.57,125.0,125.0,125.0
SAL32261,Palmer (Qld),QLD,46.0,8339.01,0.0,0.0,0.0
SAL32262,Palmerston (Qld),QLD,8.0,104.95,0.0,0.0,0.0
SAL32263,Palmtree,QLD,80.0,52.32,218.0,218.0,218.0
SAL32264,Palmview,QLD,5236.0,23.37,510.0,510.0,510.0
SAL32265,Palmwoods (Qld),QLD,6357.0,30.04,430.0,430.0,430.0
SAL32266,Palmyra (Qld),QLD,250.0,40.44,300.0,300.0,300.0
SAL32267,Paluma,QLD,87.0,2587.43,160.0,160.0,160.0
SAL32268,Pampas,QLD,78.0,102.89,243.0,243.0,243.0
SAL32269,Paradise Point,QLD,7062.0,4.89,450.0,450.0,450.0
SAL32270,Park Avenue,QLD,5292.0,5.19,260.0,260.0,260.0
SAL32271,Park Ridge,QLD,8455.0,21.55,370.0,370.0,370.0
SAL32272,Park Ridge South,QLD,1680.0,12.07,453.0,453.0,453.0
SAL32273,Parkhurst,QLD,3043.0,24.95,360.0,360.0,360.0
SAL32274,Parkinson,QLD,11148.0,10.53,450.0,450.0,450.0
SAL32275,Parklands (Qld),QLD,198.0,10.39,380.0,380.0,380.0
SAL32276,Parknook,QLD,55.0,1543.47,200.0,200.0,200.0
SAL32277,Parkside (Qld),QLD,1530.0,1.71,320.0,320.0,320.0
SAL32278,Parkwood (Qld),QLD,8837.0,7.15,538.0,538.0,538.0
SAL32279,Parramatta Park,QLD,3621.0,1.79,290.0,290.0,290.0
SAL32280,Parrearra,QLD,4661.0,3.05,490.0,490.0,490.0
SAL32281,Pasha,QLD,75.0,2737.52,550.0,550.0,550.0
SAL32282,Passchendaele,QLD,42.0,93.47,95.0,95.0,95.0
SAL32283,Paterson (Qld),QLD,157.0,35.68,283.0,283.0,283.0
SAL32284,Patrick Estate,QLD,181.0,28.95,250.0,250.0,250.0
SAL32285,Pauls Pocket,QLD,38.0,31.64,130.0,130.0,130.0
SAL32286,Peachester,QLD,1460.0,58.02,325.0,325.0,325.0
SAL32287,Peacock Siding,QLD,85.0,42.62,355.0,355.0,355.0
SAL32288,Peak Crossing,QLD,1016.0,117.43,290.0,290.0,290.0
SAL32289,Pechey,QLD,98.0,41.67,220.0,220.0,220.0
SAL32290,Peel Island,QLD,0.0,6.47,0.0,0.0,0.0
SAL32291,Peeramon,QLD,778.0,33.08,290.0,290.0,290.0
SAL32292,Pelham (Qld),QLD,14.0,715.62,0.0,0.0,0.0
SAL32293,Pelican (Qld),QLD,40.0,124.15,364.0,364.0,364.0
SAL32294,Pelican Waters,QLD,7393.0,10.51,540.0,540.0,540.0
SAL32295,Pentland,QLD,248.0,17400.91,105.0,105.0,105.0
SAL32296,Penwhaupell,QLD,0.0,94.36,0.0,0.0,0.0
SAL32297,Peranga,QLD,98.0,37.97,200.0,200.0,200.0
SAL32298,Peregian Beach,QLD,4972.0,20.69,500.0,500.0,500.0
SAL32299,Peregian Springs,QLD,9532.0,6.79,530.0,530.0,530.0
SAL32300,Perseverance,QLD,72.0,14.66,300.0,300.0,300.0
SAL32301,Perwillowen,QLD,213.0,4.75,350.0,350.0,350.0
SAL32302,Petford,QLD,22.0,772.17,0.0,0.0,0.0
SAL32303,Petrie,QLD,8722.0,8.39,360.0,360.0,360.0
SAL32304,Petrie Terrace,QLD,1168.0,0.4,435.0,435.0,435.0
SAL32305,Pheasant Creek (Qld),QLD,48.0,366.5,0.0,0.0,0.0
SAL32306,Philpott,QLD,32.0,78.12,0.0,0.0,0.0
SAL32307,Pialba,QLD,4151.0,6.08,310.0,310.0,310.0
SAL32308,Pickanjinnie,QLD,30.0,203.21,0.0,0.0,0.0
SAL32309,Picnic Bay,QLD,367.0,1.19,250.0,250.0,250.0
SAL32310,Pie Creek,QLD,1137.0,26.23,310.0,310.0,310.0
SAL32311,Pierces Creek,QLD,95.0,51.1,290.0,290.0,290.0
SAL32312,Pikedale,QLD,24.0,390.32,420.0,420.0,420.0
SAL32313,Pikes Creek,QLD,19.0,157.07,102.0,102.0,102.0
SAL32314,Pile Gully,QLD,7.0,206.2,0.0,0.0,0.0
SAL32315,Pilerwa,QLD,50.0,8.5,0.0,0.0,0.0
SAL32316,Pilton,QLD,71.0,53.9,266.0,266.0,266.0
SAL32317,Pimlico (Qld),QLD,2557.0,1.29,240.0,240.0,240.0
SAL32318,Pimpama,QLD,24601.0,52.49,440.0,440.0,440.0
SAL32319,Pimpimbudgee,QLD,61.0,108.53,120.0,120.0,120.0
SAL32320,Pin Gin Hill,QLD,191.0,18.8,248.0,248.0,248.0
SAL32321,Pinbarren,QLD,447.0,20.03,345.0,345.0,345.0
SAL32322,Pindi Pindi,QLD,86.0,31.71,200.0,200.0,200.0
SAL32323,Pine Creek (Qld),QLD,258.0,57.06,250.0,250.0,250.0
SAL32324,Pine Hills,QLD,10.0,169.44,0.0,0.0,0.0
SAL32325,Pine Mountain (Qld),QLD,1695.0,49.36,400.0,400.0,400.0
SAL32326,Pinelands (Qld),QLD,81.0,35.3,268.0,268.0,268.0
SAL32327,Pinevale,QLD,51.0,191.76,200.0,200.0,200.0
SAL32328,Pinjarra Hills,QLD,771.0,8.39,490.0,490.0,490.0
SAL32329,Pink Lily,QLD,193.0,37.23,350.0,350.0,350.0
SAL32330,Pinkenba,QLD,350.0,17.32,350.0,350.0,350.0
SAL32331,Pinnacle (Qld),QLD,211.0,181.38,250.0,250.0,250.0
SAL32332,Pinnacles,QLD,83.0,173.3,176.0,176.0,176.0
SAL32333,Pioneer (Qld),QLD,2346.0,1.57,210.0,210.0,210.0
SAL32334,Pioneers Rest,QLD,78.0,20.43,175.0,175.0,175.0
SAL32335,Pirrinuan,QLD,221.0,179.47,230.0,230.0,230.0
SAL32336,Pittsworth,QLD,3300.0,75.79,275.0,275.0,275.0
SAL32337,Piturie,QLD,57.0,5350.08,47.0,47.0,47.0
SAL32338,Placid Hills,QLD,796.0,9.49,350.0,350.0,350.0
SAL32339,Plainby,QLD,56.0,48.82,280.0,280.0,280.0
SAL32340,Plainland,QLD,1930.0,28.55,360.0,360.0,360.0
SAL32341,Pleystowe,QLD,418.0,19.54,303.0,303.0,303.0
SAL32342,Point Arkwright,QLD,309.0,0.47,393.0,393.0,393.0
SAL32343,Point Lookout,QLD,785.0,5.73,350.0,350.0,350.0
SAL32344,Point Vernon,QLD,5718.0,5.95,340.0,340.0,340.0
SAL32345,Pomona (Qld),QLD,2931.0,66.94,420.0,420.0,420.0
SAL32346,Pony Hills,QLD,12.0,523.96,0.0,0.0,0.0
SAL32347,Poona,QLD,576.0,4.28,250.0,250.0,250.0
SAL32348,Porcupine,QLD,39.0,9482.19,0.0,0.0,0.0
SAL32349,Pormpuraaw,QLD,611.0,4726.18,120.0,120.0,120.0
SAL32350,Port Alma,QLD,0.0,366.88,0.0,0.0,0.0
SAL32351,Port Curtis,QLD,309.0,54.62,250.0,250.0,250.0
SAL32352,Port Douglas,QLD,3650.0,11.13,350.0,350.0,350.0
SAL32353,Port Of Brisbane,QLD,0.0,13.97,0.0,0.0,0.0
SAL32354,Portsmith,QLD,314.0,16.68,280.0,280.0,280.0
SAL32355,Poruma Island,QLD,164.0,0.45,130.0,130.0,130.0
SAL32356,Postmans Ridge,QLD,352.0,21.46,300.0,300.0,300.0
SAL32357,Pozieres,QLD,208.0,61.17,220.0,220.0,220.0
SAL32358,Prairie (Qld),QLD,116.0,9629.43,44.0,44.0,44.0
SAL32359,Pratten,QLD,229.0,121.85,210.0,210.0,210.0
SAL32360,Prawle,QLD,34.0,131.7,270.0,270.0,270.0
SAL32361,Prenzlau,QLD,408.0,22.52,300.0,300.0,300.0
SAL32362,Preston (Lockyer Valley - Qld),QLD,644.0,24.09,420.0,420.0,420.0
SAL32363,Preston (Whitsunday - Qld),QLD,346.0,46.6,200.0,200.0,200.0
SAL32364,Priestdale,QLD,160.0,8.71,575.0,575.0,575.0
SAL32365,Prince Henry Heights,QLD,600.0,1.79,413.0,413.0,413.0
SAL32366,Prince Of Wales,QLD,62.0,214.45,138.0,138.0,138.0
SAL32367,Promisedland,QLD,34.0,82.92,150.0,150.0,150.0
SAL32368,Proserpine,QLD,3614.0,26.75,260.0,260.0,260.0
SAL32369,Prospect (Qld),QLD,289.0,505.97,243.0,243.0,243.0
SAL32370,Proston,QLD,410.0,57.74,180.0,180.0,180.0
SAL32371,Pullenvale,QLD,3276.0,25.01,685.0,685.0,685.0
SAL32372,Punchs Creek,QLD,35.0,130.08,230.0,230.0,230.0
SAL32373,Punsand,QLD,19.0,22.05,120.0,120.0,120.0
SAL32374,Purga,QLD,561.0,72.48,300.0,300.0,300.0
SAL32375,Purrawunda,QLD,12.0,7.18,0.0,0.0,0.0
SAL32376,Queenton,QLD,1236.0,7.77,209.0,209.0,209.0
SAL32377,Quilpie,QLD,530.0,22520.05,140.0,140.0,140.0
SAL32378,Quinalow,QLD,205.0,108.63,180.0,180.0,180.0
SAL32379,Qunaba,QLD,836.0,21.23,320.0,320.0,320.0
SAL32380,Racecourse,QLD,181.0,10.32,345.0,345.0,345.0
SAL32381,Raceview,QLD,9699.0,7.56,315.0,315.0,315.0
SAL32382,Radford,QLD,31.0,9.41,250.0,250.0,250.0
SAL32383,Raglan (Qld),QLD,143.0,716.18,175.0,175.0,175.0
SAL32384,Railway Estate,QLD,2871.0,4.66,300.0,300.0,300.0
SAL32385,Rainbow Beach,QLD,1220.0,16.53,280.0,280.0,280.0
SAL32386,Ramsay (Qld),QLD,369.0,84.62,370.0,370.0,370.0
SAL32387,Rangemore (Burdekin - Qld),QLD,0.0,370.37,0.0,0.0,0.0
SAL32388,Rangemore (Toowoomba - Qld),QLD,8.0,30.22,0.0,0.0,0.0
SAL32389,Ranges Bridge,QLD,98.0,196.07,150.0,150.0,150.0
SAL32390,Rangeville,QLD,8668.0,10.54,340.0,340.0,340.0
SAL32391,Rangewood,QLD,1084.0,23.93,400.0,400.0,400.0
SAL32392,Ransome,QLD,429.0,6.24,455.0,455.0,455.0
SAL32393,Rasmussen,QLD,4669.0,6.23,263.0,263.0,263.0
SAL32394,Rathdowney,QLD,320.0,92.21,230.0,230.0,230.0
SAL32395,Ravensbourne,QLD,307.0,104.2,249.0,249.0,249.0
SAL32396,Ravenshoe,QLD,1332.0,154.02,250.0,250.0,250.0
SAL32397,Ravenswood (Qld),QLD,297.0,3723.78,140.0,140.0,140.0
SAL32398,Ravensworth (Qld),QLD,0.0,1511.05,0.0,0.0,0.0
SAL32399,Rawbelle,QLD,51.0,1176.08,0.0,0.0,0.0
SAL32400,Red Hill (Brisbane - Qld),QLD,5834.0,2.06,430.0,430.0,430.0
SAL32401,Red Hill (Western Downs - Qld),QLD,160.0,174.78,300.0,300.0,300.0
SAL32402,Red River,QLD,0.0,2803.39,0.0,0.0,0.0
SAL32403,Redbank (Qld),QLD,2931.0,10.64,350.0,350.0,350.0
SAL32404,Redbank Creek,QLD,124.0,159.96,265.0,265.0,265.0
SAL32405,Redbank Plains,QLD,24349.0,24.93,350.0,350.0,350.0
SAL32406,Redcliffe (Qld),QLD,10460.0,5.31,335.0,335.0,335.0
SAL32407,Redford,QLD,18.0,2993.87,0.0,0.0,0.0
SAL32408,Redgate (Qld),QLD,94.0,45.11,160.0,160.0,160.0
SAL32409,Redhill Farms,QLD,32.0,8.89,0.0,0.0,0.0
SAL32410,Redland Bay,QLD,17056.0,59.65,465.0,465.0,465.0
SAL32411,Redlynch,QLD,10571.0,27.88,440.0,440.0,440.0
SAL32412,Redridge,QLD,711.0,85.33,280.0,280.0,280.0
SAL32413,Redwood,QLD,159.0,5.39,435.0,435.0,435.0
SAL32414,Reedy Creek (Qld),QLD,7412.0,8.28,450.0,450.0,450.0
SAL32415,Reesville,QLD,573.0,34.64,430.0,430.0,430.0
SAL32416,Regency Downs,QLD,2623.0,19.43,368.0,368.0,368.0
SAL32417,Regents Park (Qld),QLD,11103.0,6.12,380.0,380.0,380.0
SAL32418,Reid River,QLD,143.0,209.44,263.0,263.0,263.0
SAL32419,Reids Creek,QLD,41.0,122.94,0.0,0.0,0.0
SAL32420,Retro,QLD,54.0,515.35,175.0,175.0,175.0
SAL32421,Rewan,QLD,49.0,2527.12,0.0,0.0,0.0
SAL32422,Rhydding,QLD,43.0,736.21,0.0,0.0,0.0
SAL32423,Richlands (Qld),QLD,5621.0,6.68,370.0,370.0,370.0
SAL32424,Richmond (Mackay - Qld),QLD,852.0,11.29,375.0,375.0,375.0
SAL32425,Richmond (Richmond - Qld),QLD,578.0,3860.17,133.0,133.0,133.0
SAL32426,Richmond Hill (Qld),QLD,2453.0,4.84,230.0,230.0,230.0
SAL32427,Ridgelands,QLD,195.0,133.33,250.0,250.0,250.0
SAL32428,Ridgewood (Qld),QLD,317.0,44.77,280.0,280.0,280.0
SAL32429,Rifle Range,QLD,197.0,12.07,330.0,330.0,330.0
SAL32430,Ringtail Creek,QLD,203.0,44.32,363.0,363.0,363.0
SAL32431,Ringwood (Qld),QLD,57.0,22.55,0.0,0.0,0.0
SAL32432,Riordanvale,QLD,386.0,13.75,500.0,500.0,500.0
SAL32433,Ripley,QLD,4288.0,16.48,375.0,375.0,375.0
SAL32434,Rita Island,QLD,172.0,94.23,250.0,250.0,250.0
SAL32435,River Heads,QLD,2044.0,17.22,350.0,350.0,350.0
SAL32436,River Ranch,QLD,269.0,13.27,320.0,320.0,320.0
SAL32437,Riverbend,QLD,661.0,22.96,445.0,445.0,445.0
SAL32438,Riverhills,QLD,4121.0,2.76,410.0,410.0,410.0
SAL32439,Riverleigh,QLD,95.0,74.9,170.0,170.0,170.0
SAL32440,Riversleigh,QLD,6.0,3183.23,0.0,0.0,0.0
SAL32441,Riverton (Qld),QLD,29.0,88.69,0.0,0.0,0.0
SAL32442,Riverview (Qld),QLD,3067.0,9.97,270.0,270.0,270.0
SAL32443,Roadvale,QLD,303.0,22.49,205.0,205.0,205.0
SAL32444,Robertson (Qld),QLD,4749.0,2.27,415.0,415.0,415.0
SAL32445,Robina,QLD,25659.0,19.29,540.0,540.0,540.0
SAL32446,Roche Creek,QLD,53.0,554.1,160.0,160.0,160.0
SAL32447,Rochedale,QLD,7633.0,19.63,600.0,600.0,600.0
SAL32448,Rochedale South,QLD,15228.0,7.92,395.0,395.0,395.0
SAL32449,Rockhampton City,QLD,2059.0,3.1,250.0,250.0,250.0
SAL32450,Rockingham (Qld),QLD,104.0,121.52,160.0,160.0,160.0
SAL32451,Rocklea (Qld),QLD,1672.0,11.78,335.0,335.0,335.0
SAL32452,Rockmount,QLD,82.0,42.59,400.0,400.0,400.0
SAL32453,Rocksberg,QLD,277.0,33.21,500.0,500.0,500.0
SAL32454,Rockside,QLD,29.0,23.85,0.0,0.0,0.0
SAL32455,Rockville,QLD,3204.0,2.47,280.0,280.0,280.0
SAL32456,Rocky Creek (Qld),QLD,35.0,59.58,108.0,108.0,108.0
SAL32457,Rocky Point (Douglas - Qld),QLD,145.0,8.9,350.0,350.0,350.0
SAL32458,Rocky Point (Weipa - Qld),QLD,2214.0,3.95,530.0,530.0,530.0
SAL32459,Rockyview,QLD,1735.0,35.75,480.0,480.0,480.0
SAL32460,Rodds Bay,QLD,133.0,156.71,185.0,185.0,185.0
SAL32461,Rodgers Creek,QLD,15.0,81.63,410.0,410.0,410.0
SAL32462,Rolleston,QLD,132.0,169.84,215.0,215.0,215.0
SAL32463,Rollingstone,QLD,133.0,43.84,200.0,200.0,200.0
SAL32464,Roma,QLD,6838.0,97.93,250.0,250.0,250.0
SAL32465,Rookwood (Qld),QLD,9.0,1442.91,0.0,0.0,0.0
SAL32466,Ropeley,QLD,206.0,34.8,280.0,280.0,280.0
SAL32467,Rosalie Plains,QLD,54.0,49.26,248.0,248.0,248.0
SAL32468,Rosedale (Qld),QLD,452.0,456.01,210.0,210.0,210.0
SAL32469,Rosehill (Qld),QLD,134.0,25.3,400.0,400.0,400.0
SAL32470,Rosella,QLD,78.0,9.52,200.0,200.0,200.0
SAL32471,Rosemount,QLD,1851.0,16.23,420.0,420.0,420.0
SAL32472,Roseneath,QLD,127.0,12.13,220.0,220.0,220.0
SAL32473,Rosenthal Heights,QLD,2664.0,91.34,338.0,338.0,338.0
SAL32474,Rosevale (Qld),QLD,212.0,171.73,300.0,300.0,300.0
SAL32475,Rosewood (Qld),QLD,3263.0,40.15,295.0,295.0,295.0
SAL32476,Ross Creek (Qld),QLD,63.0,11.81,0.0,0.0,0.0
SAL32477,Ross River,QLD,0.0,137.12,0.0,0.0,0.0
SAL32478,Rosslea,QLD,1903.0,1.96,275.0,275.0,275.0
SAL32479,Rosslyn,QLD,613.0,5.35,329.0,329.0,329.0
SAL32480,Rossmoya,QLD,67.0,73.77,0.0,0.0,0.0
SAL32481,Rossvale,QLD,85.0,33.93,235.0,235.0,235.0
SAL32482,Rossville,QLD,253.0,653.23,150.0,150.0,150.0
SAL32483,Rothwell,QLD,7538.0,13.13,380.0,380.0,380.0
SAL32484,Round Hill (Qld),QLD,189.0,173.73,400.0,400.0,400.0
SAL32485,Roundstone,QLD,78.0,991.84,200.0,200.0,200.0
SAL32486,Rowes Bay,QLD,541.0,3.36,265.0,265.0,265.0
SAL32487,Royston,QLD,346.0,25.64,300.0,300.0,300.0
SAL32488,Rubyanna,QLD,257.0,26.84,250.0,250.0,250.0
SAL32489,Rules Beach,QLD,56.0,31.6,225.0,225.0,225.0
SAL32490,Runaway Bay,QLD,9308.0,7.06,435.0,435.0,435.0
SAL32491,Runcorn,QLD,14199.0,8.49,400.0,400.0,400.0
SAL32492,Rungoo,QLD,11.0,96.68,0.0,0.0,0.0
SAL32493,Running Creek (Qld),QLD,146.0,145.49,228.0,228.0,228.0
SAL32494,Runnymede (Qld),QLD,192.0,90.05,248.0,248.0,248.0
SAL32495,Rural View,QLD,5657.0,10.73,420.0,420.0,420.0
SAL32496,Rush Creek,QLD,152.0,17.72,583.0,583.0,583.0
SAL32497,Russell Island,QLD,3698.0,22.41,260.0,260.0,260.0
SAL32498,Ryan (Qld),QLD,105.0,1.81,369.0,369.0,369.0
SAL32499,Ryeford,QLD,54.0,35.33,240.0,240.0,240.0
SAL32500,Rywung,QLD,18.0,43.31,310.0,310.0,310.0
SAL32501,Sabine,QLD,3.0,10.46,198.0,198.0,198.0
SAL32502,Sadliers Crossing,QLD,1358.0,1.24,300.0,300.0,300.0
SAL32503,Saibai Island,QLD,340.0,107.65,115.0,115.0,115.0
SAL32504,Salisbury (Qld),QLD,6790.0,5.83,400.0,400.0,400.0
SAL32505,Samford Valley,QLD,3208.0,25.86,660.0,660.0,660.0
SAL32506,Samford Village,QLD,819.0,1.95,605.0,605.0,605.0
SAL32507,Samsonvale,QLD,674.0,42.98,575.0,575.0,575.0
SAL32508,Sandgate (Qld),QLD,4926.0,3.98,294.0,294.0,294.0
SAL32509,Sandiford,QLD,168.0,29.18,150.0,150.0,150.0
SAL32510,Sandringham (Qld),QLD,49.0,59.45,120.0,120.0,120.0
SAL32511,Sandstone Point,QLD,4094.0,6.87,400.0,400.0,400.0
SAL32512,Sandy Camp,QLD,104.0,75.91,173.0,173.0,173.0
SAL32513,Sandy Creek (Qld),QLD,593.0,135.69,350.0,350.0,350.0
SAL32514,Sandy Pocket,QLD,38.0,5.87,275.0,275.0,275.0
SAL32515,Sandy Ridges,QLD,111.0,86.05,195.0,195.0,195.0
SAL32516,Sapphire Central,QLD,1214.0,760.41,160.0,160.0,160.0
SAL32517,Sarabah,QLD,68.0,29.23,358.0,358.0,358.0
SAL32518,Sarina,QLD,5619.0,290.6,300.0,300.0,300.0
SAL32519,Sarina Beach,QLD,661.0,21.92,300.0,300.0,300.0
SAL32520,Sarina Range,QLD,277.0,199.14,230.0,230.0,230.0
SAL32521,Saunders Beach,QLD,385.0,3.21,320.0,320.0,320.0
SAL32522,Savannah,QLD,0.0,4187.11,0.0,0.0,0.0
SAL32523,Saxby,QLD,35.0,3780.7,100.0,100.0,100.0
SAL32524,Scarborough (Qld),QLD,9178.0,4.42,350.0,350.0,350.0
SAL32525,Scarness,QLD,3646.0,2.26,300.0,300.0,300.0
SAL32526,Scotchy Pocket,QLD,55.0,51.73,26.0,26.0,26.0
SAL32527,Scottville,QLD,279.0,10.22,215.0,215.0,215.0
SAL32528,Scrub Creek,QLD,33.0,41.11,350.0,350.0,350.0
SAL32529,Scrubby Creek (Blackall Tambo - Qld),QLD,14.0,1824.9,0.0,0.0,0.0
SAL32530,Scrubby Creek (Gympie - Qld),QLD,62.0,5.81,248.0,248.0,248.0
SAL32531,Scrubby Mountain,QLD,203.0,65.11,160.0,160.0,160.0
SAL32532,Seaforth (Qld),QLD,800.0,78.48,290.0,290.0,290.0
SAL32533,Seisia,QLD,293.0,2.44,120.0,120.0,120.0
SAL32534,Selene,QLD,27.0,40.62,120.0,120.0,120.0
SAL32535,Selwyn (Qld),QLD,25.0,12256.73,0.0,0.0,0.0
SAL32536,Septimus,QLD,120.0,237.54,150.0,150.0,150.0
SAL32537,Seven Hills (Qld),QLD,2732.0,2.01,450.0,450.0,450.0
SAL32538,Seventeen Mile,QLD,22.0,69.27,0.0,0.0,0.0
SAL32539,Seventeen Mile Rocks,QLD,2699.0,2.6,425.0,425.0,425.0
SAL32540,Seventeen Seventy,QLD,125.0,8.17,300.0,300.0,300.0
SAL32541,Seventy Mile,QLD,204.0,7169.95,440.0,440.0,440.0
SAL32542,Severnlea,QLD,382.0,36.04,200.0,200.0,200.0
SAL32543,Sexton,QLD,187.0,76.32,310.0,310.0,310.0
SAL32544,Shailer Park,QLD,12182.0,10.36,410.0,410.0,410.0
SAL32545,Shannonvale,QLD,194.0,92.63,210.0,210.0,210.0
SAL32546,Sharon,QLD,1209.0,58.67,300.0,300.0,300.0
SAL32547,Shaw,QLD,760.0,8.35,322.0,322.0,322.0
SAL32548,Sheep Station Creek,QLD,116.0,173.68,300.0,300.0,300.0
SAL32549,Shelburne,QLD,44.0,6117.65,220.0,220.0,220.0
SAL32550,Sheldon,QLD,1762.0,29.08,473.0,473.0,473.0
SAL32551,Shell Pocket,QLD,83.0,5.98,300.0,300.0,300.0
SAL32552,Shelly Beach (Sunshine Coast - Qld),QLD,925.0,0.63,450.0,450.0,450.0
SAL32553,Shelly Beach (Townsville - Qld),QLD,0.0,1.8,0.0,0.0,0.0
SAL32554,Sherwood (Qld),QLD,6082.0,2.93,390.0,390.0,390.0
SAL32555,Shirbourne,QLD,48.0,38.51,130.0,130.0,130.0
SAL32556,Shoal Point,QLD,1104.0,7.81,380.0,380.0,380.0
SAL32557,Shoalwater (Qld),QLD,6.0,3466.06,0.0,0.0,0.0
SAL32558,Shorncliffe,QLD,1907.0,1.55,275.0,275.0,275.0
SAL32559,Shute Harbour,QLD,113.0,0.65,550.0,550.0,550.0
SAL32560,Silkstone,QLD,3830.0,2.52,305.0,305.0,305.0
SAL32561,Silkwood,QLD,407.0,25.26,270.0,270.0,270.0
SAL32562,Silky Oak,QLD,178.0,23.5,250.0,250.0,250.0
SAL32563,Silver Creek,QLD,18.0,27.93,0.0,0.0,0.0
SAL32564,Silver Ridge,QLD,188.0,15.79,350.0,350.0,350.0
SAL32565,Silver Spur,QLD,94.0,483.74,300.0,300.0,300.0
SAL32566,Silver Valley,QLD,145.0,367.48,100.0,100.0,100.0
SAL32567,Silverbark Ridge,QLD,0.0,20.54,0.0,0.0,0.0
SAL32568,Silverdale (Qld),QLD,112.0,49.89,392.0,392.0,392.0
SAL32569,Silverleaf,QLD,73.0,41.81,200.0,200.0,200.0
SAL32570,Silverleigh,QLD,80.0,59.29,275.0,275.0,275.0
SAL32571,Silverwood,QLD,58.0,100.37,210.0,210.0,210.0
SAL32572,Simmie,QLD,16.0,216.37,0.0,0.0,0.0
SAL32573,Sinnamon Park,QLD,6590.0,3.75,460.0,460.0,460.0
SAL32574,Sippy Downs,QLD,11544.0,18.26,460.0,460.0,460.0
SAL32575,Skyring Reserve,QLD,47.0,9.79,260.0,260.0,260.0
SAL32576,Slacks Creek,QLD,10408.0,10.83,310.0,310.0,310.0
SAL32577,Slade Point,QLD,3450.0,8.8,300.0,300.0,300.0
SAL32578,Sladevale,QLD,433.0,46.0,300.0,300.0,300.0
SAL32579,Smithfield (Qld),QLD,6664.0,14.39,420.0,420.0,420.0
SAL32580,Smithlea,QLD,41.0,110.51,140.0,140.0,140.0
SAL32581,Soldiers Hill (Qld),QLD,1796.0,1.99,378.0,378.0,378.0
SAL32582,Somerset (Qld),QLD,0.0,263.55,0.0,0.0,0.0
SAL32583,Somerset Dam,QLD,78.0,27.59,230.0,230.0,230.0
SAL32584,Sommariva,QLD,25.0,2506.16,0.0,0.0,0.0
SAL32585,Somme,QLD,39.0,38.56,230.0,230.0,230.0
SAL32586,South Bingera,QLD,674.0,29.96,350.0,350.0,350.0
SAL32587,South Brisbane,QLD,14292.0,2.56,470.0,470.0,470.0
SAL32588,South East Nanango,QLD,344.0,59.55,250.0,250.0,250.0
SAL32589,South Gladstone,QLD,3476.0,3.96,240.0,240.0,240.0
SAL32590,South Innisfail,QLD,508.0,7.67,250.0,250.0,250.0
SAL32591,South Isis,QLD,381.0,43.77,300.0,300.0,300.0
SAL32592,South Johnstone,QLD,456.0,4.43,240.0,240.0,240.0
SAL32593,South Kolan,QLD,1258.0,139.73,280.0,280.0,280.0
SAL32594,South Mackay,QLD,6918.0,8.49,290.0,290.0,290.0
SAL32595,South Maclean,QLD,2232.0,22.73,470.0,470.0,470.0
SAL32596,South Mission Beach,QLD,968.0,22.52,320.0,320.0,320.0
SAL32597,South Nanango,QLD,893.0,127.4,250.0,250.0,250.0
SAL32598,South Ripley,QLD,4069.0,64.72,390.0,390.0,390.0
SAL32599,South Stradbroke,QLD,142.0,27.7,300.0,300.0,300.0
SAL32600,South Talwood,QLD,101.0,1033.2,350.0,350.0,350.0
SAL32601,South Toowoomba,QLD,5512.0,4.73,290.0,290.0,290.0
SAL32602,South Townsville,QLD,2424.0,5.7,300.0,300.0,300.0
SAL32603,South Trees,QLD,0.0,29.15,0.0,0.0,0.0
SAL32604,South Wellesley Islands,QLD,0.0,165.88,0.0,0.0,0.0
SAL32605,South Yaamba,QLD,79.0,119.58,275.0,275.0,275.0
SAL32606,Southbrook,QLD,626.0,84.23,255.0,255.0,255.0
SAL32607,Southedge,QLD,21.0,580.9,0.0,0.0,0.0
SAL32608,Southern Cross (Qld),QLD,575.0,271.85,300.0,300.0,300.0
SAL32609,Southern Lamington,QLD,0.0,113.78,0.0,0.0,0.0
SAL32610,Southern Moreton Bay Islands,QLD,0.0,88.63,0.0,0.0,0.0
SAL32611,Southport (Qld),QLD,36786.0,18.47,410.0,410.0,410.0
SAL32612,Southside,QLD,6312.0,23.25,285.0,285.0,285.0
SAL32613,Southwood,QLD,57.0,1096.42,0.0,0.0,0.0
SAL32614,Speedwell,QLD,42.0,83.49,220.0,220.0,220.0
SAL32615,Speewah,QLD,850.0,38.75,325.0,325.0,325.0
SAL32616,Splinter Creek,QLD,32.0,81.27,160.0,160.0,160.0
SAL32617,Split Yard Creek,QLD,31.0,29.22,365.0,365.0,365.0
SAL32618,Spreadborough,QLD,55.0,0.81,450.0,450.0,450.0
SAL32619,Spring Bluff,QLD,15.0,2.17,0.0,0.0,0.0
SAL32620,Spring Creek (Banana - Qld),QLD,20.0,601.48,0.0,0.0,0.0
SAL32621,Spring Creek (Lockyer Valley - Qld),QLD,494.0,59.36,250.0,250.0,250.0
SAL32622,Spring Creek (Toowoomba - Qld),QLD,195.0,92.27,200.0,200.0,200.0
SAL32623,Spring Hill (Qld),QLD,6593.0,1.62,410.0,410.0,410.0
SAL32624,Spring Mountain (Qld),QLD,6085.0,25.22,445.0,445.0,445.0
SAL32625,Springbrook,QLD,705.0,68.11,350.0,350.0,350.0
SAL32626,Springdale (Qld),QLD,28.0,233.33,265.0,265.0,265.0
SAL32627,Springfield (Ipswich - Qld),QLD,7322.0,8.54,385.0,385.0,385.0
SAL32628,Springfield (Mareeba - Qld),QLD,14.0,688.39,0.0,0.0,0.0
SAL32629,Springfield Central,QLD,234.0,2.67,300.0,300.0,300.0
SAL32630,Springfield Lakes,QLD,17211.0,11.38,410.0,410.0,410.0
SAL32631,Springlands,QLD,39.0,2045.43,0.0,0.0,0.0
SAL32632,Springside (Qld),QLD,102.0,40.56,280.0,280.0,280.0
SAL32633,Springsure,QLD,950.0,170.23,200.0,200.0,200.0
SAL32634,Springvale (Qld),QLD,52.0,102.34,200.0,200.0,200.0
SAL32635,Springwood (Qld),QLD,9710.0,7.75,380.0,380.0,380.0
SAL32636,Spurgeon,QLD,0.0,107.04,0.0,0.0,0.0
SAL32637,St Agnes (Qld),QLD,20.0,32.12,0.0,0.0,0.0
SAL32638,St Aubyn,QLD,14.0,17.66,80.0,80.0,80.0
SAL32639,St George (Qld),QLD,3130.0,14240.81,210.0,210.0,210.0
SAL32640,St Helens (Fraser Coast - Qld),QLD,123.0,10.84,260.0,260.0,260.0
SAL32641,St Helens (Toowoomba - Qld),QLD,37.0,58.65,330.0,330.0,330.0
SAL32642,St Helens Beach,QLD,175.0,58.06,180.0,180.0,180.0
SAL32643,St Kilda (Qld),QLD,99.0,22.04,290.0,290.0,290.0
SAL32644,St Lawrence,QLD,245.0,1856.35,100.0,100.0,100.0
SAL32645,St Lucia,QLD,12220.0,5.07,410.0,410.0,410.0
SAL32646,St Mary,QLD,34.0,230.12,400.0,400.0,400.0
SAL32647,St Ruth,QLD,165.0,278.28,220.0,220.0,220.0
SAL32648,Staaten,QLD,0.0,4020.48,0.0,0.0,0.0
SAL32649,Stafford,QLD,6978.0,4.36,360.0,360.0,360.0
SAL32650,Stafford Heights,QLD,6992.0,3.69,415.0,415.0,415.0
SAL32651,Stalworth,QLD,37.0,56.19,188.0,188.0,188.0
SAL32652,Stamford,QLD,77.0,7780.35,133.0,133.0,133.0
SAL32653,Stanage,QLD,78.0,1281.19,120.0,120.0,120.0
SAL32654,Stanmore (Qld),QLD,454.0,61.42,350.0,350.0,350.0
SAL32655,Stanthorpe,QLD,5286.0,43.86,250.0,250.0,250.0
SAL32656,Stanwell,QLD,301.0,163.71,293.0,293.0,293.0
SAL32657,Stapylton,QLD,430.0,19.24,285.0,285.0,285.0
SAL32658,Starcke,QLD,3.0,4724.07,0.0,0.0,0.0
SAL32659,Steiglitz (Qld),QLD,682.0,14.66,420.0,420.0,420.0
SAL32660,Stewart Creek Valley,QLD,24.0,32.82,300.0,300.0,300.0
SAL32661,Stewarton (Qld),QLD,52.0,900.05,0.0,0.0,0.0
SAL32662,Stockhaven,QLD,6.0,186.19,0.0,0.0,0.0
SAL32663,Stockleigh,QLD,1152.0,21.41,440.0,440.0,440.0
SAL32664,Stockton (Qld),QLD,57.0,4.09,275.0,275.0,275.0
SAL32665,Stockyard (Livingstone - Qld),QLD,16.0,182.72,0.0,0.0,0.0
SAL32666,Stockyard (Lockyer Valley - Qld),QLD,65.0,22.38,0.0,0.0,0.0
SAL32667,Stokes,QLD,75.0,13121.82,0.0,0.0,0.0
SAL32668,Stonehenge (Barcoo - Qld),QLD,58.0,18652.82,130.0,130.0,130.0
SAL32669,Stonehenge (Toowoomba - Qld),QLD,20.0,315.84,175.0,175.0,175.0
SAL32670,Stonelands,QLD,34.0,208.45,0.0,0.0,0.0
SAL32671,Stoneleigh (Qld),QLD,124.0,38.96,250.0,250.0,250.0
SAL32672,Stones Corner,QLD,2336.0,0.76,400.0,400.0,400.0
SAL32673,Stony Creek (Qld),QLD,245.0,57.19,450.0,450.0,450.0
SAL32674,Storm King,QLD,106.0,26.71,275.0,275.0,275.0
SAL32675,Stoters Hill,QLD,97.0,5.47,220.0,220.0,220.0
SAL32676,Stratford (Qld),QLD,1198.0,2.26,345.0,345.0,345.0
SAL32677,Strathdickie,QLD,1003.0,41.22,350.0,350.0,350.0
SAL32678,Strathfield (Qld),QLD,8.0,800.81,0.0,0.0,0.0
SAL32679,Strathmore (Qld),QLD,14.0,10427.0,0.0,0.0,0.0
SAL32680,Strathpine,QLD,10647.0,9.06,370.0,370.0,370.0
SAL32681,Stretton,QLD,4686.0,6.51,550.0,550.0,550.0
SAL32682,Struck Oil,QLD,151.0,25.14,350.0,350.0,350.0
SAL32683,Stuart (Qld),QLD,1576.0,64.53,250.0,250.0,250.0
SAL32684,Sturt (Qld),QLD,0.0,6399.65,0.0,0.0,0.0
SAL32685,Sugarloaf (Southern Downs - Qld),QLD,162.0,67.17,500.0,500.0,500.0
SAL32686,Sugarloaf (Whitsunday - Qld),QLD,310.0,7.76,430.0,430.0,430.0
SAL32687,Sujeewong,QLD,6.0,659.46,0.0,0.0,0.0
SAL32688,Summerholm,QLD,646.0,51.09,355.0,355.0,355.0
SAL32689,Sumner,QLD,603.0,2.42,445.0,445.0,445.0
SAL32690,Sun Valley (Qld),QLD,1296.0,1.26,260.0,260.0,260.0
SAL32691,Sundown (Cassowary Coast - Qld),QLD,145.0,6.62,280.0,280.0,280.0
SAL32692,Sundown (Southern Downs - Qld),QLD,0.0,221.34,0.0,0.0,0.0
SAL32693,Sunny Nook,QLD,27.0,23.37,250.0,250.0,250.0
SAL32694,Sunnybank,QLD,8892.0,5.74,400.0,400.0,400.0
SAL32695,Sunnybank Hills,QLD,18085.0,8.28,410.0,410.0,410.0
SAL32696,Sunnyside (Qld),QLD,127.0,51.69,275.0,275.0,275.0
SAL32697,Sunrise Beach,QLD,3687.0,3.11,508.0,508.0,508.0
SAL32698,Sunset,QLD,2137.0,2.25,349.0,349.0,349.0
SAL32699,Sunshine Acres,QLD,1009.0,17.71,300.0,300.0,300.0
SAL32700,Sunshine Beach,QLD,2480.0,2.38,495.0,495.0,495.0
SAL32701,Surat,QLD,402.0,2.67,150.0,150.0,150.0
SAL32702,Surfers Paradise,QLD,26412.0,7.46,410.0,410.0,410.0
SAL32703,Susan River,QLD,115.0,66.06,200.0,200.0,200.0
SAL32704,Suttor,QLD,75.0,428.14,670.0,670.0,670.0
SAL32705,Svensson Heights,QLD,3334.0,3.39,265.0,265.0,265.0
SAL32706,Swan Creek (Qld),QLD,161.0,33.69,240.0,240.0,240.0
SAL32707,Swanbank,QLD,4.0,22.27,0.0,0.0,0.0
SAL32708,Swanfels,QLD,131.0,163.69,315.0,315.0,315.0
SAL32709,Swans Lagoon,QLD,12.0,534.11,0.0,0.0,0.0
SAL32710,Sweers Island,QLD,4.0,12.04,0.0,0.0,0.0
SAL32711,Syndicate,QLD,0.0,127.33,0.0,0.0,0.0
SAL32712,Taabinga,QLD,601.0,39.1,288.0,288.0,288.0
SAL32713,Tablelands (Gladstone - Qld),QLD,9.0,466.59,0.0,0.0,0.0
SAL32714,Tablelands (South Burnett - Qld),QLD,116.0,51.05,250.0,250.0,250.0
SAL32715,Tabooba,QLD,57.0,31.25,200.0,200.0,200.0
SAL32716,Tabragalba,QLD,48.0,34.16,250.0,250.0,250.0
SAL32717,Taigum,QLD,7801.0,3.86,395.0,395.0,395.0
SAL32718,Takilberan,QLD,47.0,290.77,250.0,250.0,250.0
SAL32719,Takura,QLD,553.0,64.01,353.0,353.0,353.0
SAL32720,Talaroo,QLD,5.0,530.98,0.0,0.0,0.0
SAL32721,Taldora,QLD,78.0,15002.56,0.0,0.0,0.0
SAL32722,Talegalla Weir,QLD,127.0,62.58,100.0,100.0,100.0
SAL32723,Talgai,QLD,106.0,91.47,260.0,260.0,260.0
SAL32724,Tallai,QLD,4465.0,16.76,550.0,550.0,550.0
SAL32725,Tallebudgera,QLD,3826.0,24.8,595.0,595.0,595.0
SAL32726,Tallebudgera Valley,QLD,1762.0,77.69,373.0,373.0,373.0
SAL32727,Tallegalla,QLD,351.0,34.86,400.0,400.0,400.0
SAL32728,Tam O'Shanter,QLD,0.0,22.83,0.0,0.0,0.0
SAL32729,Tamaree,QLD,1000.0,10.64,350.0,350.0,350.0
SAL32730,Tambo,QLD,318.0,754.17,144.0,144.0,144.0
SAL32731,Tamborine,QLD,4388.0,91.5,450.0,450.0,450.0
SAL32732,Tamborine Mountain,QLD,8105.0,54.6,420.0,420.0,420.0
SAL32733,Tamrookum,QLD,94.0,26.72,200.0,200.0,200.0
SAL32734,Tamrookum Creek,QLD,35.0,40.35,231.0,231.0,231.0
SAL32735,Tanah Merah,QLD,4754.0,5.17,380.0,380.0,380.0
SAL32736,Tanawha,QLD,1312.0,15.58,408.0,408.0,408.0
SAL32737,Tanbar,QLD,0.0,13800.34,0.0,0.0,0.0
SAL32738,Tanby,QLD,577.0,42.48,365.0,365.0,365.0
SAL32739,Tandora,QLD,12.0,68.48,0.0,0.0,0.0
SAL32740,Tandur,QLD,188.0,27.02,330.0,330.0,330.0
SAL32741,Tangorin,QLD,47.0,6630.25,0.0,0.0,0.0
SAL32742,Tannum Sands,QLD,5227.0,92.64,290.0,290.0,290.0
SAL32743,Tannymorel,QLD,148.0,42.03,170.0,170.0,170.0
SAL32744,Tansey,QLD,154.0,437.96,185.0,185.0,185.0
SAL32745,Tara (Qld),QLD,1980.0,1641.17,180.0,180.0,180.0
SAL32746,Taragoola,QLD,0.0,67.56,0.0,0.0,0.0
SAL32747,Tarampa,QLD,287.0,15.53,283.0,283.0,283.0
SAL32748,Taranganba,QLD,2275.0,2.29,350.0,350.0,350.0
SAL32749,Tarawera,QLD,69.0,667.95,100.0,100.0,100.0
SAL32750,Targinnie,QLD,31.0,174.1,270.0,270.0,270.0
SAL32751,Taringa,QLD,8732.0,2.59,385.0,385.0,385.0
SAL32752,Tarome,QLD,135.0,149.03,320.0,320.0,320.0
SAL32753,Taromeo,QLD,373.0,109.98,260.0,260.0,260.0
SAL32754,Tarong,QLD,193.0,117.5,205.0,205.0,205.0
SAL32755,Taroom,QLD,885.0,1708.12,170.0,170.0,170.0
SAL32756,Taroomball,QLD,1136.0,19.2,460.0,460.0,460.0
SAL32757,Tarragindi,QLD,11035.0,5.79,450.0,450.0,450.0
SAL32758,Tarramba,QLD,38.0,460.85,120.0,120.0,120.0
SAL32759,Tarzali,QLD,431.0,84.8,260.0,260.0,260.0
SAL32760,Taunton (Qld),QLD,57.0,138.38,220.0,220.0,220.0
SAL32761,Taylors Beach (Qld),QLD,297.0,12.95,175.0,175.0,175.0
SAL32762,Te Kowai,QLD,227.0,19.01,225.0,225.0,225.0
SAL32763,Teddington,QLD,236.0,33.0,300.0,300.0,300.0
SAL32764,Teebar,QLD,59.0,83.38,215.0,215.0,215.0
SAL32765,Teelah,QLD,90.0,55.02,0.0,0.0,0.0
SAL32766,Teelba,QLD,82.0,1323.97,143.0,143.0,143.0
SAL32767,Telina,QLD,2197.0,1.84,255.0,255.0,255.0
SAL32768,Tellebang,QLD,60.0,262.6,120.0,120.0,120.0
SAL32769,Templin,QLD,89.0,15.65,250.0,250.0,250.0
SAL32770,Teneriffe,QLD,5520.0,0.82,510.0,510.0,510.0
SAL32771,Tennyson (Qld),QLD,1109.0,1.45,530.0,530.0,530.0
SAL32772,Terrica,QLD,29.0,500.46,0.0,0.0,0.0
SAL32773,Teviotville,QLD,114.0,11.67,285.0,285.0,285.0
SAL32774,Tewantin,QLD,11164.0,32.7,450.0,450.0,450.0
SAL32775,Texas (Qld),QLD,790.0,137.26,200.0,200.0,200.0
SAL32776,Thabeban,QLD,2971.0,9.37,298.0,298.0,298.0
SAL32777,Thagoona,QLD,1077.0,16.87,385.0,385.0,385.0
SAL32778,Thallon,QLD,231.0,2723.8,125.0,125.0,125.0
SAL32779,Thane,QLD,19.0,48.94,0.0,0.0,0.0
SAL32780,Thanes Creek,QLD,61.0,105.51,300.0,300.0,300.0
SAL32781,Thangool,QLD,685.0,848.04,200.0,200.0,200.0
SAL32782,Thargomindah,QLD,243.0,20456.2,153.0,153.0,153.0
SAL32783,The Bluff (Ipswich - Qld),QLD,53.0,10.6,300.0,300.0,300.0
SAL32784,The Bluff (Toowoomba - Qld),QLD,0.0,41.3,0.0,0.0,0.0
SAL32785,The Caves,QLD,680.0,53.64,300.0,300.0,300.0
SAL32786,The Common,QLD,4.0,6.34,200.0,200.0,200.0
SAL32787,The Dawn,QLD,604.0,10.82,305.0,305.0,305.0
SAL32788,The Dimonds,QLD,0.0,20.65,0.0,0.0,0.0
SAL32789,The Falls,QLD,51.0,71.82,155.0,155.0,155.0
SAL32790,The Gap (Brisbane - Qld),QLD,17318.0,15.95,490.0,490.0,490.0
SAL32791,The Gap (Mount Isa - Qld),QLD,817.0,0.81,255.0,255.0,255.0
SAL32792,The Glen (Qld),QLD,32.0,147.65,0.0,0.0,0.0
SAL32793,The Gums,QLD,165.0,1379.08,125.0,125.0,125.0
SAL32794,The Head,QLD,12.0,38.95,0.0,0.0,0.0
SAL32795,The Hermitage,QLD,55.0,18.93,0.0,0.0,0.0
SAL32796,The Keppels,QLD,60.0,26.97,0.0,0.0,0.0
SAL32797,The Leap,QLD,664.0,64.37,250.0,250.0,250.0
SAL32798,The Limits,QLD,0.0,33.07,0.0,0.0,0.0
SAL32799,The Mine,QLD,23.0,13.72,240.0,240.0,240.0
SAL32800,The Narrows (Qld),QLD,0.0,312.24,0.0,0.0,0.0
SAL32801,The Palms,QLD,1083.0,21.11,300.0,300.0,300.0
SAL32802,The Percy Group,QLD,4.0,72.76,0.0,0.0,0.0
SAL32803,The Pines (Qld),QLD,41.0,6.72,0.0,0.0,0.0
SAL32804,The Range (Qld),QLD,5231.0,4.39,320.0,320.0,320.0
SAL32805,The Summit,QLD,436.0,21.49,270.0,270.0,270.0
SAL32806,Theebine,QLD,145.0,55.01,160.0,160.0,160.0
SAL32807,Theodore (Qld),QLD,451.0,2.7,195.0,195.0,195.0
SAL32808,Theresa Creek (Qld),QLD,42.0,746.42,250.0,250.0,250.0
SAL32809,Thinoomba,QLD,16.0,98.21,0.0,0.0,0.0
SAL32810,Thompson Point,QLD,4.0,144.79,0.0,0.0,0.0
SAL32811,Thoopara,QLD,52.0,99.06,200.0,200.0,200.0
SAL32812,Thornborough,QLD,21.0,456.44,0.0,0.0,0.0
SAL32813,Thorndale,QLD,134.0,17.76,260.0,260.0,260.0
SAL32814,Thorneside,QLD,3877.0,3.4,370.0,370.0,370.0
SAL32815,Thornlands,QLD,19263.0,27.65,470.0,470.0,470.0
SAL32816,Thornton (Qld),QLD,214.0,121.3,210.0,210.0,210.0
SAL32817,Thornton Beach,QLD,8.0,11.89,0.0,0.0,0.0
SAL32818,Thornville,QLD,39.0,56.73,92.0,92.0,92.0
SAL32819,Three Moon,QLD,178.0,113.41,126.0,126.0,126.0
SAL32820,Three Rivers,QLD,93.0,10092.23,0.0,0.0,0.0
SAL32821,Thulimbah,QLD,351.0,17.48,213.0,213.0,213.0
SAL32822,Thuringowa Central,QLD,1953.0,2.14,320.0,320.0,320.0
SAL32823,Thursday Island,QLD,2805.0,3.87,200.0,200.0,200.0
SAL32824,Tiaro,QLD,778.0,105.8,250.0,250.0,250.0
SAL32825,Tieri,QLD,732.0,13.61,15.0,15.0,15.0
SAL32826,Tin Can Bay,QLD,2293.0,291.91,260.0,260.0,260.0
SAL32827,Tinana,QLD,5872.0,46.07,300.0,300.0,300.0
SAL32828,Tinana South,QLD,545.0,31.78,290.0,290.0,290.0
SAL32829,Tinaroo,QLD,293.0,21.57,330.0,330.0,330.0
SAL32830,Tinbeerwah,QLD,1160.0,27.35,400.0,400.0,400.0
SAL32831,Tingalpa,QLD,8461.0,11.74,420.0,420.0,420.0
SAL32832,Tingoora,QLD,272.0,24.61,225.0,225.0,225.0
SAL32833,Tingun,QLD,184.0,1564.42,160.0,160.0,160.0
SAL32834,Tinnanbar,QLD,64.0,14.4,248.0,248.0,248.0
SAL32835,Tipton,QLD,37.0,64.4,200.0,200.0,200.0
SAL32836,Tirroan,QLD,150.0,18.04,280.0,280.0,280.0
SAL32837,Tivoli,QLD,1460.0,4.49,285.0,285.0,285.0
SAL32838,Togara,QLD,30.0,1384.27,0.0,0.0,0.0
SAL32839,Toko,QLD,0.0,8222.57,0.0,0.0,0.0
SAL32840,Tolga,QLD,3177.0,93.96,300.0,300.0,300.0
SAL32841,Toll,QLD,711.0,9.55,220.0,220.0,220.0
SAL32842,Toobanna,QLD,276.0,44.19,190.0,190.0,190.0
SAL32843,Toobeah,QLD,149.0,1458.07,170.0,170.0,170.0
SAL32844,Toogoolawah,QLD,1200.0,54.98,260.0,260.0,260.0
SAL32845,Toogoom,QLD,2596.0,11.86,345.0,345.0,345.0
SAL32846,Toolakea,QLD,218.0,0.93,310.0,310.0,310.0
SAL32847,Toolara Forest,QLD,0.0,497.75,0.0,0.0,0.0
SAL32848,Toolburra,QLD,56.0,11.22,196.0,196.0,196.0
SAL32849,Toolooa,QLD,992.0,3.57,189.0,189.0,189.0
SAL32850,Toomulla,QLD,193.0,3.29,280.0,280.0,280.0
SAL32851,Toondahra,QLD,0.0,289.79,0.0,0.0,0.0
SAL32852,Toonpan,QLD,62.0,14.38,0.0,0.0,0.0
SAL32853,Toorbul,QLD,958.0,24.0,325.0,325.0,325.0
SAL32854,Toowong,QLD,12556.0,5.19,420.0,420.0,420.0
SAL32855,Toowoomba City,QLD,2321.0,3.47,255.0,255.0,255.0
SAL32856,Top Camp,QLD,902.0,6.21,360.0,360.0,360.0
SAL32857,Topaz,QLD,177.0,51.32,250.0,250.0,250.0
SAL32858,Torbanlea,QLD,841.0,36.14,270.0,270.0,270.0
SAL32859,Torquay (Qld),QLD,6533.0,5.32,300.0,300.0,300.0
SAL32860,Torrens Creek,QLD,46.0,7038.65,0.0,0.0,0.0
SAL32861,Torres Strait,QLD,0.0,68.46,0.0,0.0,0.0
SAL32862,Torrington (Qld),QLD,1070.0,9.97,343.0,343.0,343.0
SAL32863,Towen Mountain,QLD,304.0,4.41,362.0,362.0,362.0
SAL32864,Towers Hill,QLD,190.0,2.53,190.0,190.0,190.0
SAL32865,Town Common,QLD,3.0,42.99,0.0,0.0,0.0
SAL32866,Townson,QLD,52.0,118.64,275.0,275.0,275.0
SAL32867,Townsville City,QLD,2945.0,2.21,390.0,390.0,390.0
SAL32868,Townview,QLD,2067.0,1.3,253.0,253.0,253.0
SAL32869,Traveston,QLD,509.0,39.21,325.0,325.0,325.0
SAL32870,Trebonne,QLD,430.0,65.64,200.0,200.0,200.0
SAL32871,Tregony,QLD,36.0,73.52,163.0,163.0,163.0
SAL32872,Trinity Beach,QLD,6594.0,6.56,380.0,380.0,380.0
SAL32873,Trinity Park,QLD,3536.0,3.25,465.0,465.0,465.0
SAL32874,Trotter Creek,QLD,12.0,22.02,0.0,0.0,0.0
SAL32875,Trunding,QLD,929.0,2.8,471.0,471.0,471.0
SAL32876,Tuan,QLD,140.0,2.51,270.0,270.0,270.0
SAL32877,Tuan Forest,QLD,5.0,648.25,0.0,0.0,0.0
SAL32878,Tuchekoi,QLD,199.0,37.39,350.0,350.0,350.0
SAL32879,Tuckerang,QLD,111.0,298.42,200.0,200.0,200.0
SAL32880,Tuen,QLD,12.0,1397.93,0.0,0.0,0.0
SAL32881,Tugun,QLD,7175.0,4.02,460.0,460.0,460.0
SAL32882,Tully,QLD,2368.0,14.47,250.0,250.0,250.0
SAL32883,Tully Heads,QLD,354.0,6.57,250.0,250.0,250.0
SAL32884,Tummaville,QLD,55.0,359.32,200.0,200.0,200.0
SAL32885,Tumoulin,QLD,135.0,53.16,200.0,200.0,200.0
SAL32886,Tungamull,QLD,429.0,67.49,350.0,350.0,350.0
SAL32887,Turallin,QLD,64.0,139.87,135.0,135.0,135.0
SAL32888,Turkey Beach,QLD,148.0,2.05,228.0,228.0,228.0
SAL32889,Turrawulla,QLD,5.0,1030.09,0.0,0.0,0.0
SAL32890,Twin Waters,QLD,2966.0,4.92,650.0,650.0,650.0
SAL32891,Two Mile,QLD,69.0,4.66,303.0,303.0,303.0
SAL32892,Tyrconnel,QLD,17.0,1392.19,0.0,0.0,0.0
SAL32893,Ugar Island,QLD,69.0,0.38,119.0,119.0,119.0
SAL32894,Ulogie,QLD,31.0,820.58,0.0,0.0,0.0
SAL32895,Umagico,QLD,394.0,53.67,125.0,125.0,125.0
SAL32896,Umbiram,QLD,146.0,47.02,300.0,300.0,300.0
SAL32897,Underwood (Qld),QLD,6809.0,5.35,400.0,400.0,400.0
SAL32898,Undullah,QLD,24.0,135.05,0.0,0.0,0.0
SAL32899,Upper Barron,QLD,503.0,115.23,255.0,255.0,255.0
SAL32900,Upper Brookfield,QLD,857.0,46.66,463.0,463.0,463.0
SAL32901,Upper Caboolture,QLD,5087.0,20.4,360.0,360.0,360.0
SAL32902,Upper Coomera,QLD,27180.0,30.93,450.0,450.0,450.0
SAL32903,Upper Cooyar Creek,QLD,16.0,93.63,120.0,120.0,120.0
SAL32904,Upper Daintree,QLD,21.0,27.7,0.0,0.0,0.0
SAL32905,Upper Daradgee,QLD,99.0,20.35,240.0,240.0,240.0
SAL32906,Upper Dawson,QLD,14.0,914.04,0.0,0.0,0.0
SAL32907,Upper Flagstone,QLD,191.0,38.06,410.0,410.0,410.0
SAL32908,Upper Freestone,QLD,75.0,54.96,208.0,208.0,208.0
SAL32909,Upper Glastonbury,QLD,56.0,183.32,200.0,200.0,200.0
SAL32910,Upper Haughton,QLD,34.0,414.41,90.0,90.0,90.0
SAL32911,Upper Kandanga,QLD,49.0,152.87,150.0,150.0,150.0
SAL32912,Upper Kedron,QLD,5800.0,11.85,455.0,455.0,455.0
SAL32913,Upper Lockyer,QLD,542.0,19.36,310.0,310.0,310.0
SAL32914,Upper Mount Gravatt,QLD,10800.0,5.22,415.0,415.0,415.0
SAL32915,Upper Pilton,QLD,80.0,110.6,0.0,0.0,0.0
SAL32916,Upper Pinelands,QLD,49.0,23.93,0.0,0.0,0.0
SAL32917,Upper Stone,QLD,111.0,363.04,234.0,234.0,234.0
SAL32918,Upper Tenthill,QLD,273.0,31.51,230.0,230.0,230.0
SAL32919,Upper Warrego,QLD,38.0,6084.11,0.0,0.0,0.0
SAL32920,Upper Wheatvale,QLD,45.0,11.5,200.0,200.0,200.0
SAL32921,Upper Yarraman,QLD,80.0,52.59,180.0,180.0,180.0
SAL32922,Urangan,QLD,10988.0,18.52,335.0,335.0,335.0
SAL32923,Urraween,QLD,7951.0,9.16,380.0,380.0,380.0
SAL32924,Utchee Creek,QLD,256.0,31.72,290.0,290.0,290.0
SAL32925,V Gate,QLD,40.0,1289.49,0.0,0.0,0.0
SAL32926,Valdora,QLD,776.0,12.82,530.0,530.0,530.0
SAL32927,Vale View,QLD,454.0,18.54,340.0,340.0,340.0
SAL32928,Valentine Plains,QLD,373.0,555.51,240.0,240.0,240.0
SAL32929,Valkyrie,QLD,71.0,3042.0,42.0,42.0,42.0
SAL32930,Valley Of Lagoons,QLD,39.0,5150.93,0.0,0.0,0.0
SAL32931,Varsity Lakes,QLD,16493.0,7.62,490.0,490.0,490.0
SAL32932,Vasa Views,QLD,136.0,9.12,220.0,220.0,220.0
SAL32933,Ventnor (Qld),QLD,13.0,104.96,40.0,40.0,40.0
SAL32934,Veradilla,QLD,125.0,14.18,400.0,400.0,400.0
SAL32935,Veresdale,QLD,414.0,22.17,338.0,338.0,338.0
SAL32936,Veresdale Scrub,QLD,548.0,20.23,375.0,375.0,375.0
SAL32937,Vernor,QLD,235.0,11.53,380.0,380.0,380.0
SAL32938,Verrierdale,QLD,809.0,37.71,430.0,430.0,430.0
SAL32939,Veteran,QLD,959.0,39.48,300.0,300.0,300.0
SAL32940,Victoria Hill,QLD,48.0,39.94,150.0,150.0,150.0
SAL32941,Victoria Plains,QLD,338.0,49.55,220.0,220.0,220.0
SAL32942,Victoria Plantation,QLD,169.0,13.0,60.0,60.0,60.0
SAL32943,Victoria Point (Qld),QLD,15140.0,17.18,450.0,450.0,450.0
SAL32944,Victoria Vale,QLD,12.0,2704.77,0.0,0.0,0.0
SAL32945,Victory Heights (Qld),QLD,486.0,5.7,300.0,300.0,300.0
SAL32946,Villeneuve,QLD,193.0,8.23,300.0,300.0,300.0
SAL32947,Vincent,QLD,2213.0,1.47,280.0,280.0,280.0
SAL32948,Vinegar Hill,QLD,57.0,82.36,580.0,580.0,580.0
SAL32949,Virginia (Qld),QLD,2395.0,3.81,443.0,443.0,443.0
SAL32950,Wacol,QLD,4253.0,22.67,320.0,320.0,320.0
SAL32951,Wahoon,QLD,0.0,111.99,0.0,0.0,0.0
SAL32952,Waikola,QLD,26.0,724.63,100.0,100.0,100.0
SAL32953,Wainui,QLD,8.0,12.67,50.0,50.0,50.0
SAL32954,Wairuna,QLD,0.0,1492.57,0.0,0.0,0.0
SAL32955,Wakerley,QLD,8718.0,5.47,510.0,510.0,510.0
SAL32956,Walhallow,QLD,31.0,908.77,0.0,0.0,0.0
SAL32957,Walkamin,QLD,532.0,49.25,300.0,300.0,300.0
SAL32958,Walkers Point,QLD,75.0,17.5,250.0,250.0,250.0
SAL32959,Walkerston,QLD,3615.0,16.04,360.0,360.0,360.0
SAL32960,Walkervale,QLD,2981.0,2.1,275.0,275.0,275.0
SAL32961,Wallaces Creek,QLD,74.0,15.56,380.0,380.0,380.0
SAL32962,Wallaman,QLD,0.0,150.02,0.0,0.0,0.0
SAL32963,Wallangarra,QLD,440.0,46.45,220.0,220.0,220.0
SAL32964,Wallaroo (Qld),QLD,13.0,289.25,0.0,0.0,0.0
SAL32965,Wallaville,QLD,363.0,79.45,240.0,240.0,240.0
SAL32966,Walliebum,QLD,0.0,6.57,0.0,0.0,0.0
SAL32967,Walligan,QLD,447.0,28.94,350.0,350.0,350.0
SAL32968,Walloon,QLD,2305.0,23.59,370.0,370.0,370.0
SAL32969,Wallu,QLD,108.0,2.43,350.0,350.0,350.0
SAL32970,Wallumbilla,QLD,331.0,117.97,155.0,155.0,155.0
SAL32971,Wallumbilla North,QLD,158.0,927.48,150.0,150.0,150.0
SAL32972,Wallumbilla South,QLD,80.0,970.22,25.0,25.0,25.0
SAL32973,Walmul,QLD,21.0,13.35,0.0,0.0,0.0
SAL32974,Walter Hill,QLD,0.0,366.89,0.0,0.0,0.0
SAL32975,Walter Lever Estate,QLD,44.0,14.34,235.0,235.0,235.0
SAL32976,Walterhall,QLD,156.0,0.7,220.0,220.0,220.0
SAL32977,Wamuran,QLD,3374.0,86.51,345.0,345.0,345.0
SAL32978,Wamuran Basin,QLD,199.0,14.63,300.0,300.0,300.0
SAL32979,Wandal,QLD,3949.0,4.29,270.0,270.0,270.0
SAL32980,Wandoan,QLD,666.0,910.33,160.0,160.0,160.0
SAL32981,Wangan,QLD,612.0,3.69,255.0,255.0,255.0
SAL32982,Wangaratta (Qld),QLD,29.0,212.09,0.0,0.0,0.0
SAL32983,Wangetti,QLD,68.0,47.18,300.0,300.0,300.0
SAL32984,Wanjuru,QLD,0.0,27.45,0.0,0.0,0.0
SAL32985,Wanora,QLD,262.0,17.52,310.0,310.0,310.0
SAL32986,Warana,QLD,3831.0,3.69,420.0,420.0,420.0
SAL32987,Warburton (Qld),QLD,0.0,3124.96,0.0,0.0,0.0
SAL32988,Ward,QLD,87.0,4247.06,0.0,0.0,0.0
SAL32989,Warenda,QLD,5.0,3906.73,0.0,0.0,0.0
SAL32990,Warkon,QLD,30.0,1204.33,100.0,100.0,100.0
SAL32991,Warner,QLD,12264.0,13.47,420.0,420.0,420.0
SAL32992,Warnoah,QLD,84.0,520.51,275.0,275.0,275.0
SAL32993,Warnung,QLD,6.0,11.66,0.0,0.0,0.0
SAL32994,Warra,QLD,180.0,248.65,150.0,150.0,150.0
SAL32995,Warraber Islet,QLD,287.0,0.82,125.0,125.0,125.0
SAL32996,Warrami,QLD,39.0,117.62,220.0,220.0,220.0
SAL32997,Warrill View,QLD,203.0,42.59,200.0,200.0,200.0
SAL32998,Warroo (Qld),QLD,39.0,496.31,0.0,0.0,0.0
SAL32999,Warrubullen,QLD,59.0,17.95,265.0,265.0,265.0
SAL33000,Warwick (Qld),QLD,12294.0,38.0,260.0,260.0,260.0
SAL33001,Washpool (Qld),QLD,101.0,25.1,475.0,475.0,475.0
SAL33002,Watalgan,QLD,38.0,65.37,280.0,280.0,280.0
SAL33003,Wateranga,QLD,0.0,125.1,0.0,0.0,0.0
SAL33004,Waterford (Qld),QLD,5796.0,8.73,400.0,400.0,400.0
SAL33005,Waterford West,QLD,6942.0,6.71,310.0,310.0,310.0
SAL33006,Waterloo (Qld),QLD,171.0,151.2,150.0,150.0,150.0
SAL33007,Watsons Crossing,QLD,16.0,87.08,0.0,0.0,0.0
SAL33008,Watsonville,QLD,176.0,309.03,260.0,260.0,260.0
SAL33009,Wattle Camp,QLD,543.0,91.95,235.0,235.0,235.0
SAL33010,Wattle Grove (Qld),QLD,100.0,87.04,290.0,290.0,290.0
SAL33011,Wattle Ridge (Qld),QLD,21.0,204.83,0.0,0.0,0.0
SAL33012,Wattlebank,QLD,74.0,37.16,280.0,280.0,280.0
SAL33013,Waua Islet,QLD,0.0,0.22,0.0,0.0,0.0
SAL33014,Waugh Pocket,QLD,46.0,10.87,245.0,245.0,245.0
SAL33015,Wavell Heights,QLD,10336.0,5.21,421.0,421.0,421.0
SAL33016,Waverley (Qld),QLD,6.0,10735.67,0.0,0.0,0.0
SAL33017,Wealwandangie,QLD,39.0,1273.96,20.0,20.0,20.0
SAL33018,Webb,QLD,393.0,3.05,270.0,270.0,270.0
SAL33019,Weengallon,QLD,46.0,1110.07,138.0,138.0,138.0
SAL33020,Weerriba,QLD,0.0,100.7,0.0,0.0,0.0
SAL33021,Weipa Airport,QLD,0.0,1.25,0.0,0.0,0.0
SAL33022,Weir River,QLD,19.0,729.8,159.0,159.0,159.0
SAL33023,Welcome Creek,QLD,421.0,56.85,270.0,270.0,270.0
SAL33024,Wellcamp,QLD,346.0,62.29,455.0,455.0,455.0
SAL33025,Wellesley (Qld),QLD,94.0,1415.5,100.0,100.0,100.0
SAL33026,Wellesley Islands,QLD,1022.0,1124.73,104.0,104.0,104.0
SAL33027,Wellington Point,QLD,12661.0,12.51,450.0,450.0,450.0
SAL33028,Welsby,QLD,0.0,80.53,0.0,0.0,0.0
SAL33029,Wengenville,QLD,54.0,145.84,250.0,250.0,250.0
SAL33030,Wenlock,QLD,9.0,4015.47,1104.0,1104.0,1104.0
SAL33031,Weranga,QLD,208.0,280.91,150.0,150.0,150.0
SAL33032,Weribone,QLD,14.0,459.35,0.0,0.0,0.0
SAL33033,West End (Brisbane - Qld),QLD,14730.0,2.46,450.0,450.0,450.0
SAL33034,West End (Townsville - Qld),QLD,3891.0,3.48,250.0,250.0,250.0
SAL33035,West Gladstone,QLD,4844.0,8.51,230.0,230.0,230.0
SAL33036,West Haldon,QLD,63.0,122.39,210.0,210.0,210.0
SAL33037,West Ipswich,QLD,512.0,0.92,270.0,270.0,270.0
SAL33038,West Mackay,QLD,6536.0,6.85,320.0,320.0,320.0
SAL33039,West Point,QLD,32.0,33.61,150.0,150.0,150.0
SAL33040,West Prairie,QLD,78.0,182.41,150.0,150.0,150.0
SAL33041,West Rockhampton,QLD,1848.0,7.55,258.0,258.0,258.0
SAL33042,West Stowe,QLD,391.0,144.67,370.0,370.0,370.0
SAL33043,West Wellesley Islands,QLD,0.0,57.9,0.0,0.0,0.0
SAL33044,West Woombye,QLD,1083.0,15.05,420.0,420.0,420.0
SAL33045,Westbrook (Qld),QLD,4408.0,77.73,380.0,380.0,380.0
SAL33046,Westcourt,QLD,3841.0,1.79,300.0,300.0,300.0
SAL33047,Western Creek (Qld),QLD,0.0,918.36,178.0,178.0,178.0
SAL33048,Westgrove,QLD,4.0,558.21,0.0,0.0,0.0
SAL33049,Westlake,QLD,4547.0,2.54,550.0,550.0,550.0
SAL33050,Westmar,QLD,59.0,646.57,200.0,200.0,200.0
SAL33051,Westvale,QLD,0.0,88.93,0.0,0.0,0.0
SAL33052,Westwood (Qld),QLD,199.0,533.53,100.0,100.0,100.0
SAL33053,Wetheron,QLD,40.0,155.0,116.0,116.0,116.0
SAL33054,Weyba Downs,QLD,352.0,7.78,500.0,500.0,500.0
SAL33055,Wharps,QLD,0.0,123.57,0.0,0.0,0.0
SAL33056,Wheatlands,QLD,82.0,41.39,200.0,200.0,200.0
SAL33057,Wheatvale,QLD,57.0,19.86,155.0,155.0,155.0
SAL33058,Whetstone,QLD,70.0,720.59,69.0,69.0,69.0
SAL33059,Whichello,QLD,31.0,14.82,0.0,0.0,0.0
SAL33060,White Mountain,QLD,16.0,51.83,0.0,0.0,0.0
SAL33061,White Patch,QLD,150.0,1.65,475.0,475.0,475.0
SAL33062,White Rock (Cairns - Qld),QLD,4918.0,10.47,340.0,340.0,340.0
SAL33063,White Rock (Ipswich - Qld),QLD,3.0,22.15,185.0,185.0,185.0
SAL33064,Whiteside,QLD,810.0,19.53,390.0,390.0,390.0
SAL33065,Whitfield (Qld),QLD,4262.0,6.55,340.0,340.0,340.0
SAL33066,Whitsundays,QLD,2281.0,247.46,356.0,356.0,356.0
SAL33067,Whyanbeel,QLD,172.0,60.19,225.0,225.0,225.0
SAL33068,Widgee,QLD,862.0,247.21,280.0,280.0,280.0
SAL33069,Widgee Crossing North,QLD,20.0,4.28,193.0,193.0,193.0
SAL33070,Widgee Crossing South,QLD,33.0,5.93,355.0,355.0,355.0
SAL33071,Widgeegoara,QLD,19.0,3386.05,0.0,0.0,0.0
SAL33072,Wieambilla,QLD,78.0,333.94,200.0,200.0,200.0
SAL33073,Wights Mountain,QLD,767.0,10.95,350.0,350.0,350.0
SAL33074,Wigton,QLD,5.0,483.59,0.0,0.0,0.0
SAL33075,Wildash,QLD,75.0,110.98,100.0,100.0,100.0
SAL33076,Wilkesdale,QLD,101.0,79.38,198.0,198.0,198.0
SAL33077,Willawong,QLD,145.0,11.05,328.0,328.0,328.0
SAL33078,Willow Vale (Qld),QLD,2279.0,27.35,430.0,430.0,430.0
SAL33079,Willowbank,QLD,1351.0,26.35,245.0,245.0,245.0
SAL33080,Willows,QLD,139.0,1446.93,113.0,113.0,113.0
SAL33081,Willowvale (Qld),QLD,108.0,60.73,223.0,223.0,223.0
SAL33082,Wills,QLD,31.0,8225.22,0.0,0.0,0.0
SAL33083,Wilson Beach,QLD,68.0,1.7,178.0,178.0,178.0
SAL33084,Wilson Valley,QLD,20.0,46.77,0.0,0.0,0.0
SAL33085,Wilsons Plains,QLD,62.0,13.92,250.0,250.0,250.0
SAL33086,Wilsons Pocket,QLD,191.0,22.34,303.0,303.0,303.0
SAL33087,Wilsonton,QLD,5891.0,6.55,290.0,290.0,290.0
SAL33088,Wilsonton Heights,QLD,2747.0,1.85,280.0,280.0,280.0
SAL33089,Wilston,QLD,4110.0,1.84,405.0,405.0,405.0
SAL33090,Winchester,QLD,13.0,1100.88,0.0,0.0,0.0
SAL33091,Windaroo,QLD,2771.0,2.47,415.0,415.0,415.0
SAL33092,Windera (Qld),QLD,105.0,178.27,250.0,250.0,250.0
SAL33093,Windermere (Qld),QLD,188.0,14.6,265.0,265.0,265.0
SAL33094,Windeyer (Qld),QLD,29.0,2516.6,250.0,250.0,250.0
SAL33095,Windorah,QLD,104.0,10852.58,90.0,90.0,90.0
SAL33096,Windsor (Qld),QLD,7811.0,3.67,400.0,400.0,400.0
SAL33097,Winfield,QLD,154.0,60.73,220.0,220.0,220.0
SAL33098,Winston,QLD,1084.0,0.92,261.0,261.0,261.0
SAL33099,Winton (Qld),QLD,856.0,2.65,150.0,150.0,150.0
SAL33100,Winwill,QLD,144.0,7.81,320.0,320.0,320.0
SAL33101,Winya,QLD,127.0,29.3,300.0,300.0,300.0
SAL33102,Wishart (Qld),QLD,11333.0,5.81,440.0,440.0,440.0
SAL33103,Withcott,QLD,2067.0,39.26,350.0,350.0,350.0
SAL33104,Witheren,QLD,581.0,75.68,325.0,325.0,325.0
SAL33105,Witta,QLD,1296.0,45.18,368.0,368.0,368.0
SAL33106,Wivenhoe Hill,QLD,13.0,21.04,0.0,0.0,0.0
SAL33107,Wivenhoe Pocket,QLD,417.0,26.41,325.0,325.0,325.0
SAL33108,Wiyarra,QLD,20.0,18.0,200.0,200.0,200.0
SAL33109,Woleebee,QLD,62.0,731.82,0.0,0.0,0.0
SAL33110,Wolfang,QLD,84.0,1003.76,150.0,150.0,150.0
SAL33111,Wolffdene,QLD,266.0,14.29,350.0,350.0,350.0
SAL33112,Wolvi,QLD,521.0,89.02,270.0,270.0,270.0
SAL33113,Womalilla,QLD,72.0,1529.63,150.0,150.0,150.0
SAL33114,Womblebank,QLD,40.0,5389.39,0.0,0.0,0.0
SAL33115,Womina,QLD,207.0,11.18,290.0,290.0,290.0
SAL33116,Wonbah,QLD,78.0,85.2,180.0,180.0,180.0
SAL33117,Wonbah Forest,QLD,3.0,197.84,0.0,0.0,0.0
SAL33118,Wondai,QLD,1975.0,50.16,225.0,225.0,225.0
SAL33119,Wondalli,QLD,46.0,618.24,288.0,288.0,288.0
SAL33120,Wondecla,QLD,661.0,73.39,250.0,250.0,250.0
SAL33121,Wondunna,QLD,3315.0,8.25,390.0,390.0,390.0
SAL33122,Wonga Beach,QLD,1042.0,9.87,310.0,310.0,310.0
SAL33123,Wongabel,QLD,251.0,47.94,315.0,315.0,315.0
SAL33124,Wongaling Beach,QLD,1323.0,9.75,273.0,273.0,273.0
SAL33125,Wongawallan,QLD,1415.0,42.13,420.0,420.0,420.0
SAL33126,Wonglepong,QLD,364.0,10.64,455.0,455.0,455.0
SAL33127,Woocoo,QLD,56.0,117.38,0.0,0.0,0.0
SAL33128,Woodbine (Qld),QLD,27.0,12.99,225.0,225.0,225.0
SAL33129,Woodbury (Qld),QLD,514.0,130.87,351.0,351.0,351.0
SAL33130,Woodend (Qld),QLD,1483.0,1.66,300.0,300.0,300.0
SAL33131,Wooderson,QLD,217.0,352.29,250.0,250.0,250.0
SAL33132,Woodford (Qld),QLD,4022.0,114.12,328.0,328.0,328.0
SAL33133,Woodgate,QLD,1521.0,228.58,310.0,310.0,310.0
SAL33134,Woodhill (Qld),QLD,1231.0,16.55,395.0,395.0,395.0
SAL33135,Woodlands (Qld),QLD,119.0,20.76,330.0,330.0,330.0
SAL33136,Woodleigh (Qld),QLD,10.0,5.69,250.0,250.0,250.0
SAL33137,Woodmillar,QLD,106.0,102.51,190.0,190.0,190.0
SAL33138,Woodridge (Qld),QLD,12982.0,5.97,280.0,280.0,280.0
SAL33139,Woodstock (Qld),QLD,270.0,218.39,200.0,200.0,200.0
SAL33140,Woodwark,QLD,559.0,40.81,420.0,420.0,420.0
SAL33141,Woody Point,QLD,4548.0,2.1,325.0,325.0,325.0
SAL33142,Woolein,QLD,0.0,144.86,100.0,100.0,100.0
SAL33143,Woolgar,QLD,17.0,5279.07,0.0,0.0,0.0
SAL33144,Woolloongabba,QLD,8687.0,3.19,440.0,440.0,440.0
SAL33145,Woolmar,QLD,565.0,82.71,380.0,380.0,380.0
SAL33146,Woolmer,QLD,38.0,4.97,0.0,0.0,0.0
SAL33147,Woolooga,QLD,310.0,310.55,243.0,243.0,243.0
SAL33148,Woolooman,QLD,33.0,21.68,280.0,280.0,280.0
SAL33149,Wooloowin,QLD,4029.0,1.4,350.0,350.0,350.0
SAL33150,Woolshed,QLD,8.0,14.72,480.0,480.0,480.0
SAL33151,Woombye,QLD,3944.0,16.98,400.0,400.0,400.0
SAL33152,Woondum,QLD,66.0,13.35,0.0,0.0,0.0
SAL33153,Woongarra,QLD,585.0,41.61,300.0,300.0,300.0
SAL33154,Woongoolba,QLD,282.0,39.04,290.0,290.0,290.0
SAL33155,Woopen Creek,QLD,135.0,30.09,200.0,200.0,200.0
SAL33156,Woorabinda,QLD,1019.0,264.77,120.0,120.0,120.0
SAL33157,Woorim,QLD,1843.0,34.75,340.0,340.0,340.0
SAL33158,Wooroolin,QLD,319.0,140.19,240.0,240.0,240.0
SAL33159,Wooroona,QLD,12.0,1016.84,0.0,0.0,0.0
SAL33160,Wooroonden,QLD,54.0,37.36,243.0,243.0,243.0
SAL33161,Wooroonooran (Cairns - Qld),QLD,0.0,689.74,0.0,0.0,0.0
SAL33162,Wooroonooran (Cassowary Coast - Qld),QLD,0.0,150.85,0.0,0.0,0.0
SAL33163,Wootha,QLD,258.0,21.67,300.0,300.0,300.0
SAL33164,Woowoonga,QLD,117.0,117.14,240.0,240.0,240.0
SAL33165,Woree,QLD,5127.0,6.54,280.0,280.0,280.0
SAL33166,Worongary,QLD,6021.0,18.04,450.0,450.0,450.0
SAL33167,Wowan,QLD,170.0,267.66,173.0,173.0,173.0
SAL33168,Wrattens Forest,QLD,0.0,191.02,110.0,110.0,110.0
SAL33169,Wrights Creek (Qld),QLD,160.0,25.03,300.0,300.0,300.0
SAL33170,Wrotham,QLD,27.0,2200.79,0.0,0.0,0.0
SAL33171,Wujal Wujal,QLD,276.0,12.88,70.0,70.0,70.0
SAL33172,Wulguru,QLD,4389.0,3.31,290.0,290.0,290.0
SAL33173,Wulkuraka,QLD,1325.0,4.84,335.0,335.0,335.0
SAL33174,Wunjunga,QLD,13.0,76.05,258.0,258.0,258.0
SAL33175,Wura,QLD,17.0,30.33,0.0,0.0,0.0
SAL33176,Wurdong Heights,QLD,465.0,38.57,340.0,340.0,340.0
SAL33177,Wurtulla,QLD,6254.0,4.34,465.0,465.0,465.0
SAL33178,Wuruma Dam,QLD,34.0,434.65,0.0,0.0,0.0
SAL33179,Wutul,QLD,57.0,49.31,200.0,200.0,200.0
SAL33180,Wyaga,QLD,77.0,830.7,200.0,200.0,200.0
SAL33181,Wyalla,QLD,43.0,96.1,55.0,55.0,55.0
SAL33182,Wyandra,QLD,78.0,6442.09,155.0,155.0,155.0
SAL33183,Wyaralong,QLD,18.0,115.81,0.0,0.0,0.0
SAL33184,Wyberba,QLD,63.0,30.08,300.0,300.0,300.0
SAL33185,Wycarbah,QLD,36.0,254.07,300.0,300.0,300.0
SAL33186,Wychie,QLD,30.0,87.08,200.0,200.0,200.0
SAL33187,Wycombe,QLD,39.0,1245.05,0.0,0.0,0.0
SAL33188,Wynnum,QLD,14036.0,7.82,400.0,400.0,400.0
SAL33189,Wynnum West,QLD,12790.0,7.13,413.0,413.0,413.0
SAL33190,Wyreema,QLD,2076.0,51.86,330.0,330.0,330.0
SAL33191,Wyuna (Qld),QLD,46.0,580.43,0.0,0.0,0.0
SAL33192,Yaamba,QLD,51.0,79.26,250.0,250.0,250.0
SAL33193,Yabulu,QLD,719.0,39.65,280.0,280.0,280.0
SAL33194,Yagaburne,QLD,28.0,323.6,0.0,0.0,0.0
SAL33195,Yagoonya,QLD,20.0,12057.33,160.0,160.0,160.0
SAL33196,Yalangur,QLD,55.0,31.95,255.0,255.0,255.0
SAL33197,Yalboroo,QLD,146.0,233.15,150.0,150.0,150.0
SAL33198,Yamanto,QLD,4971.0,9.79,318.0,318.0,318.0
SAL33199,Yandaran,QLD,475.0,161.38,200.0,200.0,200.0
SAL33200,Yandarlo,QLD,39.0,1614.61,0.0,0.0,0.0
SAL33201,Yandilla,QLD,50.0,110.75,200.0,200.0,200.0
SAL33202,Yandina,QLD,3073.0,19.21,369.0,369.0,369.0
SAL33203,Yandina Creek,QLD,872.0,32.77,468.0,468.0,468.0
SAL33204,Yangan,QLD,404.0,52.58,213.0,213.0,213.0
SAL33205,Yargullen,QLD,27.0,36.55,200.0,200.0,200.0
SAL33206,Yaroomba,QLD,2043.0,3.26,500.0,500.0,500.0
SAL33207,Yarrabah,QLD,2505.0,174.65,150.0,150.0,150.0
SAL33208,Yarrabilba,QLD,10240.0,16.53,375.0,375.0,375.0
SAL33209,Yarraden,QLD,53.0,10228.28,99.0,99.0,99.0
SAL33210,Yarraman (Qld),QLD,1127.0,162.07,223.0,223.0,223.0
SAL33211,Yarranlea,QLD,82.0,74.75,270.0,270.0,270.0
SAL33212,Yarrol,QLD,15.0,1170.5,0.0,0.0,0.0
SAL33213,Yarwun,QLD,89.0,60.44,225.0,225.0,225.0
SAL33214,Yatala,QLD,1405.0,18.01,495.0,495.0,495.0
SAL33215,Yeerongpilly,QLD,2033.0,2.47,395.0,395.0,395.0
SAL33216,Yelarbon,QLD,313.0,576.62,150.0,150.0,150.0
SAL33217,Yenda (Qld),QLD,16.0,430.32,0.0,0.0,0.0
SAL33218,Yengarie,QLD,615.0,33.6,300.0,300.0,300.0
SAL33219,Yeppoon,QLD,7037.0,11.44,300.0,300.0,300.0
SAL33220,Yeronga,QLD,7062.0,3.87,380.0,380.0,380.0
SAL33221,Yerra,QLD,110.0,67.84,240.0,240.0,240.0
SAL33222,Yimbun,QLD,30.0,9.65,315.0,315.0,315.0
SAL33223,Yorkeys Knob,QLD,2794.0,12.43,310.0,310.0,310.0
SAL33224,Yowah,QLD,126.0,3731.71,100.0,100.0,100.0
SAL33225,Yugar,QLD,406.0,6.18,428.0,428.0,428.0
SAL33226,Yulabilla,QLD,41.0,445.73,0.0,0.0,0.0
SAL33227,Yuleba,QLD,271.0,110.13,182.0,182.0,182.0
SAL33228,Yuleba North,QLD,26.0,773.68,120.0,120.0,120.0
SAL33229,Yuleba South,QLD,21.0,448.25,0.0,0.0,0.0
SAL33230,Yungaburra,QLD,1272.0,22.48,290.0,290.0,290.0
SAL33231,Yuruga,QLD,64.0,121.79,165.0,165.0,165.0
SAL33232,Zillmere,QLD,9323.0,4.65,350.0,350.0,350.0
SAL33233,Zilzie,QLD,2846.0,13.91,370.0,370.0,370.0
SAL39494,No Usual Address (Qld),QLD,14670.0,,0.0,0.0,0.0
SAL39797,Migratory - Offshore - Shipping (Qld),QLD,183.0,,0.0,0.0,0.0
SAL40001,Aberfoyle Park,SA,11234.0,8.75,340.0,340.0,340.0
SAL40002,Adelaide,SA,18202.0,15.63,400.0,400.0,400.0
SAL40003,Adelaide Airport,SA,4.0,10.88,0.0,0.0,0.0
SAL40004,Agery,SA,90.0,233.12,273.0,273.0,273.0
SAL40005,Alawoona,SA,25.0,299.08,0.0,0.0,0.0
SAL40006,Albert Park (Sa),SA,1780.0,1.35,300.0,300.0,300.0
SAL40007,Alberton (Sa),SA,1860.0,1.42,279.0,279.0,279.0
SAL40008,Aldgate,SA,3471.0,12.56,500.0,500.0,500.0
SAL40009,Aldinga,SA,764.0,20.05,255.0,255.0,255.0
SAL40010,Aldinga Beach,SA,10667.0,20.56,320.0,320.0,320.0
SAL40011,Alford,SA,159.0,318.2,200.0,200.0,200.0
SAL40012,Allenby Gardens,SA,2045.0,1.23,323.0,323.0,323.0
SAL40013,Allendale East,SA,484.0,80.85,231.0,231.0,231.0
SAL40014,Allendale North,SA,162.0,68.93,319.0,319.0,319.0
SAL40015,Alma (Sa),SA,66.0,150.84,290.0,290.0,290.0
SAL40016,Altona (Sa),SA,114.0,13.14,350.0,350.0,350.0
SAL40017,Amata,SA,393.0,14.02,80.0,80.0,80.0
SAL40018,American Beach,SA,0.0,0.96,0.0,0.0,0.0
SAL40019,American River,SA,280.0,2.78,200.0,200.0,200.0
SAL40020,Amyton,SA,9.0,107.26,0.0,0.0,0.0
SAL40021,Anama,SA,7.0,35.08,300.0,300.0,300.0
SAL40022,Anangu Pitjantjatjara Yankunytjatjara,SA,205.0,129403.62,46.0,46.0,46.0
SAL40023,Andamooka,SA,262.0,32.15,150.0,150.0,150.0
SAL40024,Andamooka Station,SA,7.0,11952.27,330.0,330.0,330.0
SAL40025,Andrews,SA,32.0,111.69,60.0,60.0,60.0
SAL40026,Andrews Farm,SA,8699.0,5.91,300.0,300.0,300.0
SAL40027,Angas Plains,SA,81.0,62.33,220.0,220.0,220.0
SAL40028,Angas Valley,SA,52.0,74.6,210.0,210.0,210.0
SAL40029,Angaston,SA,2202.0,117.55,249.0,249.0,249.0
SAL40030,Angle Park,SA,1555.0,1.59,199.0,199.0,199.0
SAL40031,Angle Vale,SA,4051.0,20.81,350.0,350.0,350.0
SAL40032,Anna Creek,SA,176.0,25354.84,0.0,0.0,0.0
SAL40033,Annadale,SA,37.0,68.86,0.0,0.0,0.0
SAL40034,Antechamber Bay,SA,13.0,22.75,0.0,0.0,0.0
SAL40035,Apamurra,SA,11.0,5.57,16.0,16.0,16.0
SAL40036,Apoinga,SA,29.0,75.15,100.0,100.0,100.0
SAL40037,Appila,SA,91.0,171.49,123.0,123.0,123.0
SAL40038,Arcoona,SA,82.0,9356.68,50.0,50.0,50.0
SAL40039,Ardrossan,SA,1269.0,35.83,228.0,228.0,228.0
SAL40040,Arkaroola,SA,32.0,8127.52,75.0,75.0,75.0
SAL40041,Armagh,SA,351.0,23.52,280.0,280.0,280.0
SAL40042,Arno Bay,SA,314.0,339.74,183.0,183.0,183.0
SAL40043,Arthurton,SA,157.0,212.68,170.0,170.0,170.0
SAL40044,Ascot Park,SA,3588.0,1.5,320.0,320.0,320.0
SAL40045,Ashbourne (Sa),SA,308.0,87.96,350.0,350.0,350.0
SAL40046,Ashford (Sa),SA,1157.0,0.49,320.0,320.0,320.0
SAL40047,Ashton,SA,481.0,10.06,350.0,350.0,350.0
SAL40048,Ashville,SA,28.0,171.41,0.0,0.0,0.0
SAL40049,Athelstone,SA,9601.0,9.24,360.0,360.0,360.0
SAL40050,Athol Park,SA,2023.0,1.4,320.0,320.0,320.0
SAL40051,Auburn (Sa),SA,668.0,174.94,230.0,230.0,230.0
SAL40052,Auldana,SA,629.0,0.91,685.0,685.0,685.0
SAL40053,Australia Plains,SA,41.0,133.54,233.0,233.0,233.0
SAL40054,Avenue Range,SA,112.0,496.56,120.0,120.0,120.0
SAL40055,Avoca Dell,SA,166.0,1.08,252.0,252.0,252.0
SAL40056,Avon (Sa),SA,64.0,74.0,200.0,200.0,200.0
SAL40057,Back Valley,SA,176.0,89.89,310.0,310.0,310.0
SAL40058,Bagot Well,SA,67.0,109.24,450.0,450.0,450.0
SAL40059,Baird Bay,SA,5.0,27.6,0.0,0.0,0.0
SAL40060,Bakara,SA,9.0,207.82,0.0,0.0,0.0
SAL40061,Bakara Well,SA,6.0,186.1,0.0,0.0,0.0
SAL40062,Balaklava,SA,2083.0,164.04,227.0,227.0,227.0
SAL40063,Bald Hills (Sa),SA,44.0,16.08,0.0,0.0,0.0
SAL40064,Baldina,SA,12.0,203.51,23.0,23.0,23.0
SAL40065,Balgowan (Sa),SA,92.0,123.6,0.0,0.0,0.0
SAL40066,Balhannah,SA,1756.0,47.21,335.0,335.0,335.0
SAL40067,Ballast Head,SA,21.0,36.54,40.0,40.0,40.0
SAL40068,Bangham,SA,81.0,477.63,100.0,100.0,100.0
SAL40069,Bangor (Sa),SA,39.0,87.93,265.0,265.0,265.0
SAL40070,Banksia Park,SA,3346.0,2.96,350.0,350.0,350.0
SAL40071,Barabba,SA,135.0,97.57,0.0,0.0,0.0
SAL40072,Barinia,SA,22.0,52.03,280.0,280.0,280.0
SAL40073,Barmera,SA,2884.0,113.69,200.0,200.0,200.0
SAL40074,Barna,SA,30.0,314.34,0.0,0.0,0.0
SAL40075,Barndioota,SA,6.0,677.01,0.0,0.0,0.0
SAL40076,Baroota,SA,52.0,282.82,575.0,575.0,575.0
SAL40077,Barossa Goldfields,SA,63.0,14.07,360.0,360.0,360.0
SAL40078,Barunga Gap,SA,23.0,96.08,0.0,0.0,0.0
SAL40079,Basket Range,SA,364.0,17.83,363.0,363.0,363.0
SAL40080,Baudin Beach,SA,94.0,0.97,185.0,185.0,185.0
SAL40081,Bay Of Shoals,SA,30.0,12.26,280.0,280.0,280.0
SAL40082,Beachport,SA,745.0,251.78,213.0,213.0,213.0
SAL40083,Beatty,SA,0.0,238.72,100.0,100.0,100.0
SAL40084,Beaufort (Sa),SA,81.0,92.98,185.0,185.0,185.0
SAL40085,Beaumont (Sa),SA,2731.0,2.34,450.0,450.0,450.0
SAL40086,Beaumonts,SA,0.0,0.22,0.0,0.0,0.0
SAL40087,Bedford Park,SA,1882.0,4.0,290.0,290.0,290.0
SAL40088,Beetaloo Valley,SA,75.0,158.92,150.0,150.0,150.0
SAL40089,Belair,SA,4718.0,22.17,376.0,376.0,376.0
SAL40090,Belalie East,SA,62.0,195.14,140.0,140.0,140.0
SAL40091,Belalie North,SA,85.0,174.06,100.0,100.0,100.0
SAL40092,Bellevue Heights,SA,2712.0,3.79,370.0,370.0,370.0
SAL40093,Beltana,SA,35.0,11.9,0.0,0.0,0.0
SAL40094,Beltana Station,SA,30.0,3062.12,0.0,0.0,0.0
SAL40095,Belton,SA,19.0,879.45,0.0,0.0,0.0
SAL40096,Belvidere,SA,118.0,30.29,315.0,315.0,315.0
SAL40097,Benbournie,SA,11.0,17.78,235.0,235.0,235.0
SAL40098,Berri,SA,4143.0,17.74,215.0,215.0,215.0
SAL40099,Bethany,SA,146.0,13.88,320.0,320.0,320.0
SAL40100,Bethel,SA,52.0,80.01,250.0,250.0,250.0
SAL40101,Beulah Park,SA,1601.0,0.84,390.0,390.0,390.0
SAL40102,Beverley (Sa),SA,1578.0,2.28,300.0,300.0,300.0
SAL40103,Bibaringa,SA,246.0,14.77,309.0,309.0,309.0
SAL40104,Big Bend,SA,4.0,0.65,0.0,0.0,0.0
SAL40105,Biggs Flat,SA,84.0,7.18,350.0,350.0,350.0
SAL40106,Billiatt,SA,0.0,489.3,0.0,0.0,0.0
SAL40107,Binnum,SA,87.0,277.62,200.0,200.0,200.0
SAL40108,Birchmore,SA,49.0,65.19,225.0,225.0,225.0
SAL40109,Birdwood (Sa),SA,1376.0,64.92,320.0,320.0,320.0
SAL40110,Birkenhead,SA,1798.0,1.35,315.0,315.0,315.0
SAL40111,Black Forest,SA,1982.0,1.03,290.0,290.0,290.0
SAL40112,Black Hill (Sa),SA,45.0,146.57,275.0,275.0,275.0
SAL40113,Black Point,SA,64.0,13.07,293.0,293.0,293.0
SAL40114,Black Rock (Sa),SA,36.0,227.62,0.0,0.0,0.0
SAL40115,Black Springs (Sa),SA,49.0,95.87,163.0,163.0,163.0
SAL40116,Blackfellows Caves,SA,72.0,22.84,225.0,225.0,225.0
SAL40117,Blackfellows Creek,SA,28.0,7.25,0.0,0.0,0.0
SAL40118,Blackford,SA,35.0,403.83,150.0,150.0,150.0
SAL40119,Blackwood (Sa),SA,4266.0,6.24,330.0,330.0,330.0
SAL40120,Blair Athol (Sa),SA,5274.0,2.91,321.0,321.0,321.0
SAL40121,Blakeview,SA,8979.0,10.37,324.0,324.0,324.0
SAL40122,Blakiston,SA,377.0,3.13,550.0,550.0,550.0
SAL40123,Blanche Harbor,SA,32.0,1.21,225.0,225.0,225.0
SAL40124,Blanchetown,SA,305.0,858.54,156.0,156.0,156.0
SAL40125,Bletchley,SA,76.0,35.45,100.0,100.0,100.0
SAL40126,Blewitt Springs,SA,346.0,29.06,205.0,205.0,205.0
SAL40127,Blinman,SA,43.0,1666.62,114.0,114.0,114.0
SAL40128,Bluff Beach,SA,41.0,24.36,250.0,250.0,250.0
SAL40129,Blyth,SA,518.0,231.25,230.0,230.0,230.0
SAL40130,Boatswain Point,SA,46.0,2.78,200.0,200.0,200.0
SAL40131,Bockelberg,SA,0.0,282.34,0.0,0.0,0.0
SAL40132,Boconnoc Park,SA,28.0,14.67,0.0,0.0,0.0
SAL40133,Bolivar,SA,357.0,16.21,240.0,240.0,240.0
SAL40134,Bolto,SA,14.0,0.24,0.0,0.0,0.0
SAL40135,Booborowie,SA,205.0,248.72,200.0,200.0,200.0
SAL40136,Bookpurnong,SA,157.0,87.88,243.0,243.0,243.0
SAL40137,Bool Lagoon,SA,42.0,181.04,100.0,100.0,100.0
SAL40138,Booleroo Centre,SA,482.0,626.48,180.0,180.0,180.0
SAL40139,Boolgun,SA,11.0,261.85,0.0,0.0,0.0
SAL40140,Boonerdo,SA,13.0,308.47,0.0,0.0,0.0
SAL40141,Boors Plain,SA,56.0,149.52,200.0,200.0,200.0
SAL40142,Bordertown,SA,3095.0,218.76,220.0,220.0,220.0
SAL40143,Bordertown South,SA,45.0,83.36,380.0,380.0,380.0
SAL40144,Borrika,SA,30.0,270.32,150.0,150.0,150.0
SAL40145,Boston,SA,1169.0,14.72,345.0,345.0,345.0
SAL40146,Bowden,SA,1808.0,0.55,390.0,390.0,390.0
SAL40147,Bower,SA,41.0,347.37,0.0,0.0,0.0
SAL40148,Bowhill,SA,127.0,390.26,160.0,160.0,160.0
SAL40149,Bowillia,SA,20.0,112.19,0.0,0.0,0.0
SAL40150,Bowmans,SA,56.0,94.14,280.0,280.0,280.0
SAL40151,Bradbury (Sa),SA,178.0,18.09,350.0,350.0,350.0
SAL40152,Brady Creek,SA,19.0,44.13,250.0,250.0,250.0
SAL40153,Brahma Lodge,SA,3380.0,2.0,290.0,290.0,290.0
SAL40154,Bramfield,SA,31.0,309.62,100.0,100.0,100.0
SAL40155,Bray,SA,44.0,388.28,125.0,125.0,125.0
SAL40156,Brenda Park,SA,15.0,1.04,0.0,0.0,0.0
SAL40157,Brentwood (Sa),SA,71.0,79.43,150.0,150.0,150.0
SAL40158,Bridgewater (Sa),SA,3719.0,10.27,400.0,400.0,400.0
SAL40159,Bright (Sa),SA,18.0,169.2,250.0,250.0,250.0
SAL40160,Brighton (Sa),SA,3834.0,2.29,360.0,360.0,360.0
SAL40161,Brimbago,SA,64.0,228.74,185.0,185.0,185.0
SAL40162,Brinkley,SA,107.0,271.0,205.0,205.0,205.0
SAL40163,Brinkworth,SA,243.0,277.69,178.0,178.0,178.0
SAL40164,Broadview,SA,4450.0,2.29,320.0,320.0,320.0
SAL40165,Brompton,SA,3729.0,1.69,380.0,380.0,380.0
SAL40166,Brooker,SA,90.0,557.32,250.0,250.0,250.0
SAL40167,Brooklyn Park,SA,5040.0,2.31,285.0,285.0,285.0
SAL40168,Broughton River Valley,SA,0.0,49.36,0.0,0.0,0.0
SAL40169,Brown Beach,SA,3.0,1.14,0.0,0.0,0.0
SAL40170,Brown Hill Creek,SA,71.0,10.37,275.0,275.0,275.0
SAL40171,Brownlow,SA,43.0,359.16,200.0,200.0,200.0
SAL40172,Brownlow Ki,SA,238.0,4.04,208.0,208.0,208.0
SAL40173,Bruce (Sa),SA,17.0,207.0,0.0,0.0,0.0
SAL40174,Brukunga,SA,400.0,39.44,262.0,262.0,262.0
SAL40175,Buchanan (Sa),SA,51.0,76.39,250.0,250.0,250.0
SAL40176,Buchfelde,SA,193.0,6.99,280.0,280.0,280.0
SAL40177,Buckingham (Sa),SA,40.0,85.31,165.0,165.0,165.0
SAL40178,Buckland Park,SA,99.0,84.37,291.0,291.0,291.0
SAL40179,Buckleboo,SA,40.0,2006.77,0.0,0.0,0.0
SAL40180,Bugle Hut,SA,38.0,372.91,150.0,150.0,150.0
SAL40181,Bugle Ranges,SA,289.0,34.68,268.0,268.0,268.0
SAL40182,Bull Creek (Sa),SA,111.0,19.24,400.0,400.0,400.0
SAL40183,Bumbunga,SA,20.0,117.51,150.0,150.0,150.0
SAL40184,Bunbury (Sa),SA,3.0,339.73,0.0,0.0,0.0
SAL40185,Bundaleer Gardens,SA,8.0,53.42,0.0,0.0,0.0
SAL40186,Bundaleer North,SA,38.0,144.41,210.0,210.0,210.0
SAL40187,Bundey,SA,0.0,389.56,60.0,60.0,60.0
SAL40188,Bungama,SA,116.0,29.32,300.0,300.0,300.0
SAL40189,Bungaree (Sa),SA,23.0,35.54,350.0,350.0,350.0
SAL40190,Burdett,SA,234.0,334.21,150.0,150.0,150.0
SAL40191,Burnsfield,SA,6.0,43.92,140.0,140.0,140.0
SAL40192,Burnside (Sa),SA,3060.0,2.52,375.0,375.0,375.0
SAL40193,Burra (Sa),SA,1112.0,638.29,180.0,180.0,180.0
SAL40194,Burra Eastern Districts,SA,7.0,1036.28,0.0,0.0,0.0
SAL40195,Burrungule,SA,115.0,141.07,210.0,210.0,210.0
SAL40196,Burton (Sa),SA,6519.0,9.06,310.0,310.0,310.0
SAL40197,Bute,SA,389.0,328.86,150.0,150.0,150.0
SAL40198,Butler (Sa),SA,69.0,411.0,120.0,120.0,120.0
SAL40199,Cadell,SA,547.0,257.58,145.0,145.0,145.0
SAL40200,Cadgee (Sa),SA,53.0,192.5,100.0,100.0,100.0
SAL40201,Calca,SA,13.0,171.67,0.0,0.0,0.0
SAL40202,Caliph,SA,3.0,323.59,0.0,0.0,0.0
SAL40203,Callington,SA,625.0,66.95,295.0,295.0,295.0
SAL40204,Calomba,SA,46.0,77.95,200.0,200.0,200.0
SAL40205,Caloote,SA,133.0,63.14,210.0,210.0,210.0
SAL40206,Calperum Station,SA,0.0,140.42,0.0,0.0,0.0
SAL40207,Caltowie,SA,122.0,159.57,190.0,190.0,190.0
SAL40208,Caltowie North,SA,21.0,80.71,80.0,80.0,80.0
SAL40209,Caltowie West,SA,28.0,135.87,0.0,0.0,0.0
SAL40210,Cambrai,SA,266.0,392.5,223.0,223.0,223.0
SAL40211,Camden Park (Sa),SA,3338.0,1.84,305.0,305.0,305.0
SAL40212,Campbelltown (Sa),SA,9263.0,5.19,330.0,330.0,330.0
SAL40213,Campoona,SA,47.0,387.59,0.0,0.0,0.0
SAL40214,Cannawigara,SA,147.0,276.12,115.0,115.0,115.0
SAL40215,Canowie,SA,3.0,50.21,0.0,0.0,0.0
SAL40216,Canowie Belt,SA,29.0,134.18,100.0,100.0,100.0
SAL40217,Canunda,SA,21.0,347.76,230.0,230.0,230.0
SAL40218,Cape Borda,SA,9.0,99.7,0.0,0.0,0.0
SAL40219,Cape Douglas,SA,68.0,44.81,110.0,110.0,110.0
SAL40220,Cape Jaffa,SA,66.0,43.65,280.0,280.0,280.0
SAL40221,Cape Jervis,SA,343.0,63.59,250.0,250.0,250.0
SAL40222,Caralue,SA,43.0,354.38,0.0,0.0,0.0
SAL40223,Carawa,SA,7.0,253.33,0.0,0.0,0.0
SAL40224,Carcuma,SA,3.0,170.03,0.0,0.0,0.0
SAL40225,Carew,SA,32.0,140.12,0.0,0.0,0.0
SAL40226,Carey Gully,SA,428.0,15.23,300.0,300.0,300.0
SAL40227,Caroline,SA,11.0,189.22,0.0,0.0,0.0
SAL40228,Carpenter Rocks,SA,87.0,68.61,100.0,100.0,100.0
SAL40229,Carrickalinga,SA,409.0,24.14,278.0,278.0,278.0
SAL40230,Carrieton,SA,51.0,272.38,120.0,120.0,120.0
SAL40231,Cassini,SA,73.0,443.64,100.0,100.0,100.0
SAL40232,Castambul,SA,18.0,6.65,0.0,0.0,0.0
SAL40233,Caurnamont,SA,35.0,58.02,46.0,46.0,46.0
SAL40234,Cavan (Sa),SA,32.0,2.85,0.0,0.0,0.0
SAL40235,Cavenagh,SA,6.0,464.3,0.0,0.0,0.0
SAL40236,Caveton,SA,36.0,70.51,300.0,300.0,300.0
SAL40237,Ceduna,SA,1955.0,561.88,200.0,200.0,200.0
SAL40238,Ceduna Waters,SA,186.0,68.97,320.0,320.0,320.0
SAL40239,Chaffey,SA,189.0,22.01,225.0,225.0,225.0
SAL40240,Chain Of Ponds,SA,39.0,14.63,180.0,180.0,180.0
SAL40241,Chandada,SA,37.0,705.68,50.0,50.0,50.0
SAL40242,Chandlers Hill,SA,792.0,15.85,370.0,370.0,370.0
SAL40243,Chapel Hill (Sa),SA,127.0,10.08,300.0,300.0,300.0
SAL40244,Chapman Bore,SA,26.0,166.34,230.0,230.0,230.0
SAL40245,Charleston,SA,550.0,40.16,350.0,350.0,350.0
SAL40246,Charlton Gully,SA,39.0,65.43,0.0,0.0,0.0
SAL40247,Charra,SA,26.0,696.17,0.0,0.0,0.0
SAL40248,Cheltenham (Sa),SA,2236.0,1.7,290.0,290.0,290.0
SAL40249,Cherry Gardens,SA,633.0,23.91,350.0,350.0,350.0
SAL40250,Cherryville,SA,125.0,10.49,175.0,175.0,175.0
SAL40251,Chilpenunda,SA,17.0,304.58,0.0,0.0,0.0
SAL40252,Chinaman Wells,SA,4.0,4.84,0.0,0.0,0.0
SAL40253,Chinbingina,SA,8.0,184.03,0.0,0.0,0.0
SAL40254,Chiton,SA,440.0,2.6,335.0,335.0,335.0
SAL40255,Chowilla,SA,5.0,266.96,0.0,0.0,0.0
SAL40256,Christie Downs,SA,5239.0,4.79,250.0,250.0,250.0
SAL40257,Christies Beach,SA,5962.0,4.3,325.0,325.0,325.0
SAL40258,Clapham,SA,1685.0,1.14,395.0,395.0,395.0
SAL40259,Clare (Sa),SA,3238.0,17.14,250.0,250.0,250.0
SAL40260,Clarence Gardens,SA,2373.0,1.46,350.0,350.0,350.0
SAL40261,Clarence Park,SA,2658.0,1.25,310.0,310.0,310.0
SAL40262,Clarendon (Sa),SA,643.0,50.3,255.0,255.0,255.0
SAL40263,Clay Wells,SA,31.0,165.0,0.0,0.0,0.0
SAL40264,Claypans,SA,4.0,125.06,0.0,0.0,0.0
SAL40265,Clayton Bay,SA,472.0,49.41,228.0,228.0,228.0
SAL40266,Clearview,SA,4261.0,2.53,308.0,308.0,308.0
SAL40267,Cleland,SA,0.0,14.22,295.0,295.0,295.0
SAL40268,Clements Gap,SA,54.0,149.78,0.0,0.0,0.0
SAL40269,Cleve,SA,953.0,794.85,165.0,165.0,165.0
SAL40270,Clinton (Sa),SA,313.0,59.15,225.0,225.0,225.0
SAL40271,Clinton Centre,SA,40.0,69.48,0.0,0.0,0.0
SAL40272,Clovelly Park,SA,3126.0,1.48,358.0,358.0,358.0
SAL40273,Cobdogla,SA,375.0,22.55,195.0,195.0,195.0
SAL40274,Cocata,SA,0.0,497.54,0.0,0.0,0.0
SAL40275,Cockaleechie,SA,79.0,241.33,175.0,175.0,175.0
SAL40276,Cockatoo Valley,SA,714.0,22.51,383.0,383.0,383.0
SAL40277,Cockburn,SA,12.0,3.72,140.0,140.0,140.0
SAL40278,Coffin Bay,SA,664.0,510.03,273.0,273.0,273.0
SAL40279,Colebatch,SA,56.0,571.5,75.0,75.0,75.0
SAL40280,Coles,SA,35.0,415.03,115.0,115.0,115.0
SAL40281,College Park,SA,755.0,0.54,400.0,400.0,400.0
SAL40282,Colley,SA,40.0,400.92,200.0,200.0,200.0
SAL40283,Collinsfield,SA,6.0,55.87,0.0,0.0,0.0
SAL40284,Collinsville (Sa),SA,11.0,610.63,0.0,0.0,0.0
SAL40285,Collinswood,SA,1496.0,0.78,300.0,300.0,300.0
SAL40286,Colonel Light Gardens,SA,3311.0,2.31,400.0,400.0,400.0
SAL40287,Colton,SA,24.0,320.16,0.0,0.0,0.0
SAL40288,Comaum,SA,42.0,116.21,92.0,92.0,92.0
SAL40289,Commissariat Point,SA,243.0,10.5,250.0,250.0,250.0
SAL40290,Commonwealth Hill,SA,0.0,16617.7,0.0,0.0,0.0
SAL40291,Compton,SA,812.0,140.84,230.0,230.0,230.0
SAL40292,Concordia,SA,153.0,36.66,330.0,330.0,330.0
SAL40293,Condowie,SA,61.0,311.18,150.0,150.0,150.0
SAL40294,Conmurra,SA,76.0,474.72,50.0,50.0,50.0
SAL40295,Coober Pedy,SA,1566.0,1027.93,163.0,163.0,163.0
SAL40296,Coobowie,SA,258.0,47.91,200.0,200.0,200.0
SAL40297,Cooke Plains,SA,69.0,397.04,120.0,120.0,120.0
SAL40298,Coolillie,SA,8.0,337.25,0.0,0.0,0.0
SAL40299,Cooltong,SA,322.0,45.27,200.0,200.0,200.0
SAL40300,Coomandook,SA,83.0,324.17,150.0,150.0,150.0
SAL40301,Coombe,SA,63.0,491.71,250.0,250.0,250.0
SAL40302,Coomooroo,SA,13.0,243.61,180.0,180.0,180.0
SAL40303,Coomunga,SA,133.0,88.57,175.0,175.0,175.0
SAL40304,Coonalpyn,SA,350.0,956.27,150.0,150.0,150.0
SAL40305,Coonamia,SA,96.0,5.18,250.0,250.0,250.0
SAL40306,Coonawarra (Sa),SA,135.0,175.2,75.0,75.0,75.0
SAL40307,Coorabie,SA,71.0,2401.25,125.0,125.0,125.0
SAL40308,Coorong,SA,53.0,1263.97,180.0,180.0,180.0
SAL40309,Cootra,SA,19.0,219.48,350.0,350.0,350.0
SAL40310,Copeville,SA,44.0,587.33,80.0,80.0,80.0
SAL40311,Copley (Sa),SA,83.0,27.67,85.0,85.0,85.0
SAL40312,Corny Point,SA,120.0,188.36,150.0,150.0,150.0
SAL40313,Coromandel East,SA,345.0,12.16,290.0,290.0,290.0
SAL40314,Coromandel Valley,SA,4380.0,6.47,420.0,420.0,420.0
SAL40315,Cortlinye,SA,44.0,443.77,150.0,150.0,150.0
SAL40316,Corunna Station,SA,19.0,7072.2,0.0,0.0,0.0
SAL40317,Coulta,SA,213.0,492.79,150.0,150.0,150.0
SAL40318,Cowandilla,SA,1455.0,0.78,300.0,300.0,300.0
SAL40319,Cowell,SA,1124.0,919.24,200.0,200.0,200.0
SAL40320,Cowirra,SA,155.0,32.38,200.0,200.0,200.0
SAL40321,Cradock,SA,44.0,1027.86,250.0,250.0,250.0
SAL40322,Crafers,SA,2006.0,9.01,380.0,380.0,380.0
SAL40323,Crafers West,SA,1307.0,15.75,406.0,406.0,406.0
SAL40324,Craigburn Farm,SA,3099.0,5.55,550.0,550.0,550.0
SAL40325,Craigmore,SA,10943.0,7.24,300.0,300.0,300.0
SAL40326,Crescent,SA,221.0,14.07,246.0,246.0,246.0
SAL40327,Cromer (Sa),SA,215.0,24.35,335.0,335.0,335.0
SAL40328,Cross Roads (Sa),SA,155.0,1.85,225.0,225.0,225.0
SAL40329,Croydon (Sa),SA,1220.0,0.88,310.0,310.0,310.0
SAL40330,Croydon Park (Sa),SA,4230.0,2.57,320.0,320.0,320.0
SAL40331,Crystal Brook (Sa),SA,1537.0,277.07,189.0,189.0,189.0
SAL40332,Cudlee Creek,SA,425.0,64.8,120.0,120.0,120.0
SAL40333,Culburra,SA,81.0,353.12,150.0,150.0,150.0
SAL40334,Cultana,SA,9.0,3527.88,0.0,0.0,0.0
SAL40335,Cumberland Park,SA,2571.0,1.49,343.0,343.0,343.0
SAL40336,Cummins,SA,981.0,761.7,180.0,180.0,180.0
SAL40337,Cungena,SA,25.0,353.44,50.0,50.0,50.0
SAL40338,Cunliffe,SA,50.0,81.57,175.0,175.0,175.0
SAL40339,Cunningham (Sa),SA,78.0,154.61,275.0,275.0,275.0
SAL40340,Cunyarie,SA,12.0,320.19,0.0,0.0,0.0
SAL40341,Curramulka,SA,304.0,421.0,200.0,200.0,200.0
SAL40342,Currency Creek,SA,443.0,164.91,330.0,330.0,330.0
SAL40343,Custon,SA,19.0,71.11,200.0,200.0,200.0
SAL40344,Cuttlefish Bay,SA,13.0,22.96,0.0,0.0,0.0
SAL40345,Cygnet River,SA,72.0,73.82,230.0,230.0,230.0
SAL40346,D'Estrees Bay,SA,11.0,88.73,220.0,220.0,220.0
SAL40347,Dalkey,SA,16.0,16.49,240.0,240.0,240.0
SAL40348,Danggali,SA,0.0,4721.35,0.0,0.0,0.0
SAL40349,Darke Peak,SA,90.0,663.73,96.0,96.0,96.0
SAL40350,Darlington (Sa),SA,1275.0,2.03,325.0,325.0,325.0
SAL40351,Davenport (Sa),SA,156.0,1.4,115.0,115.0,115.0
SAL40352,Daveyston,SA,85.0,18.08,265.0,265.0,265.0
SAL40353,Davoren Park,SA,6392.0,4.81,250.0,250.0,250.0
SAL40354,Daw Park,SA,2705.0,1.54,300.0,300.0,300.0
SAL40355,Dawesley,SA,316.0,10.62,290.0,290.0,290.0
SAL40356,Dawson (Sa),SA,3.0,446.02,0.0,0.0,0.0
SAL40357,De Mole River,SA,3.0,48.43,0.0,0.0,0.0
SAL40358,Deep Creek (Sa),SA,28.0,102.54,175.0,175.0,175.0
SAL40359,Deepwater (Sa),SA,12.0,675.85,0.0,0.0,0.0
SAL40360,Delamere (Sa),SA,162.0,72.98,333.0,333.0,333.0
SAL40361,Denial Bay,SA,153.0,83.73,265.0,265.0,265.0
SAL40362,Dernancourt,SA,4063.0,3.03,380.0,380.0,380.0
SAL40363,Devlins Pound,SA,13.0,118.63,240.0,240.0,240.0
SAL40364,Devon Park (Sa),SA,1185.0,0.54,285.0,285.0,285.0
SAL40365,Dingabledinga,SA,80.0,8.99,225.0,225.0,225.0
SAL40366,Direk,SA,913.0,3.0,325.0,325.0,325.0
SAL40367,Dismal Swamp,SA,63.0,100.9,150.0,150.0,150.0
SAL40368,Donovans,SA,111.0,15.03,150.0,150.0,150.0
SAL40369,Dorset Vale,SA,0.0,47.73,224.0,224.0,224.0
SAL40370,Douglas Point,SA,47.0,1382.03,0.0,0.0,0.0
SAL40371,Dover Gardens,SA,3062.0,1.49,339.0,339.0,339.0
SAL40372,Dowlingville,SA,33.0,123.06,231.0,231.0,231.0
SAL40373,Dry Creek (Sa),SA,232.0,37.59,265.0,265.0,265.0
SAL40374,Dublin,SA,405.0,119.21,280.0,280.0,280.0
SAL40375,Duck Ponds,SA,284.0,99.17,200.0,200.0,200.0
SAL40376,Dudley East,SA,58.0,153.26,150.0,150.0,150.0
SAL40377,Dudley Park (Sa),SA,670.0,1.18,200.0,200.0,200.0
SAL40378,Dudley West,SA,25.0,95.17,100.0,100.0,100.0
SAL40379,Dulwich,SA,1659.0,0.89,320.0,320.0,320.0
SAL40380,Duncan,SA,67.0,264.14,158.0,158.0,158.0
SAL40381,Dutton,SA,133.0,109.43,258.0,258.0,258.0
SAL40382,Dutton East,SA,13.0,82.81,175.0,175.0,175.0
SAL40383,East Moonta,SA,130.0,9.9,250.0,250.0,250.0
SAL40384,Eastwood (Sa),SA,712.0,0.42,400.0,400.0,400.0
SAL40385,Eba,SA,27.0,222.55,0.0,0.0,0.0
SAL40386,Eba Anchorage,SA,25.0,1.74,200.0,200.0,200.0
SAL40387,Ebenezer (Sa),SA,183.0,42.92,244.0,244.0,244.0
SAL40388,Echunga,SA,1219.0,42.8,320.0,320.0,320.0
SAL40389,Eden Hills,SA,3020.0,6.02,388.0,388.0,388.0
SAL40390,Eden Valley,SA,390.0,132.56,260.0,260.0,260.0
SAL40391,Edillilie,SA,129.0,384.49,150.0,150.0,150.0
SAL40392,Edinburgh,SA,376.0,27.81,104.0,104.0,104.0
SAL40393,Edinburgh North,SA,0.0,2.81,0.0,0.0,0.0
SAL40394,Edithburgh,SA,550.0,62.33,210.0,210.0,210.0
SAL40395,Edwardstown,SA,4514.0,3.5,275.0,275.0,275.0
SAL40396,Eight Mile Creek (Sa),SA,163.0,63.39,193.0,193.0,193.0
SAL40397,Elizabeth,SA,1033.0,2.85,230.0,230.0,230.0
SAL40398,Elizabeth Downs,SA,5160.0,4.66,250.0,250.0,250.0
SAL40399,Elizabeth East,SA,4607.0,3.65,225.0,225.0,225.0
SAL40400,Elizabeth Grove,SA,2531.0,1.92,225.0,225.0,225.0
SAL40401,Elizabeth North,SA,3588.0,2.62,240.0,240.0,240.0
SAL40402,Elizabeth Park,SA,4428.0,3.64,255.0,255.0,255.0
SAL40403,Elizabeth South,SA,2933.0,5.28,220.0,220.0,220.0
SAL40404,Elizabeth Vale,SA,4331.0,3.7,233.0,233.0,233.0
SAL40405,Elliston,SA,375.0,268.35,200.0,200.0,200.0
SAL40406,Elwomple,SA,90.0,77.63,275.0,275.0,275.0
SAL40407,Emu Bay,SA,95.0,11.7,220.0,220.0,220.0
SAL40408,Emu Downs,SA,52.0,125.88,0.0,0.0,0.0
SAL40409,Emu Flat (Sa),SA,106.0,14.78,370.0,370.0,370.0
SAL40410,Encounter Bay,SA,5305.0,6.51,305.0,305.0,305.0
SAL40411,Enfield (Sa),SA,6204.0,3.36,320.0,320.0,320.0
SAL40412,Erindale,SA,1172.0,0.83,461.0,461.0,461.0
SAL40413,Erith,SA,51.0,102.59,100.0,100.0,100.0
SAL40414,Erskine (Sa),SA,4.0,271.22,0.0,0.0,0.0
SAL40415,Ethelton,SA,1487.0,0.78,300.0,300.0,300.0
SAL40416,Ettrick (Sa),SA,37.0,261.71,150.0,150.0,150.0
SAL40417,Eudunda,SA,815.0,181.46,200.0,200.0,200.0
SAL40418,Eurelia,SA,21.0,341.76,111.0,111.0,111.0
SAL40419,Euromina,SA,25.0,49.55,180.0,180.0,180.0
SAL40420,Evandale (Sa),SA,1378.0,0.61,320.0,320.0,320.0
SAL40421,Evanston,SA,2580.0,3.86,264.0,264.0,264.0
SAL40422,Evanston Gardens,SA,2347.0,5.03,300.0,300.0,300.0
SAL40423,Evanston Park,SA,4228.0,7.0,330.0,330.0,330.0
SAL40424,Evanston South,SA,765.0,8.82,305.0,305.0,305.0
SAL40425,Everard Central,SA,33.0,202.25,100.0,100.0,100.0
SAL40426,Everard Park,SA,1071.0,0.46,286.0,286.0,286.0
SAL40427,Exeter (Sa),SA,1066.0,0.5,310.0,310.0,310.0
SAL40428,Eyre,SA,1113.0,3.51,335.0,335.0,335.0
SAL40429,Fairview Park,SA,3792.0,3.85,370.0,370.0,370.0
SAL40430,False Bay,SA,0.0,47.7,0.0,0.0,0.0
SAL40431,Farina,SA,15.0,15122.2,0.0,0.0,0.0
SAL40432,Farrell Flat,SA,201.0,193.13,200.0,200.0,200.0
SAL40433,Felixstow,SA,2477.0,1.71,320.0,320.0,320.0
SAL40434,Ferryden Park,SA,4495.0,1.81,242.0,242.0,242.0
SAL40435,Field,SA,83.0,686.88,250.0,250.0,250.0
SAL40436,Findon,SA,6997.0,3.65,310.0,310.0,310.0
SAL40437,Finniss,SA,293.0,149.35,250.0,250.0,250.0
SAL40438,Firle,SA,1508.0,0.92,350.0,350.0,350.0
SAL40439,Fischer,SA,78.0,5.43,400.0,400.0,400.0
SAL40440,Fisher (Sa),SA,61.0,213.59,100.0,100.0,100.0
SAL40441,Fisherman Bay,SA,140.0,83.52,133.0,133.0,133.0
SAL40442,Fitzroy (Sa),SA,783.0,0.46,350.0,350.0,350.0
SAL40443,Five Miles,SA,6.0,0.31,0.0,0.0,0.0
SAL40444,Flagstaff Hill,SA,10184.0,11.83,385.0,385.0,385.0
SAL40445,Flaxley,SA,177.0,23.7,350.0,350.0,350.0
SAL40446,Flaxman Valley,SA,285.0,141.72,250.0,250.0,250.0
SAL40447,Flinders Chase,SA,0.0,912.87,0.0,0.0,0.0
SAL40448,Flinders Park,SA,5489.0,3.22,380.0,380.0,380.0
SAL40449,Flinders Ranges,SA,20.0,3662.43,0.0,0.0,0.0
SAL40450,Florina Station,SA,15.0,6312.69,0.0,0.0,0.0
SAL40451,Fords,SA,81.0,65.86,248.0,248.0,248.0
SAL40452,Forest Range,SA,290.0,13.94,330.0,330.0,330.0
SAL40453,Forestville (Sa),SA,1400.0,0.84,340.0,340.0,340.0
SAL40454,Forreston,SA,407.0,55.0,258.0,258.0,258.0
SAL40455,Forster (Sa),SA,14.0,16.66,115.0,115.0,115.0
SAL40456,Foul Bay,SA,40.0,342.03,79.0,79.0,79.0
SAL40457,Fountain,SA,9.0,63.38,140.0,140.0,140.0
SAL40458,Fox,SA,49.0,385.55,100.0,100.0,100.0
SAL40459,Frahns,SA,5.0,1.04,0.0,0.0,0.0
SAL40460,Frances,SA,92.0,185.92,183.0,183.0,183.0
SAL40461,Franklyn,SA,0.0,213.34,0.0,0.0,0.0
SAL40462,Frankton,SA,15.0,79.55,240.0,240.0,240.0
SAL40463,Frayville,SA,8.0,35.99,0.0,0.0,0.0
SAL40464,Freeling,SA,2688.0,131.01,330.0,330.0,330.0
SAL40465,Frewville,SA,896.0,0.42,400.0,400.0,400.0
SAL40466,Frome Downs,SA,9.0,24738.28,0.0,0.0,0.0
SAL40467,Fulham (Sa),SA,2920.0,1.97,315.0,315.0,315.0
SAL40468,Fulham Gardens,SA,6573.0,3.6,370.0,370.0,370.0
SAL40469,Fullarton,SA,4500.0,2.02,345.0,345.0,345.0
SAL40470,Furner,SA,156.0,406.21,160.0,160.0,160.0
SAL40471,Galga,SA,28.0,307.43,0.0,0.0,0.0
SAL40472,Gammon Ranges,SA,7.0,6532.38,0.0,0.0,0.0
SAL40473,Garden Island (Sa),SA,4.0,1.82,0.0,0.0,0.0
SAL40474,Gawler (Sa),SA,668.0,1.57,240.0,240.0,240.0
SAL40475,Gawler Belt,SA,1000.0,14.41,350.0,350.0,350.0
SAL40476,Gawler East,SA,5689.0,8.63,300.0,300.0,300.0
SAL40477,Gawler Ranges,SA,0.0,2647.73,0.0,0.0,0.0
SAL40478,Gawler River,SA,104.0,19.73,320.0,320.0,320.0
SAL40479,Gawler South,SA,2618.0,4.06,260.0,260.0,260.0
SAL40480,Gawler West,SA,975.0,1.21,200.0,200.0,200.0
SAL40481,Gemmells,SA,99.0,18.06,638.0,638.0,638.0
SAL40482,Georgetown (Sa),SA,186.0,247.81,83.0,83.0,83.0
SAL40483,Gepps Cross,SA,648.0,5.4,321.0,321.0,321.0
SAL40484,Geranium,SA,83.0,506.85,120.0,120.0,120.0
SAL40485,Geranium Plains,SA,5.0,111.66,0.0,0.0,0.0
SAL40486,Gerard,SA,50.0,29.24,90.0,90.0,90.0
SAL40487,German Creek,SA,25.0,115.77,220.0,220.0,220.0
SAL40488,German Flat,SA,18.0,132.61,40.0,40.0,40.0
SAL40489,Germein Bay,SA,5.0,39.05,0.0,0.0,0.0
SAL40490,Gidgealpa,SA,100.0,41964.02,100.0,100.0,100.0
SAL40491,Gifford Hill,SA,38.0,33.35,320.0,320.0,320.0
SAL40492,Gilberton (Sa),SA,1528.0,0.94,344.0,344.0,344.0
SAL40493,Giles Corner,SA,26.0,29.37,200.0,200.0,200.0
SAL40494,Gillentown,SA,108.0,10.11,201.0,201.0,201.0
SAL40495,Gilles Plains,SA,4101.0,2.62,295.0,295.0,295.0
SAL40496,Gillman,SA,76.0,5.98,278.0,278.0,278.0
SAL40497,Gladstone (Sa),SA,745.0,293.69,160.0,160.0,160.0
SAL40498,Glandore,SA,3041.0,1.6,290.0,290.0,290.0
SAL40499,Glanville,SA,728.0,0.36,310.0,310.0,310.0
SAL40500,Glen Osmond,SA,2154.0,1.85,430.0,430.0,430.0
SAL40501,Glenalta,SA,2039.0,1.77,380.0,380.0,380.0
SAL40502,Glenburnie,SA,396.0,138.16,180.0,180.0,180.0
SAL40503,Glencoe (Sa),SA,633.0,139.66,200.0,200.0,200.0
SAL40504,Glendambo,SA,0.0,8.08,0.0,0.0,0.0
SAL40505,Glenelg (Sa),SA,3440.0,1.43,350.0,350.0,350.0
SAL40506,Glenelg East,SA,3855.0,2.02,325.0,325.0,325.0
SAL40507,Glenelg North,SA,6594.0,4.17,320.0,320.0,320.0
SAL40508,Glenelg South,SA,2184.0,1.0,340.0,340.0,340.0
SAL40509,Glengowrie,SA,5767.0,2.79,370.0,370.0,370.0
SAL40510,Glenroy (Sa),SA,76.0,226.03,80.0,80.0,80.0
SAL40511,Glenside,SA,2852.0,1.66,326.0,326.0,326.0
SAL40512,Glenunga,SA,2184.0,1.33,380.0,380.0,380.0
SAL40513,Globe Derby Park,SA,360.0,4.11,380.0,380.0,380.0
SAL40514,Glossop,SA,919.0,46.21,205.0,205.0,205.0
SAL40515,Glynde,SA,2102.0,1.4,358.0,358.0,358.0
SAL40516,Golden Grove,SA,10299.0,25.9,320.0,320.0,320.0
SAL40517,Golden Heights,SA,271.0,14.11,175.0,175.0,175.0
SAL40518,Gomersal,SA,60.0,27.89,330.0,330.0,330.0
SAL40519,Good Hope Landing,SA,30.0,21.03,133.0,133.0,133.0
SAL40520,Goodwood (Sa),SA,2823.0,1.38,355.0,355.0,355.0
SAL40521,Goolwa,SA,2558.0,26.22,250.0,250.0,250.0
SAL40522,Goolwa Beach,SA,2222.0,6.1,275.0,275.0,275.0
SAL40523,Goolwa North,SA,1307.0,11.94,270.0,270.0,270.0
SAL40524,Goolwa South,SA,1041.0,17.49,280.0,280.0,280.0
SAL40525,Gosse,SA,25.0,445.92,125.0,125.0,125.0
SAL40526,Gould Creek,SA,240.0,34.76,550.0,550.0,550.0
SAL40527,Goyder,SA,24.0,70.41,0.0,0.0,0.0
SAL40528,Grace Plains,SA,61.0,83.17,0.0,0.0,0.0
SAL40529,Grampus,SA,11.0,4834.84,0.0,0.0,0.0
SAL40530,Grange (Sa),SA,6143.0,5.3,334.0,334.0,334.0
SAL40531,Green Fields,SA,170.0,1.33,323.0,323.0,323.0
SAL40532,Green Hills Range,SA,88.0,11.53,250.0,250.0,250.0
SAL40533,Green Patch,SA,53.0,67.39,150.0,150.0,150.0
SAL40534,Greenacres,SA,3356.0,1.64,320.0,320.0,320.0
SAL40535,Greenhill (Sa),SA,454.0,5.54,500.0,500.0,500.0
SAL40536,Greenock,SA,1199.0,31.76,320.0,320.0,320.0
SAL40537,Greenways,SA,35.0,287.03,155.0,155.0,155.0
SAL40538,Greenwith,SA,10103.0,11.62,320.0,320.0,320.0
SAL40539,Gulfview Heights,SA,3674.0,5.33,350.0,350.0,350.0
SAL40540,Gulnare,SA,80.0,184.16,0.0,0.0,0.0
SAL40541,Gum Creek,SA,30.0,103.29,300.0,300.0,300.0
SAL40542,Gumeracha,SA,847.0,28.23,286.0,286.0,286.0
SAL40543,Gurra Gurra,SA,104.0,57.02,120.0,120.0,120.0
SAL40544,Hackham,SA,4491.0,7.81,297.0,297.0,297.0
SAL40545,Hackham West,SA,3620.0,2.98,238.0,238.0,238.0
SAL40546,Hacklins Corner,SA,29.0,123.98,100.0,100.0,100.0
SAL40547,Hackney,SA,575.0,0.75,300.0,300.0,300.0
SAL40548,Hahndorf,SA,2814.0,32.31,350.0,350.0,350.0
SAL40549,Haines,SA,163.0,344.37,192.0,192.0,192.0
SAL40550,Halbury,SA,211.0,234.63,220.0,220.0,220.0
SAL40551,Halidon,SA,13.0,190.06,0.0,0.0,0.0
SAL40552,Hallelujah Hills,SA,0.0,36.3,0.0,0.0,0.0
SAL40553,Hallett,SA,166.0,385.84,140.0,140.0,140.0
SAL40554,Hallett Cove,SA,12512.0,13.63,380.0,380.0,380.0
SAL40555,Hambidge,SA,0.0,547.82,0.0,0.0,0.0
SAL40556,Hamilton (Sa),SA,82.0,126.44,100.0,100.0,100.0
SAL40557,Hamley,SA,31.0,0.9,0.0,0.0,0.0
SAL40558,Hamley Bridge,SA,709.0,118.33,220.0,220.0,220.0
SAL40559,Hammond,SA,22.0,337.99,0.0,0.0,0.0
SAL40560,Hampden (Sa),SA,75.0,46.16,200.0,200.0,200.0
SAL40561,Hampstead Gardens,SA,1535.0,0.85,300.0,300.0,300.0
SAL40562,Hansborough,SA,47.0,118.6,0.0,0.0,0.0
SAL40563,Hanson,SA,23.0,78.4,208.0,208.0,208.0
SAL40564,Happy Valley (Sa),SA,11420.0,19.58,360.0,360.0,360.0
SAL40565,Hardwicke Bay,SA,149.0,33.11,245.0,245.0,245.0
SAL40566,Hardy,SA,0.0,530.84,0.0,0.0,0.0
SAL40567,Harrogate,SA,431.0,112.07,303.0,303.0,303.0
SAL40568,Hart (Sa),SA,47.0,153.39,260.0,260.0,260.0
SAL40569,Hartley (Sa),SA,149.0,111.62,150.0,150.0,150.0
SAL40570,Haslam,SA,63.0,285.27,400.0,400.0,400.0
SAL40571,Hatherleigh,SA,154.0,141.2,150.0,150.0,150.0
SAL40572,Hawker (Sa),SA,301.0,1290.67,144.0,144.0,144.0
SAL40573,Hawson,SA,119.0,19.56,238.0,238.0,238.0
SAL40574,Hawthorn (Sa),SA,2221.0,1.59,295.0,295.0,295.0
SAL40575,Hawthorndene,SA,3389.0,8.18,400.0,400.0,400.0
SAL40576,Hay Flat,SA,72.0,45.53,200.0,200.0,200.0
SAL40577,Hay Valley,SA,25.0,3.98,268.0,268.0,268.0
SAL40578,Hayborough,SA,2238.0,2.9,285.0,285.0,285.0
SAL40579,Hazelwood Park,SA,1953.0,1.41,345.0,345.0,345.0
SAL40580,Heathfield,SA,1062.0,7.96,450.0,450.0,450.0
SAL40581,Heathpool,SA,596.0,0.36,400.0,400.0,400.0
SAL40582,Hectorville,SA,4241.0,2.16,300.0,300.0,300.0
SAL40583,Hendon (Sa),SA,1271.0,1.06,285.0,285.0,285.0
SAL40584,Henley Beach,SA,6259.0,3.72,345.0,345.0,345.0
SAL40585,Henley Beach South,SA,2799.0,1.55,340.0,340.0,340.0
SAL40586,Hewett,SA,2961.0,2.48,340.0,340.0,340.0
SAL40587,Highbury (Sa),SA,6956.0,6.44,369.0,369.0,369.0
SAL40588,Highgate (Sa),SA,1504.0,0.84,360.0,360.0,360.0
SAL40589,Highland Valley,SA,384.0,42.45,250.0,250.0,250.0
SAL40590,Hill River (Sa),SA,98.0,157.98,220.0,220.0,220.0
SAL40591,Hillbank,SA,5013.0,4.69,346.0,346.0,346.0
SAL40592,Hillcrest (Sa),SA,3659.0,1.71,319.0,319.0,319.0
SAL40593,Hillier,SA,814.0,10.17,255.0,255.0,255.0
SAL40594,Hilltown,SA,42.0,133.68,165.0,165.0,165.0
SAL40595,Hilton (Sa),SA,908.0,0.56,345.0,345.0,345.0
SAL40596,Hincks,SA,0.0,973.32,0.0,0.0,0.0
SAL40597,Hindmarsh (Sa),SA,232.0,1.31,363.0,363.0,363.0
SAL40598,Hindmarsh Island,SA,1846.0,100.92,330.0,330.0,330.0
SAL40599,Hindmarsh Tiers,SA,111.0,62.66,250.0,250.0,250.0
SAL40600,Hindmarsh Valley,SA,648.0,118.87,305.0,305.0,305.0
SAL40601,Holden Hill,SA,3716.0,2.82,300.0,300.0,300.0
SAL40602,Holder (Sa),SA,123.0,12.47,220.0,220.0,220.0
SAL40603,Holder Siding,SA,13.0,204.32,80.0,80.0,80.0
SAL40604,Honiton,SA,46.0,152.02,200.0,200.0,200.0
SAL40605,Hope Forest,SA,143.0,18.48,250.0,250.0,250.0
SAL40606,Hope Gap,SA,3.0,44.09,0.0,0.0,0.0
SAL40607,Hope Valley (Sa),SA,8184.0,7.52,320.0,320.0,320.0
SAL40608,Hornsdale,SA,36.0,184.03,0.0,0.0,0.0
SAL40609,Horsnell Gully,SA,17.0,12.16,290.0,290.0,290.0
SAL40610,Hoskin Corner,SA,16.0,17.58,0.0,0.0,0.0
SAL40611,Houghton,SA,511.0,5.65,373.0,373.0,373.0
SAL40612,Hove,SA,3189.0,1.76,328.0,328.0,328.0
SAL40613,Hoyleton,SA,120.0,149.69,250.0,250.0,250.0
SAL40614,Huddleston,SA,23.0,58.58,50.0,50.0,50.0
SAL40615,Humbug Scrub,SA,410.0,30.48,235.0,235.0,235.0
SAL40616,Huntfield Heights,SA,4199.0,3.55,290.0,290.0,290.0
SAL40617,Hyde Park (Sa),SA,1660.0,0.89,390.0,390.0,390.0
SAL40618,Hynam,SA,198.0,264.25,200.0,200.0,200.0
SAL40619,Ingle Farm,SA,9543.0,6.66,310.0,310.0,310.0
SAL40620,Inglewood (Sa),SA,378.0,20.96,300.0,300.0,300.0
SAL40621,Ingomar,SA,19.0,15476.9,0.0,0.0,0.0
SAL40622,Inkerman (Sa),SA,23.0,68.06,50.0,50.0,50.0
SAL40623,Inkster,SA,14.0,444.08,0.0,0.0,0.0
SAL40624,Inman Valley,SA,361.0,137.72,273.0,273.0,273.0
SAL40625,Innamincka,SA,21.0,2.27,49.0,49.0,49.0
SAL40626,Inneston,SA,6.0,175.19,120.0,120.0,120.0
SAL40627,Iron Knob,SA,110.0,10.87,130.0,130.0,130.0
SAL40628,Ironbank,SA,537.0,11.76,430.0,430.0,430.0
SAL40629,Ironstone,SA,20.0,29.53,250.0,250.0,250.0
SAL40630,Island Beach,SA,71.0,2.72,220.0,220.0,220.0
SAL40631,Island Lagoon,SA,0.0,1006.13,0.0,0.0,0.0
SAL40632,Iwantja,SA,338.0,12.88,77.0,77.0,77.0
SAL40633,Jabuk,SA,56.0,281.78,100.0,100.0,100.0
SAL40634,James Well,SA,63.0,2.04,248.0,248.0,248.0
SAL40635,Jamestown,SA,1549.0,252.33,215.0,215.0,215.0
SAL40636,Jamieson (Sa),SA,0.0,164.23,0.0,0.0,0.0
SAL40637,Jericho (Sa),SA,17.0,0.97,125.0,125.0,125.0
SAL40638,Jerusalem,SA,424.0,2.22,273.0,273.0,273.0
SAL40639,Jervois,SA,258.0,89.85,243.0,243.0,243.0
SAL40640,Joanna,SA,106.0,203.98,250.0,250.0,250.0
SAL40641,Johnburgh,SA,10.0,259.18,0.0,0.0,0.0
SAL40642,Joslin,SA,1243.0,0.74,310.0,310.0,310.0
SAL40643,Julanka Holdings,SA,0.0,0.31,0.0,0.0,0.0
SAL40644,Julia,SA,21.0,35.5,175.0,175.0,175.0
SAL40645,Jupiter Creek,SA,231.0,34.66,345.0,345.0,345.0
SAL40646,Kadina,SA,2944.0,149.29,250.0,250.0,250.0
SAL40647,Kainton,SA,54.0,249.19,200.0,200.0,200.0
SAL40648,Kalamurina,SA,3.0,54010.92,697.0,697.0,697.0
SAL40649,Kalanbi,SA,27.0,470.33,0.0,0.0,0.0
SAL40650,Kalangadoo,SA,457.0,299.16,161.0,161.0,161.0
SAL40651,Kalbeeba,SA,411.0,21.26,310.0,310.0,310.0
SAL40652,Kaldoonera,SA,38.0,386.5,55.0,55.0,55.0
SAL40653,Kalka,SA,112.0,3.26,100.0,100.0,100.0
SAL40654,Kallora,SA,17.0,85.85,100.0,100.0,100.0
SAL40655,Kaltjiti,SA,261.0,30.46,90.0,90.0,90.0
SAL40656,Kangarilla,SA,905.0,76.91,265.0,265.0,265.0
SAL40657,Kangaroo Flat (Sa),SA,104.0,27.72,340.0,340.0,340.0
SAL40658,Kangaroo Head,SA,18.0,12.02,360.0,360.0,360.0
SAL40659,Kangaroo Inn,SA,0.0,46.19,0.0,0.0,0.0
SAL40660,Kanmantoo,SA,686.0,67.21,310.0,310.0,310.0
SAL40661,Kanni,SA,36.0,222.93,190.0,190.0,190.0
SAL40662,Kanpi,SA,56.0,20.57,63.0,63.0,63.0
SAL40663,Kanyaka,SA,8.0,858.09,0.0,0.0,0.0
SAL40664,Kapinnie,SA,42.0,268.01,275.0,275.0,275.0
SAL40665,Kappawanta,SA,0.0,1332.6,0.0,0.0,0.0
SAL40666,Kapunda,SA,2947.0,122.99,246.0,246.0,246.0
SAL40667,Karatta,SA,37.0,485.46,135.0,135.0,135.0
SAL40668,Karcultaby,SA,23.0,906.54,95.0,95.0,95.0
SAL40669,Karkoo,SA,52.0,358.18,150.0,150.0,150.0
SAL40670,Karoonda,SA,517.0,1032.9,170.0,170.0,170.0
SAL40671,Karte,SA,32.0,585.95,0.0,0.0,0.0
SAL40672,Katarapko,SA,0.0,112.19,0.0,0.0,0.0
SAL40673,Keilira,SA,58.0,1021.78,50.0,50.0,50.0
SAL40674,Keith,SA,1405.0,605.72,180.0,180.0,180.0
SAL40675,Kellidie Bay,SA,21.0,23.0,0.0,0.0,0.0
SAL40676,Kelly,SA,59.0,513.63,150.0,150.0,150.0
SAL40677,Kensington (Sa),SA,1808.0,0.79,300.0,300.0,300.0
SAL40678,Kensington Gardens,SA,2498.0,1.63,346.0,346.0,346.0
SAL40679,Kensington Park,SA,2627.0,1.64,350.0,350.0,350.0
SAL40680,Kent Town,SA,1443.0,0.91,330.0,330.0,330.0
SAL40681,Kenton Valley,SA,262.0,32.06,250.0,250.0,250.0
SAL40682,Kepa,SA,60.0,130.07,120.0,120.0,120.0
SAL40683,Keppoch,SA,65.0,168.77,120.0,120.0,120.0
SAL40684,Kersbrook,SA,1116.0,115.27,300.0,300.0,300.0
SAL40685,Keswick,SA,754.0,0.87,300.0,300.0,300.0
SAL40686,Keswick Terminal,SA,0.0,0.81,0.0,0.0,0.0
SAL40687,Keyneton,SA,321.0,188.76,250.0,250.0,250.0
SAL40688,Ki Ki,SA,47.0,338.63,150.0,150.0,150.0
SAL40689,Kiana,SA,10.0,330.8,0.0,0.0,0.0
SAL40690,Kidman Park,SA,3874.0,2.66,358.0,358.0,358.0
SAL40691,Kielpa,SA,55.0,515.77,18.0,18.0,18.0
SAL40692,Kilburn,SA,5633.0,4.32,270.0,270.0,270.0
SAL40693,Kilkenny,SA,1846.0,1.63,320.0,320.0,320.0
SAL40694,Kimba,SA,608.0,26.07,139.0,139.0,139.0
SAL40695,Kingoonya,SA,4.0,1.04,0.0,0.0,0.0
SAL40696,Kings Park (Sa),SA,574.0,0.39,350.0,350.0,350.0
SAL40697,Kingscote,SA,1962.0,26.74,214.0,214.0,214.0
SAL40698,Kingsford (Sa),SA,58.0,28.25,200.0,200.0,200.0
SAL40699,Kingston On Murray,SA,312.0,122.89,150.0,150.0,150.0
SAL40700,Kingston Park,SA,623.0,0.56,340.0,340.0,340.0
SAL40701,Kingston Se,SA,1342.0,160.4,200.0,200.0,200.0
SAL40702,Kingswood (Sa),SA,2554.0,1.52,333.0,333.0,333.0
SAL40703,Klemzig,SA,6713.0,3.74,300.0,300.0,300.0
SAL40704,Kohinoor,SA,39.0,104.5,0.0,0.0,0.0
SAL40705,Kondoolka,SA,0.0,3982.39,0.0,0.0,0.0
SAL40706,Kongal,SA,14.0,77.73,80.0,80.0,80.0
SAL40707,Kongorong,SA,221.0,242.24,200.0,200.0,200.0
SAL40708,Koolgera,SA,0.0,441.11,0.0,0.0,0.0
SAL40709,Koolunga,SA,183.0,299.18,175.0,175.0,175.0
SAL40710,Koolywurtie,SA,101.0,178.42,208.0,208.0,208.0
SAL40711,Koonamore,SA,5.0,4400.82,0.0,0.0,0.0
SAL40712,Koongawa,SA,43.0,476.97,0.0,0.0,0.0
SAL40713,Koonibba,SA,140.0,327.05,88.0,88.0,88.0
SAL40714,Koonoona,SA,7.0,39.47,70.0,70.0,70.0
SAL40715,Koonunga,SA,38.0,66.55,120.0,120.0,120.0
SAL40716,Koorine,SA,53.0,89.06,248.0,248.0,248.0
SAL40717,Kooroona,SA,17.0,10.01,0.0,0.0,0.0
SAL40718,Koppamurra,SA,60.0,145.56,180.0,180.0,180.0
SAL40719,Koppio,SA,61.0,246.92,250.0,250.0,250.0
SAL40720,Korunye,SA,224.0,113.94,280.0,280.0,280.0
SAL40721,Kringin,SA,3.0,427.08,0.0,0.0,0.0
SAL40722,Krondorf,SA,63.0,15.22,450.0,450.0,450.0
SAL40723,Krongart,SA,4.0,30.62,0.0,0.0,0.0
SAL40724,Kudla,SA,551.0,9.55,357.0,357.0,357.0
SAL40725,Kuitpo,SA,198.0,75.98,300.0,300.0,300.0
SAL40726,Kuitpo Colony,SA,47.0,6.27,275.0,275.0,275.0
SAL40727,Kulpara,SA,56.0,88.43,185.0,185.0,185.0
SAL40728,Kurralta Park,SA,3139.0,1.21,300.0,300.0,300.0
SAL40729,Kyancutta,SA,63.0,562.18,100.0,100.0,100.0
SAL40730,Kybunga,SA,69.0,150.53,250.0,250.0,250.0
SAL40731,Kybybolite,SA,102.0,140.84,143.0,143.0,143.0
SAL40732,Kyeema,SA,21.0,28.02,360.0,360.0,360.0
SAL40733,Laffer,SA,53.0,455.08,90.0,90.0,90.0
SAL40734,Lake Albert (Sa),SA,0.0,272.04,0.0,0.0,0.0
SAL40735,Lake Alexandrina,SA,0.0,901.97,0.0,0.0,0.0
SAL40736,Lake Carlet,SA,8.0,0.37,0.0,0.0,0.0
SAL40737,Lake Everard,SA,3.0,7326.35,0.0,0.0,0.0
SAL40738,Lake Eyre,SA,0.0,12390.39,0.0,0.0,0.0
SAL40739,Lake Frome,SA,0.0,3522.64,0.0,0.0,0.0
SAL40740,Lake Gairdner,SA,0.0,6014.01,0.0,0.0,0.0
SAL40741,Lake Gilles,SA,0.0,939.36,0.0,0.0,0.0
SAL40742,Lake Macfarlane,SA,0.0,664.18,0.0,0.0,0.0
SAL40743,Lake Plains,SA,48.0,45.02,127.0,127.0,127.0
SAL40744,Lake Torrens,SA,0.0,8055.27,0.0,0.0,0.0
SAL40745,Lake View,SA,11.0,32.39,280.0,280.0,280.0
SAL40746,Lameroo,SA,857.0,2252.12,161.0,161.0,161.0
SAL40747,Langhorne Creek,SA,444.0,246.93,200.0,200.0,200.0
SAL40748,Langs Landing,SA,4.0,0.66,0.0,0.0,0.0
SAL40749,Largs Bay,SA,4104.0,3.09,315.0,315.0,315.0
SAL40750,Largs North,SA,4005.0,3.3,304.0,304.0,304.0
SAL40751,Laura (Sa),SA,765.0,158.6,200.0,200.0,200.0
SAL40752,Laura Bay,SA,11.0,117.39,0.0,0.0,0.0
SAL40753,Leabrook,SA,1605.0,0.94,308.0,308.0,308.0
SAL40754,Leasingham,SA,114.0,17.34,295.0,295.0,295.0
SAL40755,Leawood Gardens,SA,57.0,2.92,260.0,260.0,260.0
SAL40756,Leigh Creek (Sa),SA,91.0,42.82,84.0,84.0,84.0
SAL40757,Leigh Creek Station,SA,8.0,1.06,0.0,0.0,0.0
SAL40758,Leighton,SA,46.0,146.13,180.0,180.0,180.0
SAL40759,Lenswood,SA,534.0,32.92,325.0,325.0,325.0
SAL40760,Lewiston,SA,3275.0,60.68,330.0,330.0,330.0
SAL40761,Light Pass,SA,256.0,14.02,250.0,250.0,250.0
SAL40762,Lightsview,SA,6090.0,2.01,400.0,400.0,400.0
SAL40763,Lincoln National Park,SA,0.0,486.09,0.0,0.0,0.0
SAL40764,Linden Park,SA,2367.0,1.24,413.0,413.0,413.0
SAL40765,Lindley,SA,0.0,435.9,0.0,0.0,0.0
SAL40766,Lindon,SA,8.0,41549.21,0.0,0.0,0.0
SAL40767,Linwood,SA,41.0,40.06,280.0,280.0,280.0
SAL40768,Lipson,SA,211.0,399.58,220.0,220.0,220.0
SAL40769,Little Douglas,SA,8.0,22.23,250.0,250.0,250.0
SAL40770,Littlehampton,SA,3300.0,14.34,360.0,360.0,360.0
SAL40771,Lobethal,SA,2534.0,39.03,310.0,310.0,310.0
SAL40772,Lochaber,SA,122.0,529.87,139.0,139.0,139.0
SAL40773,Lochiel (Sa),SA,104.0,186.5,175.0,175.0,175.0
SAL40774,Lock,SA,253.0,920.47,120.0,120.0,120.0
SAL40775,Lockleys,SA,5987.0,4.66,350.0,350.0,350.0
SAL40776,Long Flat (Sa),SA,103.0,7.98,253.0,253.0,253.0
SAL40777,Long Plains,SA,62.0,72.55,310.0,310.0,310.0
SAL40778,Longwood (Sa),SA,325.0,4.87,300.0,300.0,300.0
SAL40779,Lonsdale,SA,23.0,14.85,190.0,190.0,190.0
SAL40780,Louth Bay,SA,125.0,36.28,260.0,260.0,260.0
SAL40781,Loveday,SA,655.0,90.58,230.0,230.0,230.0
SAL40782,Lowan Vale,SA,32.0,153.49,208.0,208.0,208.0
SAL40783,Lowbank,SA,22.0,11.95,0.0,0.0,0.0
SAL40784,Lower Broughton,SA,40.0,160.36,0.0,0.0,0.0
SAL40785,Lower Hermitage,SA,195.0,11.17,450.0,450.0,450.0
SAL40786,Lower Inman Valley,SA,517.0,43.94,265.0,265.0,265.0
SAL40787,Lower Light,SA,203.0,180.42,300.0,300.0,300.0
SAL40788,Lower Mitcham,SA,2187.0,1.31,346.0,346.0,346.0
SAL40789,Loxton,SA,4677.0,171.22,221.0,221.0,221.0
SAL40790,Loxton North,SA,897.0,44.2,225.0,225.0,225.0
SAL40791,Lucindale,SA,637.0,900.34,150.0,150.0,150.0
SAL40792,Lucky Bay,SA,15.0,20.23,92.0,92.0,92.0
SAL40793,Lyndhurst (Sa),SA,3.0,0.35,0.0,0.0,0.0
SAL40794,Lyndoch,SA,2151.0,80.06,295.0,295.0,295.0
SAL40795,Lynton,SA,222.0,0.63,400.0,400.0,400.0
SAL40796,Lyrup,SA,346.0,32.25,220.0,220.0,220.0
SAL40797,Maaoupe,SA,93.0,297.25,160.0,160.0,160.0
SAL40798,Mabel Creek,SA,9.0,13971.66,100.0,100.0,100.0
SAL40799,Macclesfield (Sa),SA,1413.0,56.2,308.0,308.0,308.0
SAL40800,Macdonald Park,SA,503.0,7.51,345.0,345.0,345.0
SAL40801,Macgillivray,SA,117.0,716.79,150.0,150.0,150.0
SAL40802,Macumba,SA,15.0,28706.67,0.0,0.0,0.0
SAL40803,Magarey,SA,30.0,140.26,125.0,125.0,125.0
SAL40804,Magdala,SA,79.0,53.08,320.0,320.0,320.0
SAL40805,Maggea,SA,15.0,421.22,0.0,0.0,0.0
SAL40806,Magill,SA,9693.0,5.21,341.0,341.0,341.0
SAL40807,Mahanewo,SA,3.0,1696.42,75.0,75.0,75.0
SAL40808,Maitland (Sa),SA,1312.0,549.3,200.0,200.0,200.0
SAL40809,Makin,SA,17.0,213.04,0.0,0.0,0.0
SAL40810,Malinong,SA,47.0,253.03,100.0,100.0,100.0
SAL40811,Mallala,SA,1042.0,166.63,278.0,278.0,278.0
SAL40812,Malpas,SA,9.0,340.12,0.0,0.0,0.0
SAL40813,Maltee,SA,13.0,420.54,100.0,100.0,100.0
SAL40814,Malvern (Sa),SA,2713.0,1.62,380.0,380.0,380.0
SAL40815,Mambray Creek,SA,26.0,104.9,169.0,169.0,169.0
SAL40816,Mangalo,SA,56.0,739.67,100.0,100.0,100.0
SAL40817,Manna Hill,SA,4.0,7.54,0.0,0.0,0.0
SAL40818,Mannanarie,SA,52.0,259.37,120.0,120.0,120.0
SAL40819,Manningham,SA,1391.0,0.82,320.0,320.0,320.0
SAL40820,Mannum,SA,2919.0,382.2,220.0,220.0,220.0
SAL40821,Manoora (Sa),SA,134.0,136.14,188.0,188.0,188.0
SAL40822,Mansfield Park,SA,4608.0,1.73,288.0,288.0,288.0
SAL40823,Mantung,SA,18.0,335.76,0.0,0.0,0.0
SAL40824,Marama,SA,51.0,577.39,0.0,0.0,0.0
SAL40825,Marananga,SA,119.0,9.47,250.0,250.0,250.0
SAL40826,Marble Hill,SA,69.0,2.27,490.0,490.0,490.0
SAL40827,Marcollat,SA,98.0,634.65,140.0,140.0,140.0
SAL40828,Marden,SA,2645.0,1.58,305.0,305.0,305.0
SAL40829,Marino,SA,2277.0,5.17,400.0,400.0,400.0
SAL40830,Marion,SA,4101.0,2.99,355.0,355.0,355.0
SAL40831,Marion Bay (Sa),SA,210.0,450.4,200.0,200.0,200.0
SAL40832,Markaranka,SA,37.0,340.97,130.0,130.0,130.0
SAL40833,Marks Landing,SA,63.0,0.55,0.0,0.0,0.0
SAL40834,Marla,SA,38.0,3.69,113.0,113.0,113.0
SAL40835,Marleston,SA,1950.0,1.44,290.0,290.0,290.0
SAL40836,Marola,SA,8.0,38.25,0.0,0.0,0.0
SAL40837,Marrabel,SA,101.0,121.25,205.0,205.0,205.0
SAL40838,Marree,SA,65.0,8.55,80.0,80.0,80.0
SAL40839,Marryatville,SA,648.0,0.46,395.0,395.0,395.0
SAL40840,Maryvale (Sa),SA,11.0,320.7,0.0,0.0,0.0
SAL40841,Maslin Beach,SA,1213.0,9.84,335.0,335.0,335.0
SAL40842,Matta Flat,SA,82.0,0.49,125.0,125.0,125.0
SAL40843,Maude (Sa),SA,3.0,432.82,0.0,0.0,0.0
SAL40844,Mawson Lakes,SA,13794.0,9.16,360.0,360.0,360.0
SAL40845,Mayfield (Sa),SA,4.0,86.44,0.0,0.0,0.0
SAL40846,Maylands (Sa),SA,1508.0,0.8,338.0,338.0,338.0
SAL40847,Mcbean Pound,SA,22.0,4.59,380.0,380.0,380.0
SAL40848,Mccallum,SA,16.0,278.81,125.0,125.0,125.0
SAL40849,Mccracken,SA,2076.0,3.4,300.0,300.0,300.0
SAL40850,Mcharg Creek,SA,72.0,17.36,225.0,225.0,225.0
SAL40851,Mclaren Flat,SA,1625.0,41.91,350.0,350.0,350.0
SAL40852,Mclaren Vale,SA,4061.0,87.87,328.0,328.0,328.0
SAL40853,Meadows,SA,1717.0,63.63,343.0,343.0,343.0
SAL40854,Medindie,SA,1175.0,1.0,625.0,625.0,625.0
SAL40855,Medindie Gardens,SA,352.0,0.21,440.0,440.0,440.0
SAL40856,Melrose (Sa),SA,342.0,466.57,180.0,180.0,180.0
SAL40857,Melrose Park (Sa),SA,2319.0,1.97,350.0,350.0,350.0
SAL40858,Melton (Sa),SA,29.0,37.15,0.0,0.0,0.0
SAL40859,Meningie,SA,1118.0,571.19,200.0,200.0,200.0
SAL40860,Meningie East,SA,18.0,252.06,135.0,135.0,135.0
SAL40861,Meningie West,SA,33.0,65.98,180.0,180.0,180.0
SAL40862,Menzies (Sa),SA,83.0,188.49,0.0,0.0,0.0
SAL40863,Mercunda,SA,8.0,180.3,0.0,0.0,0.0
SAL40864,Merghiny,SA,17.0,246.58,213.0,213.0,213.0
SAL40865,Meribah,SA,39.0,491.47,0.0,0.0,0.0
SAL40866,Merriton,SA,55.0,105.75,0.0,0.0,0.0
SAL40867,Middle Beach,SA,94.0,70.02,305.0,305.0,305.0
SAL40868,Middle River,SA,23.0,130.59,210.0,210.0,210.0
SAL40869,Middleback Range,SA,3.0,1849.34,0.0,0.0,0.0
SAL40870,Middleton (Sa),SA,1298.0,53.59,283.0,283.0,283.0
SAL40871,Midgee (Sa),SA,21.0,847.74,0.0,0.0,0.0
SAL40872,Mil-Lel,SA,382.0,112.63,195.0,195.0,195.0
SAL40873,Milang,SA,962.0,65.87,250.0,250.0,250.0
SAL40874,Mile End,SA,4536.0,2.68,345.0,345.0,345.0
SAL40875,Mile End South,SA,19.0,1.0,345.0,345.0,345.0
SAL40876,Milendella,SA,56.0,87.31,0.0,0.0,0.0
SAL40877,Millbrook (Sa),SA,133.0,17.74,250.0,250.0,250.0
SAL40878,Millicent,SA,5110.0,248.4,175.0,175.0,175.0
SAL40879,Millswood,SA,2173.0,1.53,420.0,420.0,420.0
SAL40880,Miltalie,SA,67.0,743.57,300.0,300.0,300.0
SAL40881,Mimili,SA,277.0,16.16,78.0,78.0,78.0
SAL40882,Minbrie,SA,33.0,743.04,0.0,0.0,0.0
SAL40883,Minburra,SA,4.0,67.79,0.0,0.0,0.0
SAL40884,Mindarie (Sa),SA,32.0,386.2,0.0,0.0,0.0
SAL40885,Mingbool,SA,123.0,221.06,263.0,263.0,263.0
SAL40886,Minlaton,SA,1018.0,403.27,200.0,200.0,200.0
SAL40887,Minnipa,SA,174.0,1430.12,110.0,110.0,110.0
SAL40888,Mintaro,SA,218.0,120.81,295.0,295.0,295.0
SAL40889,Minvalara,SA,22.0,437.87,0.0,0.0,0.0
SAL40890,Miranda (Sa),SA,41.0,117.86,245.0,245.0,245.0
SAL40891,Mitcham (Sa),SA,1832.0,2.66,328.0,328.0,328.0
SAL40892,Mitchell (Sa),SA,47.0,369.77,250.0,250.0,250.0
SAL40893,Mitchell Park (Sa),SA,5754.0,3.1,278.0,278.0,278.0
SAL40894,Mitchellville,SA,21.0,690.94,230.0,230.0,230.0
SAL40895,Moana,SA,3316.0,3.61,330.0,330.0,330.0
SAL40896,Mobilong,SA,7.0,5.39,0.0,0.0,0.0
SAL40897,Moculta,SA,228.0,66.35,260.0,260.0,260.0
SAL40898,Modbury,SA,5593.0,4.94,315.0,315.0,315.0
SAL40899,Modbury Heights,SA,6995.0,4.87,340.0,340.0,340.0
SAL40900,Modbury North,SA,5704.0,4.25,360.0,360.0,360.0
SAL40901,Moerlong,SA,24.0,40.3,0.0,0.0,0.0
SAL40902,Monarto,SA,203.0,94.89,250.0,250.0,250.0
SAL40903,Monarto South,SA,152.0,191.13,115.0,115.0,115.0
SAL40904,Monash (Sa),SA,1110.0,312.48,230.0,230.0,230.0
SAL40905,Monbulla,SA,122.0,248.88,180.0,180.0,180.0
SAL40906,Mongolata,SA,7.0,161.96,0.0,0.0,0.0
SAL40907,Montacute,SA,332.0,43.94,370.0,370.0,370.0
SAL40908,Montarra,SA,28.0,2.2,400.0,400.0,400.0
SAL40909,Monteith,SA,104.0,29.63,250.0,250.0,250.0
SAL40910,Moockra,SA,12.0,460.05,0.0,0.0,0.0
SAL40911,Moody,SA,19.0,270.31,0.0,0.0,0.0
SAL40912,Mooleulooloo,SA,25.0,13149.0,0.0,0.0,0.0
SAL40913,Moonaree,SA,4.0,6271.56,0.0,0.0,0.0
SAL40914,Moonta,SA,624.0,6.66,200.0,200.0,200.0
SAL40915,Moonta Bay,SA,2633.0,6.82,260.0,260.0,260.0
SAL40916,Moonta Mines,SA,177.0,7.25,165.0,165.0,165.0
SAL40917,Moorak,SA,1412.0,117.83,250.0,250.0,250.0
SAL40918,Moorlands,SA,64.0,216.96,100.0,100.0,100.0
SAL40919,Moorook,SA,171.0,74.48,143.0,143.0,143.0
SAL40920,Moorook South,SA,166.0,37.58,200.0,200.0,200.0
SAL40921,Moppa,SA,69.0,31.98,200.0,200.0,200.0
SAL40922,Morchard,SA,19.0,118.3,0.0,0.0,0.0
SAL40923,Morgan,SA,509.0,252.1,178.0,178.0,178.0
SAL40924,Morn Hill,SA,12.0,19.23,0.0,0.0,0.0
SAL40925,Morphett Vale,SA,24002.0,19.12,295.0,295.0,295.0
SAL40926,Morphetts Flat,SA,9.0,1.03,260.0,260.0,260.0
SAL40927,Morphettville,SA,3686.0,2.97,300.0,300.0,300.0
SAL40928,Mortana,SA,23.0,241.33,92.0,92.0,92.0
SAL40929,Moseley,SA,19.0,339.51,92.0,92.0,92.0
SAL40930,Mosquito Hill,SA,137.0,58.36,225.0,225.0,225.0
SAL40931,Motpena,SA,6.0,2414.85,60.0,60.0,60.0
SAL40932,Mount Barker (Sa),SA,18330.0,56.72,350.0,350.0,350.0
SAL40933,Mount Barker Junction,SA,8.0,1.5,0.0,0.0,0.0
SAL40934,Mount Barker Springs,SA,174.0,12.92,200.0,200.0,200.0
SAL40935,Mount Barker Summit,SA,100.0,12.51,335.0,335.0,335.0
SAL40936,Mount Benson,SA,130.0,495.36,200.0,200.0,200.0
SAL40937,Mount Bryan,SA,114.0,175.61,175.0,175.0,175.0
SAL40938,Mount Bryan East,SA,7.0,369.62,0.0,0.0,0.0
SAL40939,Mount Burr,SA,367.0,161.84,145.0,145.0,145.0
SAL40940,Mount Charles,SA,58.0,243.97,0.0,0.0,0.0
SAL40941,Mount Compass,SA,1580.0,64.49,340.0,340.0,340.0
SAL40942,Mount Cooper (Sa),SA,14.0,261.34,0.0,0.0,0.0
SAL40943,Mount Crawford,SA,138.0,121.92,360.0,360.0,360.0
SAL40944,Mount Damper,SA,37.0,1235.75,0.0,0.0,0.0
SAL40945,Mount Drummond,SA,14.0,267.27,0.0,0.0,0.0
SAL40946,Mount Dutton Bay,SA,53.0,10.3,300.0,300.0,300.0
SAL40947,Mount Gambier,SA,25591.0,43.03,220.0,220.0,220.0
SAL40948,Mount George (Sa),SA,276.0,12.25,210.0,210.0,210.0
SAL40949,Mount Hope (Sa),SA,41.0,342.68,0.0,0.0,0.0
SAL40950,Mount Ive,SA,12.0,6355.12,0.0,0.0,0.0
SAL40951,Mount Jagged,SA,155.0,60.14,300.0,300.0,300.0
SAL40952,Mount Joy,SA,7.0,308.89,0.0,0.0,0.0
SAL40953,Mount Light,SA,155.0,81.1,250.0,250.0,250.0
SAL40954,Mount Magnificent,SA,60.0,29.51,400.0,400.0,400.0
SAL40955,Mount Mary,SA,36.0,242.5,200.0,200.0,200.0
SAL40956,Mount Mcintyre,SA,70.0,200.21,155.0,155.0,155.0
SAL40957,Mount Mckenzie,SA,58.0,11.37,285.0,285.0,285.0
SAL40958,Mount Observation (Sa),SA,10.0,14.1,0.0,0.0,0.0
SAL40959,Mount Osmond,SA,464.0,3.2,441.0,441.0,441.0
SAL40960,Mount Pleasant (Sa),SA,1058.0,165.38,250.0,250.0,250.0
SAL40961,Mount Schank,SA,264.0,242.15,150.0,150.0,150.0
SAL40962,Mount Serle,SA,11.0,8126.84,0.0,0.0,0.0
SAL40963,Mount Templeton,SA,50.0,90.4,250.0,250.0,250.0
SAL40964,Mount Torrens,SA,768.0,95.33,325.0,325.0,325.0
SAL40965,Mount Wedge,SA,17.0,689.98,0.0,0.0,0.0
SAL40966,Mount Willoughby,SA,17.0,27777.7,0.0,0.0,0.0
SAL40967,Moyhall,SA,52.0,196.91,175.0,175.0,175.0
SAL40968,Mudamuckla,SA,81.0,936.23,75.0,75.0,75.0
SAL40969,Mulgundawa,SA,41.0,47.64,0.0,0.0,0.0
SAL40970,Mullaquana,SA,272.0,23.04,250.0,250.0,250.0
SAL40971,Muloorina,SA,26.0,27615.18,85.0,85.0,85.0
SAL40972,Mundallio,SA,0.0,52.56,0.0,0.0,0.0
SAL40973,Mundic Creek,SA,30.0,26.48,195.0,195.0,195.0
SAL40974,Mundoo Island,SA,0.0,25.12,0.0,0.0,0.0
SAL40975,Mundoora,SA,134.0,295.06,240.0,240.0,240.0
SAL40976,Mundulla,SA,432.0,158.17,205.0,205.0,205.0
SAL40977,Mundulla West,SA,91.0,263.86,200.0,200.0,200.0
SAL40978,Mungeranie,SA,14.0,35703.33,156.0,156.0,156.0
SAL40979,Munno Para,SA,4719.0,5.83,265.0,265.0,265.0
SAL40980,Munno Para Downs,SA,181.0,8.76,250.0,250.0,250.0
SAL40981,Munno Para West,SA,7577.0,5.04,315.0,315.0,315.0
SAL40982,Murbko,SA,105.0,299.33,145.0,145.0,145.0
SAL40983,Murdinga,SA,72.0,560.04,1385.0,1385.0,1385.0
SAL40984,Murlong,SA,27.0,223.55,120.0,120.0,120.0
SAL40985,Murputja - Nyapari,SA,13.0,33.79,67.0,67.0,67.0
SAL40986,Murrawong,SA,19.0,3.08,190.0,190.0,190.0
SAL40987,Murray Bridge,SA,15043.0,39.13,240.0,240.0,240.0
SAL40988,Murray Bridge East,SA,1196.0,19.28,250.0,250.0,250.0
SAL40989,Murray Bridge North,SA,142.0,34.24,165.0,165.0,165.0
SAL40990,Murray Bridge South,SA,189.0,16.63,225.0,225.0,225.0
SAL40991,Murray Town,SA,58.0,37.24,0.0,0.0,0.0
SAL40992,Murtho,SA,195.0,412.38,150.0,150.0,150.0
SAL40993,Muston,SA,34.0,19.17,275.0,275.0,275.0
SAL40994,Mutooroo,SA,36.0,9553.5,0.0,0.0,0.0
SAL40995,Mylor,SA,1067.0,26.5,350.0,350.0,350.0
SAL40996,Mypolonga,SA,506.0,68.87,203.0,203.0,203.0
SAL40997,Myponga,SA,771.0,137.2,305.0,305.0,305.0
SAL40998,Myponga Beach,SA,51.0,40.28,0.0,0.0,0.0
SAL40999,Myrtle Bank (Sa),SA,3158.0,1.76,350.0,350.0,350.0
SAL41000,Nackara,SA,0.0,543.04,0.0,0.0,0.0
SAL41001,Nadia,SA,3.0,68.69,0.0,0.0,0.0
SAL41002,Naidia,SA,0.0,144.83,0.0,0.0,0.0
SAL41003,Nailsworth,SA,2235.0,1.18,300.0,300.0,300.0
SAL41004,Nain,SA,32.0,19.01,223.0,223.0,223.0
SAL41005,Nairne,SA,5327.0,37.16,350.0,350.0,350.0
SAL41006,Nalyappa,SA,18.0,229.91,220.0,220.0,220.0
SAL41007,Nangkita,SA,242.0,42.5,150.0,150.0,150.0
SAL41008,Nangwarry,SA,505.0,410.38,160.0,160.0,160.0
SAL41009,Nantawarra,SA,67.0,141.27,150.0,150.0,150.0
SAL41010,Napperby,SA,666.0,73.54,250.0,250.0,250.0
SAL41011,Naracoorte,SA,6211.0,179.12,230.0,230.0,230.0
SAL41012,Narridy,SA,59.0,181.06,165.0,165.0,165.0
SAL41013,Narrung (Sa),SA,183.0,295.71,115.0,115.0,115.0
SAL41014,Naturi,SA,25.0,153.19,150.0,150.0,150.0
SAL41015,Neales Flat,SA,78.0,120.24,300.0,300.0,300.0
SAL41016,Nectar Brook,SA,17.0,205.61,0.0,0.0,0.0
SAL41017,Nelshaby,SA,188.0,53.61,295.0,295.0,295.0
SAL41018,Nene Valley,SA,99.0,42.12,300.0,300.0,300.0
SAL41019,Nepabunna,SA,26.0,124.93,100.0,100.0,100.0
SAL41020,Nepean Bay,SA,140.0,62.34,235.0,235.0,235.0
SAL41021,Netherby (Sa),SA,1510.0,1.82,380.0,380.0,380.0
SAL41022,Netherton,SA,36.0,207.09,100.0,100.0,100.0
SAL41023,Netley,SA,1910.0,1.43,353.0,353.0,353.0
SAL41024,New Port,SA,647.0,0.52,350.0,350.0,350.0
SAL41025,New Residence,SA,95.0,21.71,250.0,250.0,250.0
SAL41026,New Town (Sa),SA,1291.0,2.93,242.0,242.0,242.0
SAL41027,New Well,SA,21.0,307.87,285.0,285.0,285.0
SAL41028,Newland,SA,52.0,334.41,75.0,75.0,75.0
SAL41029,Newton,SA,5117.0,3.23,350.0,350.0,350.0
SAL41030,Ngapala,SA,61.0,109.73,280.0,280.0,280.0
SAL41031,Ngarkat,SA,4.0,3812.48,0.0,0.0,0.0
SAL41032,Nildottie,SA,220.0,348.71,113.0,113.0,113.0
SAL41033,Ninnes,SA,65.0,200.41,150.0,150.0,150.0
SAL41034,Noarlunga Centre,SA,203.0,1.6,293.0,293.0,293.0
SAL41035,Noarlunga Downs,SA,4031.0,6.49,250.0,250.0,250.0
SAL41036,Nora Creina,SA,37.0,250.57,180.0,180.0,180.0
SAL41037,Normanville (Sa),SA,1965.0,26.24,300.0,300.0,300.0
SAL41038,North Adelaide,SA,6823.0,7.59,390.0,390.0,390.0
SAL41039,North Beach (Sa),SA,676.0,5.18,280.0,280.0,280.0
SAL41040,North Booborowie,SA,21.0,91.0,0.0,0.0,0.0
SAL41041,North Brighton,SA,2665.0,1.76,395.0,395.0,395.0
SAL41042,North Cape,SA,0.0,26.3,0.0,0.0,0.0
SAL41043,North Haven (Sa),SA,5585.0,4.64,365.0,365.0,365.0
SAL41044,North Moonta,SA,605.0,4.44,230.0,230.0,230.0
SAL41045,North Plympton,SA,3610.0,2.27,360.0,360.0,360.0
SAL41046,North Shields,SA,338.0,68.5,345.0,345.0,345.0
SAL41047,North West Bend,SA,18.0,0.38,0.0,0.0,0.0
SAL41048,North Yelta,SA,0.0,3.13,0.0,0.0,0.0
SAL41049,Northern Heights,SA,305.0,2.76,240.0,240.0,240.0
SAL41050,Northfield,SA,5043.0,3.29,307.0,307.0,307.0
SAL41051,Northgate (Sa),SA,3184.0,1.5,395.0,395.0,395.0
SAL41052,Norton Summit,SA,548.0,11.59,315.0,315.0,315.0
SAL41053,Norwood (Sa),SA,6354.0,3.29,390.0,390.0,390.0
SAL41054,Notts Well,SA,0.0,253.49,0.0,0.0,0.0
SAL41055,Novar Gardens,SA,2508.0,2.63,165.0,165.0,165.0
SAL41056,Nullarbor,SA,71.0,76157.65,0.0,0.0,0.0
SAL41057,Nunjikompita,SA,34.0,891.9,100.0,100.0,100.0
SAL41058,Nuriootpa,SA,6901.0,60.67,295.0,295.0,295.0
SAL41059,Nurom,SA,33.0,58.72,350.0,350.0,350.0
SAL41060,Nurragi,SA,30.0,32.22,620.0,620.0,620.0
SAL41061,O'Halloran Hill,SA,2722.0,11.69,350.0,350.0,350.0
SAL41062,O'Sullivan Beach,SA,1844.0,2.79,300.0,300.0,300.0
SAL41063,Oak Valley (Sa),SA,96.0,13.45,50.0,50.0,50.0
SAL41064,Oakbank,SA,865.0,40.28,340.0,340.0,340.0
SAL41065,Oakden,SA,3583.0,2.78,283.0,283.0,283.0
SAL41066,Oakden Hills,SA,5.0,4877.25,0.0,0.0,0.0
SAL41067,Oaklands Park,SA,3948.0,3.01,300.0,300.0,300.0
SAL41068,Ob Flat,SA,470.0,41.3,250.0,250.0,250.0
SAL41069,Olary,SA,4.0,15.93,0.0,0.0,0.0
SAL41070,Old Calperum,SA,12.0,66.24,0.0,0.0,0.0
SAL41071,Old Noarlunga,SA,1531.0,5.48,305.0,305.0,305.0
SAL41072,Old Reynella,SA,3458.0,3.32,330.0,330.0,330.0
SAL41073,Old Teal Flat,SA,0.0,0.06,0.0,0.0,0.0
SAL41074,Olympic Dam,SA,308.0,384.38,0.0,0.0,0.0
SAL41075,One Tree Hill,SA,1043.0,34.78,305.0,305.0,305.0
SAL41076,Onkaparinga Hills,SA,2610.0,37.52,385.0,385.0,385.0
SAL41077,Oodla Wirra,SA,5.0,6.83,0.0,0.0,0.0
SAL41078,Oodnadatta,SA,102.0,11.55,73.0,73.0,73.0
SAL41079,Orroroo,SA,578.0,505.96,162.0,162.0,162.0
SAL41080,Osborne (Sa),SA,1951.0,2.11,300.0,300.0,300.0
SAL41081,Ottoway,SA,2783.0,1.95,275.0,275.0,275.0
SAL41082,Outer Harbor,SA,13.0,8.59,102.0,102.0,102.0
SAL41083,Overland Corner,SA,64.0,382.63,40.0,40.0,40.0
SAL41084,Ovingham,SA,766.0,0.4,300.0,300.0,300.0
SAL41085,Owen,SA,509.0,187.15,220.0,220.0,220.0
SAL41086,Padthaway,SA,321.0,552.88,150.0,150.0,150.0
SAL41087,Paechtown,SA,204.0,8.71,480.0,480.0,480.0
SAL41088,Pages Flat,SA,164.0,34.48,265.0,265.0,265.0
SAL41089,Paisley,SA,96.0,219.82,330.0,330.0,330.0
SAL41090,Palkagee,SA,15.0,718.92,0.0,0.0,0.0
SAL41091,Pallamana,SA,68.0,113.69,188.0,188.0,188.0
SAL41092,Palmer (Sa),SA,215.0,121.27,250.0,250.0,250.0
SAL41093,Pandurra,SA,15.0,3093.93,0.0,0.0,0.0
SAL41094,Panitya (Sa),SA,10.0,182.11,0.0,0.0,0.0
SAL41095,Panorama,SA,2388.0,2.6,380.0,380.0,380.0
SAL41096,Para Hills,SA,6793.0,4.77,325.0,325.0,325.0
SAL41097,Para Hills West,SA,3295.0,4.06,275.0,275.0,275.0
SAL41098,Para Vista,SA,3023.0,2.18,285.0,285.0,285.0
SAL41099,Parachilna,SA,0.0,0.29,0.0,0.0,0.0
SAL41100,Paracombe,SA,435.0,28.62,263.0,263.0,263.0
SAL41101,Paradise (Sa),SA,7217.0,5.32,330.0,330.0,330.0
SAL41102,Parafield,SA,21.0,6.88,0.0,0.0,0.0
SAL41103,Parafield Gardens,SA,18467.0,10.44,300.0,300.0,300.0
SAL41104,Parakylia,SA,6.0,8498.93,0.0,0.0,0.0
SAL41105,Paralowie,SA,17504.0,9.99,305.0,305.0,305.0
SAL41106,Paramatta,SA,9.0,3.72,0.0,0.0,0.0
SAL41107,Paratoo,SA,5.0,556.15,0.0,0.0,0.0
SAL41108,Parawa,SA,91.0,113.83,250.0,250.0,250.0
SAL41109,Parham,SA,185.0,3.12,220.0,220.0,220.0
SAL41110,Parilla,SA,159.0,1113.71,200.0,200.0,200.0
SAL41111,Paringa,SA,1131.0,25.74,200.0,200.0,200.0
SAL41112,Paris Creek,SA,206.0,37.69,345.0,345.0,345.0
SAL41113,Park Holme,SA,3199.0,1.71,280.0,280.0,280.0
SAL41114,Parkside (Sa),SA,5126.0,2.07,395.0,395.0,395.0
SAL41115,Parnaroo,SA,6.0,479.09,0.0,0.0,0.0
SAL41116,Parndana,SA,155.0,4.27,200.0,200.0,200.0
SAL41117,Parrakie,SA,78.0,735.04,100.0,100.0,100.0
SAL41118,Parsons Beach,SA,19.0,0.13,250.0,250.0,250.0
SAL41119,Paruna,SA,36.0,411.56,70.0,70.0,70.0
SAL41120,Pasadena,SA,3073.0,3.24,333.0,333.0,333.0
SAL41121,Paskeville,SA,149.0,217.36,200.0,200.0,200.0
SAL41122,Pata,SA,81.0,271.85,150.0,150.0,150.0
SAL41123,Payneham,SA,2438.0,1.18,300.0,300.0,300.0
SAL41124,Payneham South,SA,1731.0,0.86,331.0,331.0,331.0
SAL41125,Peake,SA,104.0,408.11,90.0,90.0,90.0
SAL41126,Pearlah,SA,66.0,72.16,0.0,0.0,0.0
SAL41127,Peebinga,SA,35.0,304.57,26.0,26.0,26.0
SAL41128,Peep Hill,SA,22.0,33.75,0.0,0.0,0.0
SAL41129,Pekina,SA,70.0,329.23,0.0,0.0,0.0
SAL41130,Pelican Lagoon,SA,48.0,47.11,240.0,240.0,240.0
SAL41131,Pelican Point (Sa),SA,81.0,2.27,200.0,200.0,200.0
SAL41132,Pellaring Flat,SA,7.0,0.48,250.0,250.0,250.0
SAL41133,Penfield,SA,422.0,15.43,180.0,180.0,180.0
SAL41134,Penfield Gardens,SA,304.0,22.41,383.0,383.0,383.0
SAL41135,Penneshaw,SA,269.0,7.76,215.0,215.0,215.0
SAL41136,Pennington,SA,3773.0,2.06,250.0,250.0,250.0
SAL41137,Penola,SA,1622.0,400.65,198.0,198.0,198.0
SAL41138,Penong,SA,280.0,2907.87,59.0,59.0,59.0
SAL41139,Penrice,SA,486.0,28.5,350.0,350.0,350.0
SAL41140,Penwortham,SA,163.0,21.69,300.0,300.0,300.0
SAL41141,Perlubie,SA,45.0,248.51,270.0,270.0,270.0
SAL41142,Perponda,SA,45.0,499.76,165.0,165.0,165.0
SAL41143,Peterborough (Sa),SA,1490.0,52.71,160.0,160.0,160.0
SAL41144,Peterhead,SA,1201.0,0.9,300.0,300.0,300.0
SAL41145,Petersville,SA,75.0,130.64,150.0,150.0,150.0
SAL41146,Petherick,SA,40.0,674.7,150.0,150.0,150.0
SAL41147,Petina,SA,36.0,592.38,80.0,80.0,80.0
SAL41148,Petwood,SA,90.0,26.14,248.0,248.0,248.0
SAL41149,Pewsey Vale,SA,84.0,91.24,0.0,0.0,0.0
SAL41150,Piccadilly (Sa),SA,405.0,6.12,280.0,280.0,280.0
SAL41151,Piednippie,SA,16.0,395.19,176.0,176.0,176.0
SAL41152,Pike River,SA,52.0,178.29,70.0,70.0,70.0
SAL41153,Pimba,SA,25.0,3.72,70.0,70.0,70.0
SAL41154,Pimbaacla,SA,18.0,142.97,150.0,150.0,150.0
SAL41155,Pine Creek (Sa),SA,0.0,582.89,0.0,0.0,0.0
SAL41156,Pine Creek Station,SA,0.0,3.63,0.0,0.0,0.0
SAL41157,Pine Hill,SA,66.0,168.77,50.0,50.0,50.0
SAL41158,Pine Point,SA,88.0,46.72,235.0,235.0,235.0
SAL41159,Pinery,SA,87.0,143.91,220.0,220.0,220.0
SAL41160,Pinkawillinie,SA,51.0,2610.71,80.0,80.0,80.0
SAL41161,Pinkerton Plains,SA,74.0,94.98,200.0,200.0,200.0
SAL41162,Pinks Beach,SA,87.0,1.86,125.0,125.0,125.0
SAL41163,Pinnaroo,SA,768.0,1204.45,161.0,161.0,161.0
SAL41164,Pipalyatjara,SA,159.0,12.64,83.0,83.0,83.0
SAL41165,Pirie East,SA,37.0,125.73,341.0,341.0,341.0
SAL41166,Pleasant Park,SA,37.0,145.47,175.0,175.0,175.0
SAL41167,Plympton,SA,5459.0,2.62,300.0,300.0,300.0
SAL41168,Plympton Park,SA,3881.0,1.79,320.0,320.0,320.0
SAL41169,Point Boston,SA,62.0,14.57,330.0,330.0,330.0
SAL41170,Point Lowly,SA,34.0,0.9,0.0,0.0,0.0
SAL41171,Point Pass,SA,123.0,52.71,200.0,200.0,200.0
SAL41172,Point Pearce,SA,147.0,125.58,106.0,106.0,106.0
SAL41173,Point Souttar,SA,34.0,71.48,0.0,0.0,0.0
SAL41174,Point Sturt,SA,64.0,93.14,230.0,230.0,230.0
SAL41175,Point Turton,SA,350.0,32.68,210.0,210.0,210.0
SAL41176,Polda,SA,9.0,420.06,0.0,0.0,0.0
SAL41177,Polish Hill River,SA,38.0,27.14,200.0,200.0,200.0
SAL41178,Poltalloch,SA,41.0,157.87,165.0,165.0,165.0
SAL41179,Pompoota,SA,65.0,45.56,180.0,180.0,180.0
SAL41180,Ponde,SA,59.0,34.59,155.0,155.0,155.0
SAL41181,Poochera,SA,67.0,317.76,0.0,0.0,0.0
SAL41182,Pooginagoric,SA,55.0,170.31,125.0,125.0,125.0
SAL41183,Pooginook,SA,8.0,161.07,240.0,240.0,240.0
SAL41184,Poonindie,SA,210.0,37.05,150.0,150.0,150.0
SAL41185,Pooraka,SA,7583.0,7.95,300.0,300.0,300.0
SAL41186,Porky Flat,SA,16.0,111.8,0.0,0.0,0.0
SAL41187,Port Adelaide,SA,1338.0,7.04,293.0,293.0,293.0
SAL41188,Port Arthur (Sa),SA,0.0,52.98,0.0,0.0,0.0
SAL41189,Port Augusta,SA,6437.0,28.58,194.0,194.0,194.0
SAL41190,Port Augusta West,SA,4046.0,1035.92,213.0,213.0,213.0
SAL41191,Port Bonython,SA,14.0,39.69,0.0,0.0,0.0
SAL41192,Port Broughton,SA,1312.0,282.61,235.0,235.0,235.0
SAL41193,Port Davis,SA,4.0,176.02,0.0,0.0,0.0
SAL41194,Port Elliot,SA,2251.0,32.16,280.0,280.0,280.0
SAL41195,Port Gawler,SA,112.0,39.58,235.0,235.0,235.0
SAL41196,Port Germein,SA,368.0,146.97,185.0,185.0,185.0
SAL41197,Port Gibbon,SA,8.0,11.62,0.0,0.0,0.0
SAL41198,Port Hughes,SA,647.0,8.13,270.0,270.0,270.0
SAL41199,Port Julia,SA,59.0,28.68,0.0,0.0,0.0
SAL41200,Port Kenny,SA,59.0,39.94,100.0,100.0,100.0
SAL41201,Port Lincoln,SA,14458.0,48.84,240.0,240.0,240.0
SAL41202,Port Macdonnell,SA,859.0,66.82,210.0,210.0,210.0
SAL41203,Port Mannum,SA,239.0,0.9,245.0,245.0,245.0
SAL41204,Port Moorowie,SA,93.0,43.1,0.0,0.0,0.0
SAL41205,Port Neill,SA,218.0,392.03,194.0,194.0,194.0
SAL41206,Port Noarlunga,SA,3245.0,3.75,320.0,320.0,320.0
SAL41207,Port Noarlunga South,SA,3058.0,4.8,350.0,350.0,350.0
SAL41208,Port Paterson,SA,73.0,64.47,288.0,288.0,288.0
SAL41209,Port Pirie,SA,176.0,5.61,173.0,173.0,173.0
SAL41210,Port Pirie South,SA,3878.0,22.14,200.0,200.0,200.0
SAL41211,Port Pirie West,SA,2556.0,36.54,180.0,180.0,180.0
SAL41212,Port Rickaby,SA,69.0,32.22,270.0,270.0,270.0
SAL41213,Port Victoria,SA,397.0,82.83,205.0,205.0,205.0
SAL41214,Port Vincent,SA,534.0,101.74,250.0,250.0,250.0
SAL41215,Port Wakefield,SA,661.0,210.16,225.0,225.0,225.0
SAL41216,Port Willunga,SA,1785.0,3.2,328.0,328.0,328.0
SAL41217,Porter Lagoon,SA,8.0,50.8,0.0,0.0,0.0
SAL41218,Price,SA,205.0,82.08,180.0,180.0,180.0
SAL41219,Proof Range,SA,20.0,33.86,259.0,259.0,259.0
SAL41220,Prospect (Sa),SA,14584.0,7.4,350.0,350.0,350.0
SAL41221,Prospect Hill,SA,158.0,24.91,295.0,295.0,295.0
SAL41222,Pukatja,SA,519.0,10.59,90.0,90.0,90.0
SAL41223,Puntabie,SA,4.0,138.87,0.0,0.0,0.0
SAL41224,Punthari,SA,42.0,73.46,180.0,180.0,180.0
SAL41225,Punyelroo,SA,39.0,11.23,55.0,55.0,55.0
SAL41226,Pureba,SA,0.0,2136.96,0.0,0.0,0.0
SAL41227,Purnong,SA,55.0,107.05,200.0,200.0,200.0
SAL41228,Pyap,SA,175.0,158.41,275.0,275.0,275.0
SAL41229,Pyap West,SA,35.0,308.4,0.0,0.0,0.0
SAL41230,Pygery,SA,64.0,375.2,190.0,190.0,190.0
SAL41231,Qualco,SA,47.0,53.54,175.0,175.0,175.0
SAL41232,Queenstown (Sa),SA,1943.0,1.15,270.0,270.0,270.0
SAL41233,Quorn,SA,1232.0,551.41,200.0,200.0,200.0
SAL41234,Racecourse Bay,SA,27.0,0.57,240.0,240.0,240.0
SAL41235,Ramco,SA,135.0,5.81,195.0,195.0,195.0
SAL41236,Ramco Heights,SA,135.0,27.13,200.0,200.0,200.0
SAL41237,Ramsay (Sa),SA,74.0,280.36,220.0,220.0,220.0
SAL41238,Rapid Bay,SA,15.0,23.19,0.0,0.0,0.0
SAL41239,Red Creek,SA,145.0,55.09,225.0,225.0,225.0
SAL41240,Redbanks,SA,185.0,65.97,300.0,300.0,300.0
SAL41241,Redhill,SA,147.0,227.73,175.0,175.0,175.0
SAL41242,Redwood Park,SA,5367.0,3.39,350.0,350.0,350.0
SAL41243,Reedy Creek (Sa),SA,94.0,599.32,216.0,216.0,216.0
SAL41244,Reeves Plains,SA,129.0,90.71,338.0,338.0,338.0
SAL41245,Regency Park,SA,60.0,5.31,450.0,450.0,450.0
SAL41246,Reid (Sa),SA,436.0,0.82,350.0,350.0,350.0
SAL41247,Rendelsham,SA,229.0,125.5,125.0,125.0,125.0
SAL41248,Renmark,SA,4705.0,21.58,200.0,200.0,200.0
SAL41249,Renmark North,SA,678.0,57.57,240.0,240.0,240.0
SAL41250,Renmark South,SA,423.0,17.64,200.0,200.0,200.0
SAL41251,Renmark West,SA,1358.0,49.24,200.0,200.0,200.0
SAL41252,Renown Park,SA,1663.0,0.94,250.0,250.0,250.0
SAL41253,Reynella,SA,4836.0,6.2,320.0,320.0,320.0
SAL41254,Reynella East,SA,1990.0,2.02,315.0,315.0,315.0
SAL41255,Rhynie,SA,138.0,46.83,200.0,200.0,200.0
SAL41256,Richmond (Sa),SA,3474.0,2.1,300.0,300.0,300.0
SAL41257,Ridgehaven,SA,4304.0,3.14,320.0,320.0,320.0
SAL41258,Ridleyton,SA,1180.0,0.63,300.0,300.0,300.0
SAL41259,Risdon Park,SA,3878.0,20.21,180.0,180.0,180.0
SAL41260,Risdon Park South,SA,2230.0,26.75,185.0,185.0,185.0
SAL41261,Riverglades,SA,856.0,3.73,250.0,250.0,250.0
SAL41262,Riverglen,SA,19.0,7.52,125.0,125.0,125.0
SAL41263,Riverton (Sa),SA,1029.0,223.74,230.0,230.0,230.0
SAL41264,Robe,SA,1252.0,221.27,250.0,250.0,250.0
SAL41265,Robertstown,SA,223.0,198.78,193.0,193.0,193.0
SAL41266,Rochester (Sa),SA,5.0,26.68,125.0,125.0,125.0
SAL41267,Rockleigh,SA,287.0,264.75,250.0,250.0,250.0
SAL41268,Rocky Camp,SA,133.0,34.79,350.0,350.0,350.0
SAL41269,Rocky Gully (Sa),SA,113.0,35.77,275.0,275.0,275.0
SAL41270,Rocky Plain (Sa),SA,8.0,54.32,100.0,100.0,100.0
SAL41271,Rocky Point (Sa),SA,0.0,0.35,0.0,0.0,0.0
SAL41272,Rogues Point,SA,34.0,0.2,277.0,277.0,277.0
SAL41273,Rose Park,SA,1375.0,0.81,365.0,365.0,365.0
SAL41274,Rosedale (Sa),SA,190.0,29.63,258.0,258.0,258.0
SAL41275,Rosetown,SA,165.0,2.08,214.0,214.0,214.0
SAL41276,Rosewater,SA,3582.0,1.99,260.0,260.0,260.0
SAL41277,Roseworthy,SA,1041.0,35.2,350.0,350.0,350.0
SAL41278,Rosslyn Park,SA,1469.0,1.23,398.0,398.0,398.0
SAL41279,Rostrevor,SA,8452.0,6.82,380.0,380.0,380.0
SAL41280,Rowland Flat,SA,110.0,23.28,312.0,312.0,312.0
SAL41281,Roxby Downs,SA,3671.0,5.18,260.0,260.0,260.0
SAL41282,Royal Park,SA,3453.0,2.42,330.0,330.0,330.0
SAL41283,Royston Park,SA,1246.0,0.86,330.0,330.0,330.0
SAL41284,Rudall,SA,71.0,705.38,100.0,100.0,100.0
SAL41285,Sa Remainder,SA,0.0,139787.44,0.0,0.0,0.0
SAL41286,Saddleworth,SA,483.0,153.56,207.0,207.0,207.0
SAL41287,Saints,SA,11.0,24.29,0.0,0.0,0.0
SAL41288,Salisbury (Sa),SA,8841.0,6.78,260.0,260.0,260.0
SAL41289,Salisbury Downs,SA,6296.0,4.16,273.0,273.0,273.0
SAL41290,Salisbury East,SA,9273.0,10.21,290.0,290.0,290.0
SAL41291,Salisbury Heights,SA,4488.0,5.19,330.0,330.0,330.0
SAL41292,Salisbury North,SA,10683.0,6.33,260.0,260.0,260.0
SAL41293,Salisbury Park,SA,2276.0,2.28,275.0,275.0,275.0
SAL41294,Salisbury Plain,SA,1333.0,2.01,285.0,285.0,285.0
SAL41295,Salisbury South,SA,78.0,3.06,309.0,309.0,309.0
SAL41296,Salt Creek,SA,32.0,247.62,320.0,320.0,320.0
SAL41297,Salter Springs,SA,59.0,125.78,200.0,200.0,200.0
SAL41298,Saltia,SA,21.0,96.53,0.0,0.0,0.0
SAL41299,Sampson Flat,SA,147.0,24.77,225.0,225.0,225.0
SAL41300,Sandalwood,SA,62.0,1074.38,120.0,120.0,120.0
SAL41301,Sandergrove,SA,98.0,76.08,300.0,300.0,300.0
SAL41302,Sanderston,SA,79.0,80.42,0.0,0.0,0.0
SAL41303,Sandilands (Sa),SA,85.0,264.59,220.0,220.0,220.0
SAL41304,Sandleton,SA,20.0,101.78,0.0,0.0,0.0
SAL41305,Sandy Creek (Sa),SA,360.0,17.9,440.0,440.0,440.0
SAL41306,Sandy Grove,SA,124.0,41.49,0.0,0.0,0.0
SAL41307,Sapphiretown,SA,21.0,1.56,225.0,225.0,225.0
SAL41308,Sceale Bay,SA,55.0,193.49,0.0,0.0,0.0
SAL41309,Schell Well,SA,8.0,218.16,0.0,0.0,0.0
SAL41310,Scott Creek,SA,225.0,8.49,263.0,263.0,263.0
SAL41311,Seacliff,SA,2117.0,1.09,350.0,350.0,350.0
SAL41312,Seacliff Park,SA,2644.0,3.42,370.0,370.0,370.0
SAL41313,Seacombe Gardens,SA,3373.0,1.48,370.0,370.0,370.0
SAL41314,Seacombe Heights,SA,1549.0,1.26,380.0,380.0,380.0
SAL41315,Seaford (Sa),SA,4493.0,4.46,330.0,330.0,330.0
SAL41316,Seaford Heights,SA,1079.0,2.6,380.0,380.0,380.0
SAL41317,Seaford Meadows,SA,5102.0,5.34,360.0,360.0,360.0
SAL41318,Seaford Rise,SA,6105.0,4.73,318.0,318.0,318.0
SAL41319,Seal Bay,SA,7.0,137.6,0.0,0.0,0.0
SAL41320,Seaton (Sa),SA,10877.0,6.83,310.0,310.0,310.0
SAL41321,Seaview Downs,SA,2718.0,3.41,385.0,385.0,385.0
SAL41322,Sebastopol (Sa),SA,49.0,84.08,140.0,140.0,140.0
SAL41323,Second Valley,SA,154.0,62.28,200.0,200.0,200.0
SAL41324,Sedan,SA,212.0,439.76,200.0,200.0,200.0
SAL41325,Seddon (Sa),SA,107.0,395.82,125.0,125.0,125.0
SAL41326,Sefton Park,SA,1274.0,0.73,310.0,310.0,310.0
SAL41327,Sellicks Beach,SA,2705.0,9.34,320.0,320.0,320.0
SAL41328,Sellicks Hill,SA,299.0,69.49,280.0,280.0,280.0
SAL41329,Semaphore,SA,2749.0,1.58,320.0,320.0,320.0
SAL41330,Semaphore Park,SA,4541.0,2.85,250.0,250.0,250.0
SAL41331,Semaphore South,SA,1031.0,0.93,320.0,320.0,320.0
SAL41332,Senior,SA,120.0,768.53,240.0,240.0,240.0
SAL41333,Seppeltsfield,SA,144.0,27.68,265.0,265.0,265.0
SAL41334,Sevenhill,SA,163.0,16.22,231.0,231.0,231.0
SAL41335,Shaugh,SA,54.0,683.56,100.0,100.0,100.0
SAL41336,Shea-Oak Log,SA,141.0,60.92,150.0,150.0,150.0
SAL41337,Sheaoak Flat,SA,28.0,14.23,0.0,0.0,0.0
SAL41338,Sheidow Park,SA,6731.0,5.37,380.0,380.0,380.0
SAL41339,Sheringa,SA,32.0,711.4,70.0,70.0,70.0
SAL41340,Sherlock (Sa),SA,70.0,462.86,100.0,100.0,100.0
SAL41341,Sherwood (Sa),SA,89.0,447.72,120.0,120.0,120.0
SAL41342,Short,SA,22.0,143.6,0.0,0.0,0.0
SAL41343,Silverton (Sa),SA,35.0,16.56,0.0,0.0,0.0
SAL41344,Skye (Sa),SA,293.0,2.04,455.0,455.0,455.0
SAL41345,Sleaford,SA,31.0,281.7,210.0,210.0,210.0
SAL41346,Smithfield (Sa),SA,2482.0,3.11,260.0,260.0,260.0
SAL41347,Smithfield Plains,SA,3305.0,2.23,251.0,251.0,251.0
SAL41348,Smoky Bay,SA,216.0,658.13,200.0,200.0,200.0
SAL41349,Snowtown,SA,425.0,267.21,150.0,150.0,150.0
SAL41350,Solomon,SA,65.0,467.44,150.0,150.0,150.0
SAL41351,Solomontown,SA,1088.0,5.56,195.0,195.0,195.0
SAL41352,Somerton Park,SA,5811.0,3.34,335.0,335.0,335.0
SAL41353,South Brighton,SA,2763.0,1.38,335.0,335.0,335.0
SAL41354,South Hummocks,SA,30.0,142.82,230.0,230.0,230.0
SAL41355,South Kilkerran,SA,59.0,100.63,100.0,100.0,100.0
SAL41356,South Plympton,SA,4721.0,2.34,340.0,340.0,340.0
SAL41357,Southend,SA,301.0,59.48,245.0,245.0,245.0
SAL41358,Spalding (Sa),SA,260.0,265.23,155.0,155.0,155.0
SAL41359,Spectacle Lake,SA,5.0,97.23,0.0,0.0,0.0
SAL41360,Spence (Sa),SA,50.0,298.02,68.0,68.0,68.0
SAL41361,Spring Farm (Sa),SA,105.0,18.0,250.0,250.0,250.0
SAL41362,Spring Gully (Sa),SA,60.0,51.63,0.0,0.0,0.0
SAL41363,Springfield (Sa),SA,548.0,1.32,510.0,510.0,510.0
SAL41364,Springton,SA,680.0,96.58,285.0,285.0,285.0
SAL41365,Square Mile,SA,31.0,4.27,180.0,180.0,180.0
SAL41366,St Agnes (Sa),SA,4233.0,3.87,340.0,340.0,340.0
SAL41367,St Clair (Sa),SA,2634.0,1.39,360.0,360.0,360.0
SAL41368,St Georges,SA,1726.0,1.04,495.0,495.0,495.0
SAL41369,St Ives (Sa),SA,35.0,14.15,0.0,0.0,0.0
SAL41370,St Johns,SA,8.0,25.85,180.0,180.0,180.0
SAL41371,St Kilda (Sa),SA,88.0,25.85,250.0,250.0,250.0
SAL41372,St Kitts,SA,43.0,67.57,133.0,133.0,133.0
SAL41373,St Marys (Sa),SA,3010.0,2.74,285.0,285.0,285.0
SAL41374,St Morris,SA,1598.0,0.83,343.0,343.0,343.0
SAL41375,St Peters (Sa),SA,3231.0,2.23,310.0,310.0,310.0
SAL41376,Stanley (Sa),SA,27.0,69.73,250.0,250.0,250.0
SAL41377,Stanley Flat,SA,401.0,49.12,260.0,260.0,260.0
SAL41378,Stansbury,SA,603.0,90.6,250.0,250.0,250.0
SAL41379,Steelton,SA,31.0,38.48,100.0,100.0,100.0
SAL41380,Steinfeld,SA,30.0,235.49,75.0,75.0,75.0
SAL41381,Stephenston,SA,0.0,267.0,0.0,0.0,0.0
SAL41382,Stepney,SA,942.0,0.8,370.0,370.0,370.0
SAL41383,Stewart Range,SA,67.0,377.69,105.0,105.0,105.0
SAL41384,Stirling (Sa),SA,3067.0,10.05,450.0,450.0,450.0
SAL41385,Stirling North,SA,2793.0,96.02,250.0,250.0,250.0
SAL41386,Stockport,SA,272.0,89.63,220.0,220.0,220.0
SAL41387,Stockwell,SA,516.0,28.36,323.0,323.0,323.0
SAL41388,Stockyard Creek (Sa),SA,15.0,31.73,0.0,0.0,0.0
SAL41389,Stockyard Plain,SA,17.0,457.49,0.0,0.0,0.0
SAL41390,Stokes Bay,SA,52.0,84.81,305.0,305.0,305.0
SAL41391,Stone Hut,SA,30.0,36.68,0.0,0.0,0.0
SAL41392,Stone Well,SA,110.0,7.74,390.0,390.0,390.0
SAL41393,Stonyfell,SA,1266.0,1.94,565.0,565.0,565.0
SAL41394,Stow,SA,9.0,73.41,0.0,0.0,0.0
SAL41395,Strathalbyn (Sa),SA,7246.0,176.23,300.0,300.0,300.0
SAL41396,Streaky Bay,SA,1436.0,726.49,250.0,250.0,250.0
SAL41397,Struan,SA,40.0,119.55,230.0,230.0,230.0
SAL41398,Stuart (Sa),SA,15.0,380.37,370.0,370.0,370.0
SAL41399,Stuarts Creek,SA,10.0,20529.32,0.0,0.0,0.0
SAL41400,Stun'Sail Boom,SA,7.0,30.07,0.0,0.0,0.0
SAL41401,Sturt (Sa),SA,2787.0,1.48,295.0,295.0,295.0
SAL41402,Sturt Vale,SA,15.0,7651.92,0.0,0.0,0.0
SAL41403,Sultana Point,SA,27.0,0.32,230.0,230.0,230.0
SAL41404,Summertown,SA,752.0,7.52,365.0,365.0,365.0
SAL41405,Sunlands,SA,356.0,33.58,165.0,165.0,165.0
SAL41406,Sunnybrae,SA,24.0,325.73,133.0,133.0,133.0
SAL41407,Sunnydale,SA,39.0,73.94,0.0,0.0,0.0
SAL41408,Sunnyside (Sa),SA,96.0,6.2,325.0,325.0,325.0
SAL41409,Sunnyvale,SA,38.0,137.58,0.0,0.0,0.0
SAL41410,Surrey Downs,SA,3358.0,2.42,330.0,330.0,330.0
SAL41411,Sutherlands,SA,33.0,73.83,150.0,150.0,150.0
SAL41412,Suttontown,SA,692.0,54.25,275.0,275.0,275.0
SAL41413,Swan Reach (Sa),SA,271.0,564.96,200.0,200.0,200.0
SAL41414,Swanport,SA,157.0,4.09,300.0,300.0,300.0
SAL41415,Swede Flat,SA,18.0,96.66,185.0,185.0,185.0
SAL41416,Tailem Bend,SA,1705.0,351.64,225.0,225.0,225.0
SAL41417,Taldra,SA,57.0,454.74,170.0,170.0,170.0
SAL41418,Talia,SA,5.0,268.22,0.0,0.0,0.0
SAL41419,Tantanoola,SA,457.0,416.73,160.0,160.0,160.0
SAL41420,Tanunda,SA,4710.0,37.19,300.0,300.0,300.0
SAL41421,Taperoo,SA,3250.0,3.41,250.0,250.0,250.0
SAL41422,Taplan,SA,41.0,300.62,100.0,100.0,100.0
SAL41423,Taratap,SA,38.0,643.76,161.0,161.0,161.0
SAL41424,Tarcoola,SA,0.0,36.22,0.0,0.0,0.0
SAL41425,Tarcowie,SA,41.0,147.86,150.0,150.0,150.0
SAL41426,Tarlee,SA,316.0,121.12,260.0,260.0,260.0
SAL41427,Tarnma,SA,20.0,52.42,206.0,206.0,206.0
SAL41428,Tarpeena,SA,392.0,62.52,150.0,150.0,150.0
SAL41429,Tatachilla,SA,231.0,15.16,280.0,280.0,280.0
SAL41430,Taunton (Sa),SA,7.0,7.99,0.0,0.0,0.0
SAL41431,Taylorville,SA,263.0,156.09,155.0,155.0,155.0
SAL41432,Tea Tree Gully,SA,3499.0,7.08,325.0,325.0,325.0
SAL41433,Teal Flat,SA,13.0,2.24,0.0,0.0,0.0
SAL41434,Telowie,SA,89.0,142.57,190.0,190.0,190.0
SAL41435,Templers,SA,138.0,50.89,225.0,225.0,225.0
SAL41436,Tennyson (Sa),SA,1137.0,1.03,340.0,340.0,340.0
SAL41437,Tepko,SA,31.0,28.12,150.0,150.0,150.0
SAL41438,Teringie,SA,831.0,4.89,340.0,340.0,340.0
SAL41439,Terowie,SA,135.0,242.3,135.0,135.0,135.0
SAL41440,The Gap (Sa),SA,26.0,175.18,300.0,300.0,300.0
SAL41441,The Pines (Sa),SA,135.0,79.74,120.0,120.0,120.0
SAL41442,The Range (Sa),SA,159.0,29.62,447.0,447.0,447.0
SAL41443,Thebarton,SA,1442.0,1.78,315.0,315.0,315.0
SAL41444,Thevenard,SA,563.0,2.4,223.0,223.0,223.0
SAL41445,Thomas Plain,SA,46.0,114.32,100.0,100.0,100.0
SAL41446,Thompson Beach,SA,219.0,1.59,253.0,253.0,253.0
SAL41447,Thorngate,SA,180.0,0.14,380.0,380.0,380.0
SAL41448,Thornlea,SA,46.0,186.79,180.0,180.0,180.0
SAL41449,Thrington,SA,23.0,73.18,120.0,120.0,120.0
SAL41450,Tiatukia,SA,367.0,12.08,320.0,320.0,320.0
SAL41451,Tickera,SA,194.0,132.55,155.0,155.0,155.0
SAL41452,Tiddy Widdy Beach,SA,195.0,0.85,245.0,245.0,245.0
SAL41453,Tieyon,SA,40.0,49489.37,0.0,0.0,0.0
SAL41454,Tilley Swamp,SA,16.0,920.22,300.0,300.0,300.0
SAL41455,Tintinara,SA,544.0,1494.64,150.0,150.0,150.0
SAL41456,Tolderol,SA,21.0,31.27,200.0,200.0,200.0
SAL41457,Tonsley,SA,743.0,1.47,330.0,330.0,330.0
SAL41458,Tooligie,SA,25.0,1072.7,0.0,0.0,0.0
SAL41459,Tooperang,SA,271.0,60.3,330.0,330.0,330.0
SAL41460,Toora (Sa),SA,41.0,11.85,100.0,100.0,100.0
SAL41461,Toorak Gardens,SA,2604.0,1.63,320.0,320.0,320.0
SAL41462,Tootenilla,SA,12.0,32.77,200.0,200.0,200.0
SAL41463,Torrens Island,SA,0.0,11.29,0.0,0.0,0.0
SAL41464,Torrens Park,SA,2687.0,2.29,330.0,330.0,330.0
SAL41465,Torrens Vale,SA,71.0,33.71,178.0,178.0,178.0
SAL41466,Torrensville,SA,4110.0,3.04,360.0,360.0,360.0
SAL41467,Tothill Belt,SA,18.0,57.32,0.0,0.0,0.0
SAL41468,Tothill Creek,SA,9.0,59.8,120.0,120.0,120.0
SAL41469,Totness,SA,96.0,5.25,190.0,190.0,190.0
SAL41470,Towitta,SA,26.0,43.24,160.0,160.0,160.0
SAL41471,Tranmere (Sa),SA,4136.0,2.2,385.0,385.0,385.0
SAL41472,Trinity Gardens,SA,1264.0,0.89,375.0,375.0,375.0
SAL41473,Trott Park,SA,3124.0,4.5,350.0,350.0,350.0
SAL41474,Truro,SA,523.0,314.41,257.0,257.0,257.0
SAL41475,Tulka,SA,126.0,86.18,300.0,300.0,300.0
SAL41476,Tumby Bay,SA,1781.0,460.02,220.0,220.0,220.0
SAL41477,Tungkillo,SA,342.0,193.35,250.0,250.0,250.0
SAL41478,Tunkalilla,SA,6.0,74.84,0.0,0.0,0.0
SAL41479,Tusmore,SA,1503.0,0.98,360.0,360.0,360.0
SAL41480,Two Wells,SA,3233.0,64.53,300.0,300.0,300.0
SAL41481,Tyringa,SA,18.0,185.45,0.0,0.0,0.0
SAL41482,Ucolta,SA,13.0,423.01,50.0,50.0,50.0
SAL41483,Uley,SA,0.0,480.24,0.0,0.0,0.0
SAL41484,Uleybury,SA,291.0,30.8,470.0,470.0,470.0
SAL41485,Ulooloo,SA,0.0,77.99,0.0,0.0,0.0
SAL41486,Ulyerra,SA,28.0,474.14,138.0,138.0,138.0
SAL41487,Undalya,SA,35.0,32.17,250.0,250.0,250.0
SAL41488,Underdale,SA,2429.0,1.54,310.0,310.0,310.0
SAL41489,Ungarra,SA,156.0,444.82,100.0,100.0,100.0
SAL41490,Unley,SA,3997.0,2.25,372.0,372.0,372.0
SAL41491,Unley Park,SA,1383.0,1.27,350.0,350.0,350.0
SAL41492,Uno,SA,0.0,1815.53,0.0,0.0,0.0
SAL41493,Upper Hermitage,SA,273.0,14.85,329.0,329.0,329.0
SAL41494,Upper Sturt,SA,1005.0,10.95,345.0,345.0,345.0
SAL41495,Uraidla,SA,581.0,5.18,385.0,385.0,385.0
SAL41496,Urania,SA,44.0,165.84,0.0,0.0,0.0
SAL41497,Urrbrae,SA,1070.0,2.6,505.0,505.0,505.0
SAL41498,Uworra,SA,14.0,107.09,0.0,0.0,0.0
SAL41499,Vale Park,SA,2452.0,1.5,410.0,410.0,410.0
SAL41500,Valley View,SA,6405.0,4.35,345.0,345.0,345.0
SAL41501,Veitch,SA,16.0,168.32,0.0,0.0,0.0
SAL41502,Venus Bay (Sa),SA,59.0,180.41,130.0,130.0,130.0
SAL41503,Verdun,SA,235.0,6.31,293.0,293.0,293.0
SAL41504,Verran,SA,88.0,846.16,86.0,86.0,86.0
SAL41505,Victor Harbor,SA,4520.0,13.0,267.0,267.0,267.0
SAL41506,Vine Vale,SA,90.0,7.48,380.0,380.0,380.0
SAL41507,Virginia (Sa),SA,2759.0,43.39,300.0,300.0,300.0
SAL41508,Vista,SA,1035.0,2.74,370.0,370.0,370.0
SAL41509,Vivonne Bay,SA,95.0,205.6,190.0,190.0,190.0
SAL41510,Waddikee,SA,29.0,364.93,0.0,0.0,0.0
SAL41511,Waikerie,SA,2681.0,103.56,200.0,200.0,200.0
SAL41512,Waitpinga,SA,374.0,169.81,250.0,250.0,250.0
SAL41513,Walker Flat,SA,92.0,208.98,213.0,213.0,213.0
SAL41514,Walkerville (Sa),SA,2867.0,1.82,373.0,373.0,373.0
SAL41515,Walkley Heights,SA,3513.0,2.42,370.0,370.0,370.0
SAL41516,Wall Flat,SA,60.0,24.02,105.0,105.0,105.0
SAL41517,Wallala,SA,10.0,295.62,0.0,0.0,0.0
SAL41518,Wallaroo (Sa),SA,3699.0,64.35,245.0,245.0,245.0
SAL41519,Wallaroo Mines,SA,408.0,4.21,260.0,260.0,260.0
SAL41520,Wallaroo Plain,SA,51.0,143.68,110.0,110.0,110.0
SAL41521,Walloway,SA,8.0,118.08,100.0,100.0,100.0
SAL41522,Waltowa,SA,33.0,128.35,200.0,200.0,200.0
SAL41523,Wami Kata,SA,19.0,76.05,0.0,0.0,0.0
SAL41524,Wanbi,SA,23.0,333.58,0.0,0.0,0.0
SAL41525,Wandana (Sa),SA,22.0,416.66,220.0,220.0,220.0
SAL41526,Wandearah East,SA,95.0,242.03,400.0,400.0,400.0
SAL41527,Wandearah West,SA,17.0,158.33,0.0,0.0,0.0
SAL41528,Wandilo,SA,194.0,89.16,200.0,200.0,200.0
SAL41529,Wangary,SA,203.0,256.26,200.0,200.0,200.0
SAL41530,Wangolina,SA,69.0,361.99,0.0,0.0,0.0
SAL41531,Wanilla,SA,95.0,233.25,115.0,115.0,115.0
SAL41532,Wappilka,SA,17.0,169.22,185.0,185.0,185.0
SAL41533,Warburto,SA,58.0,101.4,150.0,150.0,150.0
SAL41534,Ward Belt,SA,158.0,53.88,425.0,425.0,425.0
SAL41535,Ward Hill,SA,52.0,181.43,175.0,175.0,175.0
SAL41536,Warnertown,SA,208.0,186.7,240.0,240.0,240.0
SAL41537,Warnes,SA,21.0,12622.89,0.0,0.0,0.0
SAL41538,Warooka,SA,360.0,765.58,168.0,168.0,168.0
SAL41539,Warradale,SA,5801.0,3.0,380.0,380.0,380.0
SAL41540,Warramboo,SA,104.0,902.37,0.0,0.0,0.0
SAL41541,Washpool (Sa),SA,43.0,100.1,150.0,150.0,150.0
SAL41542,Wasleys,SA,885.0,80.06,280.0,280.0,280.0
SAL41543,Watarru,SA,0.0,4.68,0.0,0.0,0.0
SAL41544,Watchman,SA,31.0,86.24,300.0,300.0,300.0
SAL41545,Waterfall Gully,SA,161.0,2.79,468.0,468.0,468.0
SAL41546,Waterloo (Sa),SA,82.0,80.27,73.0,73.0,73.0
SAL41547,Waterloo Corner,SA,1103.0,39.27,225.0,225.0,225.0
SAL41548,Watervale,SA,338.0,85.94,275.0,275.0,275.0
SAL41549,Watraba,SA,0.0,77.68,0.0,0.0,0.0
SAL41550,Wattle Flat (Sa),SA,149.0,32.37,305.0,305.0,305.0
SAL41551,Wattle Park,SA,1885.0,1.69,470.0,470.0,470.0
SAL41552,Wattle Range,SA,68.0,332.28,175.0,175.0,175.0
SAL41553,Wattle Range East,SA,41.0,158.66,195.0,195.0,195.0
SAL41554,Wauraltee,SA,69.0,209.06,130.0,130.0,130.0
SAL41555,Wayville,SA,1922.0,1.5,350.0,350.0,350.0
SAL41556,Webb Beach,SA,40.0,0.39,180.0,180.0,180.0
SAL41557,Wedge Island (Sa),SA,0.0,17.07,0.0,0.0,0.0
SAL41558,Weeroona Island,SA,117.0,0.97,220.0,220.0,220.0
SAL41559,Weetulta,SA,69.0,173.49,200.0,200.0,200.0
SAL41560,Welland,SA,881.0,0.93,305.0,305.0,305.0
SAL41561,Wellington (Sa),SA,184.0,150.91,200.0,200.0,200.0
SAL41562,Wellington East,SA,291.0,89.56,310.0,310.0,310.0
SAL41563,Wepar,SA,47.0,117.16,250.0,250.0,250.0
SAL41564,West Beach (Sa),SA,5175.0,6.25,320.0,320.0,320.0
SAL41565,West Bundaleer,SA,15.0,110.18,0.0,0.0,0.0
SAL41566,West Croydon,SA,4242.0,2.48,350.0,350.0,350.0
SAL41567,West Hindmarsh,SA,1560.0,0.89,320.0,320.0,320.0
SAL41568,West Lakes,SA,6768.0,6.57,370.0,370.0,370.0
SAL41569,West Lakes Shore,SA,3236.0,2.45,390.0,390.0,390.0
SAL41570,West Range,SA,25.0,171.55,0.0,0.0,0.0
SAL41571,West Richmond,SA,1087.0,0.57,320.0,320.0,320.0
SAL41572,Westall,SA,7.0,27.01,0.0,0.0,0.0
SAL41573,Westbourne Park,SA,2564.0,1.33,305.0,305.0,305.0
SAL41574,Western Flat,SA,121.0,561.41,100.0,100.0,100.0
SAL41575,Western River,SA,16.0,159.46,0.0,0.0,0.0
SAL41576,Wharminda,SA,19.0,163.5,0.0,0.0,0.0
SAL41577,White Hill,SA,111.0,10.52,204.0,204.0,204.0
SAL41578,White Hut,SA,12.0,252.8,0.0,0.0,0.0
SAL41579,White Sands,SA,194.0,13.31,300.0,300.0,300.0
SAL41580,White Well Corner,SA,3.0,348.64,0.0,0.0,0.0
SAL41581,Whites Flat,SA,54.0,74.29,90.0,90.0,90.0
SAL41582,Whites River,SA,9.0,64.13,0.0,0.0,0.0
SAL41583,Whites Valley,SA,313.0,19.65,270.0,270.0,270.0
SAL41584,Whitwarta,SA,48.0,78.64,205.0,205.0,205.0
SAL41585,Whyalla,SA,3609.0,6.04,200.0,200.0,200.0
SAL41586,Whyalla Barson,SA,0.0,66.93,0.0,0.0,0.0
SAL41587,Whyalla Jenkins,SA,1961.0,4.38,265.0,265.0,265.0
SAL41588,Whyalla Norrie,SA,6288.0,10.37,180.0,180.0,180.0
SAL41589,Whyalla Playford,SA,2540.0,4.63,200.0,200.0,200.0
SAL41590,Whyalla Stuart,SA,6476.0,9.86,160.0,160.0,160.0
SAL41591,Whyte Yarcowie,SA,50.0,266.53,150.0,150.0,150.0
SAL41592,Wigley Flat,SA,41.0,25.62,155.0,155.0,155.0
SAL41593,Wilcherry,SA,5.0,60.61,0.0,0.0,0.0
SAL41594,Wild Dog Valley (Sa),SA,153.0,165.49,205.0,205.0,205.0
SAL41595,Wild Horse Plains,SA,96.0,84.65,100.0,100.0,100.0
SAL41596,Wilgena,SA,40.0,25230.05,0.0,0.0,0.0
SAL41597,Willalo,SA,59.0,144.02,90.0,90.0,90.0
SAL41598,Willalooka,SA,136.0,586.97,150.0,150.0,150.0
SAL41599,Willamulka,SA,65.0,124.05,150.0,150.0,150.0
SAL41600,Willaston,SA,3458.0,4.44,300.0,300.0,300.0
SAL41601,William Creek,SA,17.0,19348.82,0.0,0.0,0.0
SAL41602,Williamstown (Sa),SA,2981.0,105.71,300.0,300.0,300.0
SAL41603,Willippa,SA,15.0,8334.59,0.0,0.0,0.0
SAL41604,Willochra,SA,12.0,672.17,10.0,10.0,10.0
SAL41605,Willoughby (Sa),SA,11.0,39.54,0.0,0.0,0.0
SAL41606,Willow Creek,SA,48.0,45.7,207.0,207.0,207.0
SAL41607,Willow Springs,SA,72.0,6451.7,80.0,80.0,80.0
SAL41608,Willowie,SA,33.0,252.08,100.0,100.0,100.0
SAL41609,Willson River,SA,6.0,38.57,0.0,0.0,0.0
SAL41610,Willunga,SA,2445.0,31.98,330.0,330.0,330.0
SAL41611,Willunga Hill,SA,150.0,22.67,363.0,363.0,363.0
SAL41612,Willunga South,SA,470.0,21.43,275.0,275.0,275.0
SAL41613,Willyaroo,SA,376.0,5.91,375.0,375.0,375.0
SAL41614,Wilmington,SA,667.0,850.95,200.0,200.0,200.0
SAL41615,Windsor (Sa),SA,133.0,118.32,195.0,195.0,195.0
SAL41616,Windsor Gardens,SA,5827.0,3.75,320.0,320.0,320.0
SAL41617,Wingfield,SA,440.0,10.48,280.0,280.0,280.0
SAL41618,Winkie,SA,336.0,48.88,200.0,200.0,200.0
SAL41619,Winninowie,SA,5.0,163.33,0.0,0.0,0.0
SAL41620,Winulta,SA,41.0,81.53,225.0,225.0,225.0
SAL41621,Wirrabara,SA,353.0,320.55,150.0,150.0,150.0
SAL41622,Wirraminna,SA,0.0,3887.59,0.0,0.0,0.0
SAL41623,Wirrega,SA,35.0,95.11,138.0,138.0,138.0
SAL41624,Wirrina Cove,SA,187.0,12.26,183.0,183.0,183.0
SAL41625,Wirrulla,SA,107.0,209.41,111.0,111.0,111.0
SAL41626,Wisanger,SA,140.0,154.4,240.0,240.0,240.0
SAL41627,Wistow,SA,285.0,34.94,295.0,295.0,295.0
SAL41628,Witera,SA,3.0,134.32,0.0,0.0,0.0
SAL41629,Wokurna,SA,61.0,225.13,175.0,175.0,175.0
SAL41630,Wolseley,SA,207.0,203.45,138.0,138.0,138.0
SAL41631,Wombats Rest,SA,3.0,0.07,300.0,300.0,300.0
SAL41632,Wongulla,SA,64.0,31.41,0.0,0.0,0.0
SAL41633,Wongyarra,SA,49.0,56.83,143.0,143.0,143.0
SAL41634,Wonna,SA,0.0,446.89,0.0,0.0,0.0
SAL41635,Wonuarra,SA,44.0,196.93,145.0,145.0,145.0
SAL41636,Woodchester,SA,253.0,54.31,250.0,250.0,250.0
SAL41637,Woodcroft (Sa),SA,11326.0,10.37,350.0,350.0,350.0
SAL41638,Woodforde,SA,1024.0,6.9,430.0,430.0,430.0
SAL41639,Woodlane,SA,94.0,8.02,203.0,203.0,203.0
SAL41640,Woodleigh (Sa),SA,73.0,433.66,320.0,320.0,320.0
SAL41641,Woods Point (Sa),SA,188.0,37.78,240.0,240.0,240.0
SAL41642,Woodside (Sa),SA,2701.0,85.71,320.0,320.0,320.0
SAL41643,Woodville (Sa),SA,2180.0,1.75,300.0,300.0,300.0
SAL41644,Woodville Gardens,SA,2412.0,1.28,250.0,250.0,250.0
SAL41645,Woodville North,SA,2721.0,2.1,300.0,300.0,300.0
SAL41646,Woodville Park,SA,1852.0,1.08,320.0,320.0,320.0
SAL41647,Woodville South,SA,3464.0,2.19,340.0,340.0,340.0
SAL41648,Woodville West,SA,3854.0,1.79,330.0,330.0,330.0
SAL41649,Wool Bay,SA,154.0,83.25,200.0,200.0,200.0
SAL41650,Woolpunda,SA,16.0,219.45,200.0,200.0,200.0
SAL41651,Woolshed Flat (Sa),SA,30.0,49.05,240.0,240.0,240.0
SAL41652,Woolsheds,SA,27.0,24.65,210.0,210.0,210.0
SAL41653,Woolumbool,SA,75.0,564.64,150.0,150.0,150.0
SAL41654,Woolundunga,SA,30.0,215.17,200.0,200.0,200.0
SAL41655,Woomera,SA,132.0,64.18,103.0,103.0,103.0
SAL41656,Worlds End (Sa),SA,14.0,209.78,0.0,0.0,0.0
SAL41657,Worrolong,SA,1293.0,31.95,361.0,361.0,361.0
SAL41658,Wrattonbully,SA,41.0,85.88,265.0,265.0,265.0
SAL41659,Wudinna,SA,594.0,829.11,160.0,160.0,160.0
SAL41660,Wunkar,SA,51.0,388.92,175.0,175.0,175.0
SAL41661,Wye,SA,95.0,117.02,180.0,180.0,180.0
SAL41662,Wynarka,SA,72.0,471.64,23.0,23.0,23.0
SAL41663,Wynn Vale,SA,7865.0,6.57,310.0,310.0,310.0
SAL41664,Wyomi,SA,98.0,0.79,195.0,195.0,195.0
SAL41665,Yacka,SA,147.0,261.11,150.0,150.0,150.0
SAL41666,Yadlamalka,SA,6.0,1699.23,0.0,0.0,0.0
SAL41667,Yahl,SA,817.0,80.71,225.0,225.0,225.0
SAL41668,Yalanda,SA,16.0,323.43,150.0,150.0,150.0
SAL41669,Yalata,SA,313.0,7937.18,90.0,90.0,90.0
SAL41670,Yallunda Flat,SA,120.0,329.88,125.0,125.0,125.0
SAL41671,Yalpara,SA,6.0,342.26,0.0,0.0,0.0
SAL41672,Yamba (Sa),SA,3.0,155.73,0.0,0.0,0.0
SAL41673,Yanerbie,SA,17.0,232.57,0.0,0.0,0.0
SAL41674,Yaninee,SA,66.0,686.44,100.0,100.0,100.0
SAL41675,Yankalilla,SA,963.0,49.16,250.0,250.0,250.0
SAL41676,Yantanabie,SA,11.0,578.74,100.0,100.0,100.0
SAL41677,Yanyarrie,SA,10.0,254.35,0.0,0.0,0.0
SAL41678,Yardea,SA,5.0,3620.68,0.0,0.0,0.0
SAL41679,Yarrah,SA,30.0,3709.37,12.0,12.0,12.0
SAL41680,Yatala Vale,SA,260.0,2.37,370.0,370.0,370.0
SAL41681,Yatina,SA,32.0,176.14,0.0,0.0,0.0
SAL41682,Yattalunga (Sa),SA,319.0,42.22,280.0,280.0,280.0
SAL41683,Yeelanna,SA,85.0,230.6,113.0,113.0,113.0
SAL41684,Yellabinna,SA,0.0,1544.04,0.0,0.0,0.0
SAL41685,Yelta (Sa),SA,21.0,1.75,0.0,0.0,0.0
SAL41686,Yinkanie,SA,24.0,148.32,0.0,0.0,0.0
SAL41687,Yongala,SA,67.0,26.96,200.0,200.0,200.0
SAL41688,Yorke Valley,SA,23.0,109.48,0.0,0.0,0.0
SAL41689,Yorketown,SA,997.0,514.5,200.0,200.0,200.0
SAL41690,Younghusband,SA,229.0,241.65,188.0,188.0,188.0
SAL41691,Younghusband Holdings,SA,0.0,0.22,0.0,0.0,0.0
SAL41692,Yumali,SA,60.0,307.32,45.0,45.0,45.0
SAL41693,Yumbarra,SA,0.0,4661.8,0.0,0.0,0.0
SAL41694,Yundi,SA,168.0,33.23,225.0,225.0,225.0
SAL41695,Yunta,SA,60.0,2258.2,50.0,50.0,50.0
SAL41696,Zadows Landing,SA,25.0,0.58,0.0,0.0,0.0
SAL49494,No Usual Address (Sa),SA,3377.0,,0.0,0.0,0.0
SAL49797,Migratory - Offshore - Shipping (Sa),SA,12.0,,0.0,0.0,0.0
SAL50001,Abba River,WA,83.0,41.29,210.0,210.0,210.0
SAL50002,Abbey,WA,1321.0,3.83,410.0,410.0,410.0
SAL50003,Acton Park (Wa),WA,92.0,36.05,150.0,150.0,150.0
SAL50004,Adamsvale,WA,41.0,345.42,0.0,0.0,0.0
SAL50005,Ajana,WA,51.0,935.01,75.0,75.0,75.0
SAL50006,Albany,WA,1403.0,2.93,325.0,325.0,325.0
SAL50007,Aldersyde,WA,41.0,547.4,0.0,0.0,0.0
SAL50008,Alexander Heights,WA,7772.0,4.42,360.0,360.0,360.0
SAL50009,Alexandra Bridge,WA,3.0,9.67,0.0,0.0,0.0
SAL50010,Alfred Cove,WA,2830.0,1.51,430.0,430.0,430.0
SAL50011,Alkimos,WA,10203.0,23.86,360.0,360.0,360.0
SAL50012,Allanooka,WA,19.0,424.99,250.0,250.0,250.0
SAL50013,Allanson,WA,591.0,35.61,260.0,260.0,260.0
SAL50014,Alma (Wa),WA,116.0,442.41,195.0,195.0,195.0
SAL50015,Ambania,WA,15.0,427.57,0.0,0.0,0.0
SAL50016,Ambergate,WA,564.0,55.63,275.0,275.0,275.0
SAL50017,Amelup,WA,71.0,590.57,234.0,234.0,234.0
SAL50018,Angelo River,WA,3.0,16775.86,0.0,0.0,0.0
SAL50019,Anketell,WA,280.0,9.56,399.0,399.0,399.0
SAL50020,Anniebrook,WA,53.0,19.2,225.0,225.0,225.0
SAL50021,Antonymyre,WA,0.0,29.58,0.0,0.0,0.0
SAL50022,Applecross,WA,7228.0,4.46,475.0,475.0,475.0
SAL50023,Ardath,WA,51.0,500.1,100.0,100.0,100.0
SAL50024,Ardross,WA,4578.0,3.15,470.0,470.0,470.0
SAL50025,Argyle (Wa),WA,575.0,19.91,350.0,350.0,350.0
SAL50026,Armadale (Wa),WA,13415.0,11.59,270.0,270.0,270.0
SAL50027,Arrino,WA,48.0,527.85,150.0,150.0,150.0
SAL50028,Arrowsmith,WA,17.0,1088.39,0.0,0.0,0.0
SAL50029,Arrowsmith East,WA,61.0,1076.32,0.0,0.0,0.0
SAL50030,Arthur River (Wa),WA,66.0,685.82,92.0,92.0,92.0
SAL50031,Ascot (Wa),WA,3095.0,5.24,400.0,400.0,400.0
SAL50032,Ashby (Wa),WA,2850.0,1.95,380.0,380.0,380.0
SAL50033,Ashendon,WA,3.0,294.92,927.0,927.0,927.0
SAL50034,Ashfield (Wa),WA,1395.0,1.03,300.0,300.0,300.0
SAL50035,Attadale,WA,6638.0,4.34,425.0,425.0,425.0
SAL50036,Atwell,WA,9287.0,4.95,400.0,400.0,400.0
SAL50037,Aubin Grove,WA,6786.0,3.46,420.0,420.0,420.0
SAL50038,Augusta,WA,1463.0,43.99,280.0,280.0,280.0
SAL50039,Australind,WA,15988.0,33.09,350.0,350.0,350.0
SAL50040,Aveley,WA,13998.0,8.47,390.0,390.0,390.0
SAL50041,Avon Valley National Park,WA,5.0,103.73,295.0,295.0,295.0
SAL50042,Baandee,WA,12.0,201.66,150.0,150.0,150.0
SAL50043,Babakin,WA,56.0,532.74,0.0,0.0,0.0
SAL50044,Babbage Island,WA,17.0,4.83,327.0,327.0,327.0
SAL50045,Badgebup,WA,37.0,300.06,0.0,0.0,0.0
SAL50046,Badgerin Rock,WA,25.0,330.27,0.0,0.0,0.0
SAL50047,Badgin,WA,11.0,117.83,0.0,0.0,0.0
SAL50048,Badgingarra,WA,173.0,1523.17,210.0,210.0,210.0
SAL50049,Badjaling,WA,26.0,117.39,50.0,50.0,50.0
SAL50050,Bailup,WA,54.0,65.22,400.0,400.0,400.0
SAL50051,Bakers Hill,WA,1276.0,114.78,310.0,310.0,310.0
SAL50052,Balbarrup,WA,144.0,81.53,250.0,250.0,250.0
SAL50053,Balcatta,WA,10813.0,9.81,340.0,340.0,340.0
SAL50054,Baldivis,WA,37697.0,122.64,360.0,360.0,360.0
SAL50055,Balga,WA,13864.0,7.31,310.0,310.0,310.0
SAL50056,Balingup,WA,565.0,128.51,250.0,250.0,250.0
SAL50057,Balkuling,WA,21.0,114.6,0.0,0.0,0.0
SAL50058,Balla Balla,WA,8.0,159.32,0.0,0.0,0.0
SAL50059,Balladong,WA,93.0,70.46,250.0,250.0,250.0
SAL50060,Balladonia,WA,0.0,21414.01,0.0,0.0,0.0
SAL50061,Ballajura,WA,18459.0,12.31,350.0,350.0,350.0
SAL50062,Ballaying,WA,33.0,239.47,0.0,0.0,0.0
SAL50063,Ballidu,WA,58.0,11.52,145.0,145.0,145.0
SAL50064,Bally Bally,WA,54.0,255.56,0.0,0.0,0.0
SAL50065,Bambun,WA,60.0,84.04,0.0,0.0,0.0
SAL50066,Bandy Creek,WA,383.0,50.68,263.0,263.0,263.0
SAL50067,Bandya,WA,275.0,9071.55,65.0,65.0,65.0
SAL50068,Banjup,WA,1377.0,19.91,450.0,450.0,450.0
SAL50069,Banksia Grove,WA,11351.0,6.54,360.0,360.0,360.0
SAL50070,Banksiadale,WA,0.0,333.23,0.0,0.0,0.0
SAL50071,Bannister (Wa),WA,72.0,596.29,346.0,346.0,346.0
SAL50072,Barbalin,WA,17.0,225.28,50.0,50.0,50.0
SAL50073,Barberton,WA,16.0,151.73,169.0,169.0,169.0
SAL50074,Barrabup,WA,47.0,293.46,310.0,310.0,310.0
SAL50075,Barragup,WA,940.0,22.04,323.0,323.0,323.0
SAL50076,Barrow Island,WA,45.0,303.07,0.0,0.0,0.0
SAL50077,Baskerville,WA,302.0,9.24,353.0,353.0,353.0
SAL50078,Bassendean (Wa),WA,10837.0,10.2,330.0,330.0,330.0
SAL50079,Bateman,WA,3832.0,2.73,420.0,420.0,420.0
SAL50080,Baudin,WA,0.0,497.7,0.0,0.0,0.0
SAL50081,Baynton (Wa),WA,4496.0,3.07,315.0,315.0,315.0
SAL50082,Bayonet Head,WA,3272.0,7.82,350.0,350.0,350.0
SAL50083,Bayswater (Wa),WA,15288.0,13.7,350.0,350.0,350.0
SAL50084,Beachlands,WA,1400.0,1.85,200.0,200.0,200.0
SAL50085,Beacon,WA,123.0,947.26,155.0,155.0,155.0
SAL50086,Beaconsfield (Wa),WA,5315.0,3.82,350.0,350.0,350.0
SAL50087,Beadell,WA,0.0,94201.94,40.0,40.0,40.0
SAL50088,Beaufort River,WA,54.0,249.07,200.0,200.0,200.0
SAL50089,Beaumont (Wa),WA,53.0,2521.2,0.0,0.0,0.0
SAL50090,Beckenham,WA,9092.0,8.16,340.0,340.0,340.0
SAL50091,Bedford,WA,5716.0,3.12,360.0,360.0,360.0
SAL50092,Bedfordale,WA,3038.0,75.97,370.0,370.0,370.0
SAL50093,Beechboro,WA,9112.0,6.81,320.0,320.0,320.0
SAL50094,Beechina,WA,128.0,13.32,300.0,300.0,300.0
SAL50095,Beedelup,WA,58.0,238.41,40.0,40.0,40.0
SAL50096,Beela,WA,56.0,32.19,0.0,0.0,0.0
SAL50097,Beelerup,WA,126.0,39.27,138.0,138.0,138.0
SAL50098,Beeliar,WA,8617.0,15.97,385.0,385.0,385.0
SAL50099,Beenong,WA,41.0,379.22,125.0,125.0,125.0
SAL50100,Beermullah,WA,109.0,276.7,300.0,300.0,300.0
SAL50101,Bejoording,WA,157.0,122.16,400.0,400.0,400.0
SAL50102,Beldon,WA,4094.0,3.03,370.0,370.0,370.0
SAL50103,Belhus,WA,264.0,5.6,500.0,500.0,500.0
SAL50104,Bellevue (Wa),WA,1514.0,4.25,300.0,300.0,300.0
SAL50105,Belmont (Wa),WA,6959.0,6.09,350.0,350.0,350.0
SAL50106,Bencubbin,WA,203.0,935.74,110.0,110.0,110.0
SAL50107,Benger,WA,159.0,101.31,300.0,300.0,300.0
SAL50108,Benjaberring,WA,23.0,239.48,175.0,175.0,175.0
SAL50109,Benjinup,WA,143.0,412.97,233.0,233.0,233.0
SAL50110,Bennett Springs,WA,5929.0,5.93,418.0,418.0,418.0
SAL50111,Bentley (Wa),WA,9051.0,7.5,320.0,320.0,320.0
SAL50112,Beresford,WA,1463.0,1.93,250.0,250.0,250.0
SAL50113,Berkshire Valley,WA,38.0,321.74,0.0,0.0,0.0
SAL50114,Bernier Island,WA,0.0,51.13,0.0,0.0,0.0
SAL50115,Bertram,WA,6196.0,4.25,350.0,350.0,350.0
SAL50116,Beverley (Wa),WA,1109.0,537.43,200.0,200.0,200.0
SAL50117,Bibra Lake,WA,5892.0,17.83,400.0,400.0,400.0
SAL50118,Bickley,WA,713.0,13.74,350.0,350.0,350.0
SAL50119,Bicton,WA,6961.0,4.34,360.0,360.0,360.0
SAL50120,Biddelia,WA,20.0,239.84,250.0,250.0,250.0
SAL50121,Big Grove,WA,225.0,10.31,175.0,175.0,175.0
SAL50122,Bilbarin,WA,18.0,255.14,0.0,0.0,0.0
SAL50123,Bilingurr,WA,1540.0,13.09,300.0,300.0,300.0
SAL50124,Bimbijy,WA,0.0,1172.39,0.0,0.0,0.0
SAL50125,Bindi Bindi,WA,59.0,553.73,200.0,200.0,200.0
SAL50126,Bindoon,WA,1215.0,450.24,300.0,300.0,300.0
SAL50127,Bindoon Training Area,WA,0.0,188.66,250.0,250.0,250.0
SAL50128,Binduli,WA,4.0,14.22,0.0,0.0,0.0
SAL50129,Binningup,WA,1296.0,41.67,300.0,300.0,300.0
SAL50130,Binnu,WA,58.0,973.87,160.0,160.0,160.0
SAL50131,Birchmont,WA,86.0,11.03,330.0,330.0,330.0
SAL50132,Bluff Point,WA,1381.0,1.92,260.0,260.0,260.0
SAL50133,Blythewood,WA,85.0,59.85,213.0,213.0,213.0
SAL50134,Boallia,WA,39.0,54.37,200.0,200.0,200.0
SAL50135,Bobalong,WA,45.0,247.07,185.0,185.0,185.0
SAL50136,Bodallin,WA,40.0,1023.79,125.0,125.0,125.0
SAL50137,Boddington,WA,1178.0,162.73,280.0,280.0,280.0
SAL50138,Boilup,WA,32.0,154.58,180.0,180.0,180.0
SAL50139,Bokal,WA,42.0,304.57,150.0,150.0,150.0
SAL50140,Bolgart,WA,128.0,358.22,130.0,130.0,130.0
SAL50141,Bonnie Rock,WA,60.0,1683.49,0.0,0.0,0.0
SAL50142,Bonniefield,WA,217.0,70.75,285.0,285.0,285.0
SAL50143,Boodarie,WA,182.0,952.97,850.0,850.0,850.0
SAL50144,Boodarockin,WA,5.0,439.99,0.0,0.0,0.0
SAL50145,Bookara,WA,149.0,185.5,225.0,225.0,225.0
SAL50146,Boonanarring,WA,32.0,270.81,140.0,140.0,140.0
SAL50147,Boorabbin,WA,48.0,3096.78,250.0,250.0,250.0
SAL50148,Booragoon,WA,5684.0,4.27,410.0,410.0,410.0
SAL50149,Booralaming,WA,22.0,415.38,0.0,0.0,0.0
SAL50150,Boorara,WA,0.0,47.99,0.0,0.0,0.0
SAL50151,Boorara Brook,WA,143.0,415.34,145.0,145.0,145.0
SAL50152,Bootenal,WA,48.0,33.53,250.0,250.0,250.0
SAL50153,Boothendarra,WA,31.0,845.68,0.0,0.0,0.0
SAL50154,Boranup,WA,4.0,154.0,0.0,0.0,0.0
SAL50155,Borden,WA,37.0,1.15,225.0,225.0,225.0
SAL50156,Borderdale,WA,29.0,213.48,50.0,50.0,50.0
SAL50157,Bornholm,WA,110.0,51.11,260.0,260.0,260.0
SAL50158,Boscabel,WA,71.0,291.67,70.0,70.0,70.0
SAL50159,Boulder,WA,4872.0,5.98,300.0,300.0,300.0
SAL50160,Boundain,WA,53.0,306.1,200.0,200.0,200.0
SAL50161,Bouvard,WA,910.0,46.84,280.0,280.0,280.0
SAL50162,Bovell,WA,475.0,19.31,480.0,480.0,480.0
SAL50163,Bow Bridge,WA,75.0,168.3,100.0,100.0,100.0
SAL50164,Bowelling,WA,84.0,1009.11,275.0,275.0,275.0
SAL50165,Bowes,WA,104.0,288.93,150.0,150.0,150.0
SAL50166,Bowgada,WA,33.0,1016.84,100.0,100.0,100.0
SAL50167,Boxwood Hill,WA,91.0,926.74,215.0,215.0,215.0
SAL50168,Boya,WA,669.0,2.58,395.0,395.0,395.0
SAL50169,Boyanup,WA,1304.0,101.75,320.0,320.0,320.0
SAL50170,Boyatup,WA,28.0,1145.54,0.0,0.0,0.0
SAL50171,Boyerine,WA,38.0,275.52,213.0,213.0,213.0
SAL50172,Boyup Brook,WA,938.0,308.07,220.0,220.0,220.0
SAL50173,Brabham,WA,8665.0,8.12,370.0,370.0,370.0
SAL50174,Bramley,WA,113.0,73.84,375.0,375.0,375.0
SAL50175,Brazier,WA,40.0,114.84,0.0,0.0,0.0
SAL50176,Breera,WA,29.0,75.76,510.0,510.0,510.0
SAL50177,Bremer Bay,WA,424.0,903.18,220.0,220.0,220.0
SAL50178,Brentwood (Wa),WA,2153.0,1.24,350.0,350.0,350.0
SAL50179,Breton Bay,WA,0.0,260.63,0.0,0.0,0.0
SAL50180,Bridgetown,WA,3168.0,51.0,300.0,300.0,300.0
SAL50181,Brigadoon,WA,1025.0,27.02,623.0,623.0,623.0
SAL50182,Bringo,WA,25.0,52.64,0.0,0.0,0.0
SAL50183,Broadwater (Wa),WA,4269.0,8.81,370.0,370.0,370.0
SAL50184,Broadwood,WA,759.0,13.71,320.0,320.0,320.0
SAL50185,Brockman,WA,993.0,1.11,208.0,208.0,208.0
SAL50186,Broke (Wa),WA,17.0,742.59,125.0,125.0,125.0
SAL50187,Brookdale (Wa),WA,2968.0,1.68,300.0,300.0,300.0
SAL50188,Brookhampton,WA,249.0,78.53,200.0,200.0,200.0
SAL50189,Brookton,WA,732.0,816.23,200.0,200.0,200.0
SAL50190,Broome,WA,3797.0,6.46,300.0,300.0,300.0
SAL50191,Broomehill East,WA,109.0,781.06,150.0,150.0,150.0
SAL50192,Broomehill Village,WA,211.0,12.11,200.0,200.0,200.0
SAL50193,Broomehill West,WA,173.0,912.91,150.0,150.0,150.0
SAL50194,Brown Hill (Wa),WA,0.0,15.88,0.0,0.0,0.0
SAL50195,Brown Range,WA,125.0,13.97,250.0,250.0,250.0
SAL50196,Bruce Rock,WA,742.0,1539.76,160.0,160.0,160.0
SAL50197,Brunswick (Wa),WA,1195.0,140.53,250.0,250.0,250.0
SAL50198,Buckingham (Wa),WA,27.0,91.65,100.0,100.0,100.0
SAL50199,Buckland (Wa),WA,56.0,78.83,230.0,230.0,230.0
SAL50200,Bulgarra,WA,2990.0,5.33,388.0,388.0,388.0
SAL50201,Bull Creek (Wa),WA,8030.0,5.81,420.0,420.0,420.0
SAL50202,Bullabulling,WA,0.0,1661.37,0.0,0.0,0.0
SAL50203,Bullaring,WA,82.0,788.42,0.0,0.0,0.0
SAL50204,Buller,WA,159.0,9.04,255.0,255.0,255.0
SAL50205,Bullfinch,WA,29.0,1623.11,0.0,0.0,0.0
SAL50206,Bullock Hills,WA,6.0,184.53,0.0,0.0,0.0
SAL50207,Bullsbrook,WA,5605.0,351.48,350.0,350.0,350.0
SAL50208,Bulong,WA,0.0,2699.66,0.0,0.0,0.0
SAL50209,Bulyee,WA,48.0,581.27,50.0,50.0,50.0
SAL50210,Bunbury (Wa),WA,3948.0,6.88,330.0,330.0,330.0
SAL50211,Bundanoon (Wa),WA,19.0,170.36,0.0,0.0,0.0
SAL50212,Buniche,WA,26.0,468.86,0.0,0.0,0.0
SAL50213,Bunjil,WA,61.0,2560.24,0.0,0.0,0.0
SAL50214,Buntine,WA,51.0,764.93,0.0,0.0,0.0
SAL50215,Burakin,WA,30.0,463.45,0.0,0.0,0.0
SAL50216,Buraminya,WA,0.0,19361.17,0.0,0.0,0.0
SAL50217,Burekup,WA,788.0,58.09,298.0,298.0,298.0
SAL50218,Burges,WA,11.0,56.73,288.0,288.0,288.0
SAL50219,Burlong,WA,340.0,58.29,275.0,275.0,275.0
SAL50220,Burma Road,WA,3.0,271.24,0.0,0.0,0.0
SAL50221,Burns Beach,WA,4071.0,4.59,650.0,650.0,650.0
SAL50222,Burnside (Wa),WA,309.0,41.33,360.0,360.0,360.0
SAL50223,Burracoppin,WA,114.0,431.1,120.0,120.0,120.0
SAL50224,Burran Rock,WA,22.0,232.62,50.0,50.0,50.0
SAL50225,Burrup,WA,0.0,169.8,0.0,0.0,0.0
SAL50226,Burswood,WA,2779.0,4.76,430.0,430.0,430.0
SAL50227,Bushmead,WA,677.0,4.48,480.0,480.0,480.0
SAL50228,Busselton,WA,1838.0,6.45,320.0,320.0,320.0
SAL50229,Butler (Wa),WA,13473.0,7.35,340.0,340.0,340.0
SAL50230,Byford,WA,18878.0,27.44,380.0,380.0,380.0
SAL50231,Cable Beach,WA,5730.0,10.38,371.0,371.0,371.0
SAL50232,Cadoux,WA,56.0,609.59,150.0,150.0,150.0
SAL50233,Caiguna,WA,4.0,19144.0,0.0,0.0,0.0
SAL50234,Calingiri,WA,198.0,269.5,185.0,185.0,185.0
SAL50235,Calista,WA,1975.0,3.24,250.0,250.0,250.0
SAL50236,Caljie,WA,38.0,108.1,180.0,180.0,180.0
SAL50237,Callcup,WA,11.0,217.85,0.0,0.0,0.0
SAL50238,Camballin,WA,500.0,4678.23,75.0,75.0,75.0
SAL50239,Cambridge Gulf,WA,26.0,6101.84,0.0,0.0,0.0
SAL50240,Camillo,WA,4442.0,3.61,280.0,280.0,280.0
SAL50241,Cancanning,WA,35.0,359.11,150.0,150.0,150.0
SAL50242,Cane,WA,5.0,4053.03,0.0,0.0,0.0
SAL50243,Canna,WA,57.0,1068.43,88.0,88.0,88.0
SAL50244,Canning Mills,WA,26.0,46.8,200.0,200.0,200.0
SAL50245,Canning Vale,WA,34504.0,35.41,425.0,425.0,425.0
SAL50246,Cannington,WA,6875.0,5.61,350.0,350.0,350.0
SAL50247,Cape Arid,WA,4.0,4054.85,170.0,170.0,170.0
SAL50248,Cape Burney,WA,538.0,24.69,280.0,280.0,280.0
SAL50249,Cape Le Grand,WA,0.0,495.51,122.0,122.0,122.0
SAL50250,Cape Range National Park,WA,18.0,587.71,150.0,150.0,150.0
SAL50251,Capel,WA,2606.0,95.8,320.0,320.0,320.0
SAL50252,Capel River,WA,136.0,137.59,375.0,375.0,375.0
SAL50253,Capricorn,WA,79.0,20127.82,420.0,420.0,420.0
SAL50254,Caraban,WA,25.0,60.68,200.0,200.0,200.0
SAL50255,Carabooda,WA,444.0,26.39,300.0,300.0,300.0
SAL50256,Carani,WA,29.0,260.24,150.0,150.0,150.0
SAL50257,Carbla,WA,0.0,1203.53,0.0,0.0,0.0
SAL50258,Carbunup River,WA,112.0,40.47,373.0,373.0,373.0
SAL50259,Cardiff (Wa),WA,118.0,246.66,233.0,233.0,233.0
SAL50260,Cardup,WA,1163.0,15.53,500.0,500.0,500.0
SAL50261,Carey Park,WA,5155.0,5.85,270.0,270.0,270.0
SAL50262,Carine,WA,7330.0,6.51,450.0,450.0,450.0
SAL50263,Carlisle,WA,6733.0,3.54,340.0,340.0,340.0
SAL50264,Carlotta,WA,103.0,532.84,300.0,300.0,300.0
SAL50265,Carmel,WA,754.0,16.37,345.0,345.0,345.0
SAL50266,Carnamah,WA,407.0,1948.19,150.0,150.0,150.0
SAL50267,Carnarvon,WA,281.0,5.88,210.0,210.0,210.0
SAL50268,Carrabin,WA,0.0,216.42,0.0,0.0,0.0
SAL50269,Carramar (Wa),WA,7178.0,9.78,440.0,440.0,440.0
SAL50270,Carrolup,WA,49.0,242.41,0.0,0.0,0.0
SAL50271,Cartmeticup,WA,57.0,310.21,150.0,150.0,150.0
SAL50272,Cascade (Wa),WA,103.0,1852.65,210.0,210.0,210.0
SAL50273,Castletown,WA,3968.0,5.08,300.0,300.0,300.0
SAL50274,Casuarina (Wa),WA,1987.0,14.04,428.0,428.0,428.0
SAL50275,Cataby,WA,103.0,242.21,208.0,208.0,208.0
SAL50276,Catterick,WA,171.0,181.67,300.0,300.0,300.0
SAL50277,Caversham,WA,7419.0,16.35,390.0,390.0,390.0
SAL50278,Centennial Park (Wa),WA,689.0,2.96,290.0,290.0,290.0
SAL50279,Cervantes,WA,480.0,13.32,300.0,300.0,300.0
SAL50280,Chadwick,WA,164.0,9.79,222.0,222.0,222.0
SAL50281,Champion Lakes,WA,1355.0,7.75,355.0,355.0,355.0
SAL50282,Chandler (Wa),WA,18.0,398.62,0.0,0.0,0.0
SAL50283,Changerup,WA,60.0,294.5,200.0,200.0,200.0
SAL50284,Channybearup,WA,122.0,168.68,310.0,310.0,310.0
SAL50285,Chapman Hill,WA,109.0,78.73,225.0,225.0,225.0
SAL50286,Charley Creek,WA,68.0,31.39,230.0,230.0,230.0
SAL50287,Cherry Tree Pool,WA,72.0,374.06,150.0,150.0,150.0
SAL50288,Cheynes,WA,37.0,218.09,0.0,0.0,0.0
SAL50289,Chichester (Wa),WA,41.0,7563.91,0.0,0.0,0.0
SAL50290,Chidlow,WA,1821.0,59.72,380.0,380.0,380.0
SAL50291,Chittering,WA,1034.0,235.06,335.0,335.0,335.0
SAL50292,Chowerup,WA,32.0,507.33,150.0,150.0,150.0
SAL50293,Churchlands,WA,3638.0,2.33,365.0,365.0,365.0
SAL50294,City Beach,WA,6805.0,13.64,750.0,750.0,750.0
SAL50295,Clackline,WA,330.0,66.97,220.0,220.0,220.0
SAL50296,Claremont (Wa),WA,9248.0,5.4,460.0,460.0,460.0
SAL50297,Clarkson,WA,13904.0,9.0,350.0,350.0,350.0
SAL50298,Cleary,WA,3.0,537.15,0.0,0.0,0.0
SAL50299,Cleaverville,WA,8.0,9.58,0.0,0.0,0.0
SAL50300,Clifton (Wa),WA,0.0,48.12,0.0,0.0,0.0
SAL50301,Cloverdale,WA,8864.0,5.53,340.0,340.0,340.0
SAL50302,Coblinine,WA,49.0,309.98,0.0,0.0,0.0
SAL50303,Coburn,WA,0.0,1265.42,0.0,0.0,0.0
SAL50304,Cockburn Central,WA,1521.0,3.87,355.0,355.0,355.0
SAL50305,Cocklebiddy,WA,15.0,12163.8,100.0,100.0,100.0
SAL50306,Codjatotine,WA,42.0,240.78,200.0,200.0,200.0
SAL50307,Cold Harbour,WA,108.0,56.73,350.0,350.0,350.0
SAL50308,Collanilling,WA,17.0,162.09,250.0,250.0,250.0
SAL50309,College Grove,WA,1821.0,8.11,370.0,370.0,370.0
SAL50310,Collie (Wa),WA,7599.0,75.85,250.0,250.0,250.0
SAL50311,Collie Burn,WA,55.0,20.68,220.0,220.0,220.0
SAL50312,Collingwood Heights,WA,694.0,4.15,323.0,323.0,323.0
SAL50313,Collingwood Park (Wa),WA,205.0,3.03,320.0,320.0,320.0
SAL50314,Collins,WA,49.0,192.45,0.0,0.0,0.0
SAL50315,Commodine,WA,15.0,116.22,0.0,0.0,0.0
SAL50316,Como (Wa),WA,14786.0,8.97,350.0,350.0,350.0
SAL50317,Condingup,WA,280.0,1554.6,150.0,150.0,150.0
SAL50318,Connolly,WA,3675.0,3.92,415.0,415.0,415.0
SAL50319,Contine,WA,16.0,126.41,150.0,150.0,150.0
SAL50320,Coodanup,WA,4366.0,6.66,240.0,240.0,240.0
SAL50321,Coogee (Wa),WA,5345.0,7.44,430.0,430.0,430.0
SAL50322,Cookernup,WA,604.0,118.11,300.0,300.0,300.0
SAL50323,Cooladar Hill,WA,34.0,6481.96,0.0,0.0,0.0
SAL50324,Coolbellup,WA,5698.0,4.34,300.0,300.0,300.0
SAL50325,Coolbinia,WA,1751.0,1.2,350.0,350.0,350.0
SAL50326,Coolcalalaya,WA,11.0,3840.49,0.0,0.0,0.0
SAL50327,Coolgardie (Wa),WA,773.0,170.46,250.0,250.0,250.0
SAL50328,Cooljarloo,WA,13.0,909.73,0.0,0.0,0.0
SAL50329,Cooloongup,WA,6696.0,16.69,300.0,300.0,300.0
SAL50330,Coolup,WA,420.0,84.51,270.0,270.0,270.0
SAL50331,Coomalbidgup,WA,136.0,1650.73,0.0,0.0,0.0
SAL50332,Coomberdale,WA,56.0,371.78,250.0,250.0,250.0
SAL50333,Coonabidgee,WA,126.0,61.74,370.0,370.0,370.0
SAL50334,Coondle,WA,664.0,93.89,330.0,330.0,330.0
SAL50335,Coorow,WA,179.0,345.38,150.0,150.0,150.0
SAL50336,Cooya Pooya,WA,0.0,2016.0,0.0,0.0,0.0
SAL50337,Copley (Wa),WA,70.0,136.8,273.0,273.0,273.0
SAL50338,Coral Bay,WA,245.0,2.3,160.0,160.0,160.0
SAL50339,Corinthia,WA,9.0,568.04,120.0,120.0,120.0
SAL50340,Corrigin,WA,701.0,553.03,185.0,185.0,185.0
SAL50341,Cosmo Newbery,WA,143.0,15797.94,57.0,57.0,57.0
SAL50342,Cossack (Wa),WA,14.0,24.27,0.0,0.0,0.0
SAL50343,Cottesloe,WA,7750.0,5.23,550.0,550.0,550.0
SAL50344,Courtenay,WA,55.0,95.64,270.0,270.0,270.0
SAL50345,Cowalellup,WA,19.0,484.27,0.0,0.0,0.0
SAL50346,Cowalla,WA,54.0,150.52,225.0,225.0,225.0
SAL50347,Cowaramup,WA,2482.0,138.54,390.0,390.0,390.0
SAL50348,Cowcowing,WA,19.0,321.33,0.0,0.0,0.0
SAL50349,Coyrecup,WA,31.0,318.93,145.0,145.0,145.0
SAL50350,Craigie (Wa),WA,6456.0,6.49,375.0,375.0,375.0
SAL50351,Cramphorne,WA,43.0,996.14,0.0,0.0,0.0
SAL50352,Cranbrook (Wa),WA,505.0,1772.12,174.0,174.0,174.0
SAL50353,Crawley,WA,3975.0,1.98,350.0,350.0,350.0
SAL50354,Crooked Brook,WA,272.0,152.32,280.0,280.0,280.0
SAL50355,Crossman,WA,153.0,194.52,302.0,302.0,302.0
SAL50356,Crowea,WA,97.0,397.98,68.0,68.0,68.0
SAL50357,Cuballing,WA,456.0,257.75,280.0,280.0,280.0
SAL50358,Cubbine,WA,27.0,234.56,0.0,0.0,0.0
SAL50359,Cue,WA,140.0,119.94,100.0,100.0,100.0
SAL50360,Culham,WA,26.0,126.07,200.0,200.0,200.0
SAL50361,Cullacabardee,WA,45.0,21.77,150.0,150.0,150.0
SAL50362,Cullalla,WA,12.0,163.34,260.0,260.0,260.0
SAL50363,Cundeelee,WA,139.0,17986.64,0.0,0.0,0.0
SAL50364,Cunderdin,WA,824.0,459.3,200.0,200.0,200.0
SAL50365,Cundinup,WA,62.0,227.82,205.0,205.0,205.0
SAL50366,Cunjardine,WA,20.0,207.64,0.0,0.0,0.0
SAL50367,Currambine,WA,6834.0,4.36,400.0,400.0,400.0
SAL50368,Cuthbert,WA,157.0,9.85,250.0,250.0,250.0
SAL50369,Daadenning Creek,WA,32.0,399.58,300.0,300.0,300.0
SAL50370,Daggar Hills,WA,32.0,6816.85,0.0,0.0,0.0
SAL50371,Daglish,WA,1551.0,0.88,295.0,295.0,295.0
SAL50372,Dale,WA,190.0,536.61,215.0,215.0,215.0
SAL50373,Daliak,WA,58.0,61.13,550.0,550.0,550.0
SAL50374,Dalkeith,WA,4398.0,4.19,802.0,802.0,802.0
SAL50375,Dalwallinu,WA,826.0,939.01,231.0,231.0,231.0
SAL50376,Dalyellup,WA,9770.0,23.5,350.0,350.0,350.0
SAL50377,Dalyup,WA,150.0,1065.64,175.0,175.0,175.0
SAL50378,Dampier,WA,1282.0,11.28,480.0,480.0,480.0
SAL50379,Dampier Archipelago,WA,0.0,143.03,0.0,0.0,0.0
SAL50380,Dampier Peninsula,WA,1051.0,5226.22,120.0,120.0,120.0
SAL50381,Dandanning,WA,26.0,281.38,225.0,225.0,225.0
SAL50382,Dandaragan,WA,292.0,1320.09,205.0,205.0,205.0
SAL50383,Dangin,WA,31.0,105.29,0.0,0.0,0.0
SAL50384,Darch,WA,7347.0,4.64,460.0,460.0,460.0
SAL50385,Dardadine,WA,15.0,100.4,0.0,0.0,0.0
SAL50386,Dardanup,WA,588.0,10.03,285.0,285.0,285.0
SAL50387,Dardanup West,WA,669.0,26.24,300.0,300.0,300.0
SAL50388,Darkan,WA,371.0,960.82,151.0,151.0,151.0
SAL50389,Darling Downs,WA,1591.0,13.75,400.0,400.0,400.0
SAL50390,Darlington (Wa),WA,3725.0,16.79,420.0,420.0,420.0
SAL50391,Darradup,WA,41.0,470.42,200.0,200.0,200.0
SAL50392,Dartmoor (Wa),WA,9.0,718.39,0.0,0.0,0.0
SAL50393,Dartnall,WA,33.0,228.0,0.0,0.0,0.0
SAL50394,Datatine,WA,18.0,254.08,0.0,0.0,0.0
SAL50395,Davenport (Wa),WA,8.0,16.83,669.0,669.0,669.0
SAL50396,Dawesville,WA,7143.0,18.06,350.0,350.0,350.0
SAL50397,Dayton,WA,5507.0,3.35,360.0,360.0,360.0
SAL50398,De Grey,WA,24.0,3578.63,88.0,88.0,88.0
SAL50399,Deanmill,WA,327.0,45.26,195.0,195.0,195.0
SAL50400,Deepdale,WA,973.0,9.01,390.0,390.0,390.0
SAL50401,Deepdene (Wa),WA,56.0,57.11,250.0,250.0,250.0
SAL50402,Denbarker,WA,93.0,298.28,125.0,125.0,125.0
SAL50403,Denham,WA,849.0,1401.25,220.0,220.0,220.0
SAL50404,Denmark,WA,2691.0,17.46,300.0,300.0,300.0
SAL50405,Derby (Wa),WA,3222.0,515.89,180.0,180.0,180.0
SAL50406,Devils Creek,WA,16.0,340.89,0.0,0.0,0.0
SAL50407,Dewars Pool,WA,82.0,117.9,350.0,350.0,350.0
SAL50408,Diamond Tree,WA,28.0,59.29,0.0,0.0,0.0
SAL50409,Dianella,WA,24169.0,14.94,340.0,340.0,340.0
SAL50410,Dindiloa,WA,13.0,109.69,0.0,0.0,0.0
SAL50411,Dingup,WA,195.0,139.08,168.0,168.0,168.0
SAL50412,Dinninup,WA,161.0,504.09,210.0,210.0,210.0
SAL50413,Dirk Hartog Island,WA,9.0,779.66,0.0,0.0,0.0
SAL50414,Dixvale,WA,68.0,31.22,300.0,300.0,300.0
SAL50415,Djugun,WA,3291.0,10.42,350.0,350.0,350.0
SAL50416,Dongara,WA,1393.0,11.14,268.0,268.0,268.0
SAL50417,Dongolocking,WA,53.0,395.28,0.0,0.0,0.0
SAL50418,Donnelly River,WA,5.0,124.39,0.0,0.0,0.0
SAL50419,Donnybrook (Wa),WA,3035.0,35.49,300.0,300.0,300.0
SAL50420,Doodenanning,WA,51.0,174.88,0.0,0.0,0.0
SAL50421,Doodlakine,WA,81.0,341.13,190.0,190.0,190.0
SAL50422,Dorre Island,WA,0.0,61.22,0.0,0.0,0.0
SAL50423,Doubleview,WA,9205.0,3.62,400.0,400.0,400.0
SAL50424,Dowerin,WA,436.0,400.37,170.0,170.0,170.0
SAL50425,Drome,WA,52.0,74.17,300.0,300.0,300.0
SAL50426,Drummond Cove,WA,1605.0,1.99,330.0,330.0,330.0
SAL50427,Dryandra,WA,7.0,82.15,0.0,0.0,0.0
SAL50428,Drysdale River,WA,38.0,20936.4,600.0,600.0,600.0
SAL50429,Dudawa,WA,34.0,472.6,200.0,200.0,200.0
SAL50430,Dudinin,WA,59.0,564.22,0.0,0.0,0.0
SAL50431,Dudley Park (Wa),WA,6957.0,10.04,310.0,310.0,310.0
SAL50432,Dukin,WA,33.0,279.88,0.0,0.0,0.0
SAL50433,Dulbelling,WA,52.0,233.34,1500.0,1500.0,1500.0
SAL50434,Dulyalbin,WA,27.0,460.16,0.0,0.0,0.0
SAL50435,Dumbarton,WA,266.0,99.02,312.0,312.0,312.0
SAL50436,Dumberning,WA,193.0,188.12,400.0,400.0,400.0
SAL50437,Dumbleyung,WA,299.0,366.36,150.0,150.0,150.0
SAL50438,Duncraig,WA,15982.0,10.67,460.0,460.0,460.0
SAL50439,Dundas (Wa),WA,0.0,1386.15,0.0,0.0,0.0
SAL50440,Dunn Rock,WA,11.0,813.1,0.0,0.0,0.0
SAL50441,Dunsborough,WA,6413.0,23.25,450.0,450.0,450.0
SAL50442,Durack (Wa),WA,169.0,31918.88,136.0,136.0,136.0
SAL50443,Duranillin,WA,53.0,249.26,0.0,0.0,0.0
SAL50444,Durawah,WA,6.0,183.42,185.0,185.0,185.0
SAL50445,Dwarda,WA,30.0,166.69,180.0,180.0,180.0
SAL50446,Dwellingup,WA,524.0,38.28,274.0,274.0,274.0
SAL50447,Eagle Bay,WA,120.0,2.39,650.0,650.0,650.0
SAL50448,East Augusta,WA,41.0,5.65,150.0,150.0,150.0
SAL50449,East Ballidu,WA,35.0,581.11,0.0,0.0,0.0
SAL50450,East Beverley,WA,96.0,355.41,46.0,46.0,46.0
SAL50451,East Bowes,WA,46.0,213.98,300.0,300.0,300.0
SAL50452,East Bunbury,WA,4019.0,5.07,300.0,300.0,300.0
SAL50453,East Cannington,WA,6512.0,3.83,350.0,350.0,350.0
SAL50454,East Carnarvon,WA,798.0,5.04,262.0,262.0,262.0
SAL50455,East Chapman,WA,43.0,101.99,138.0,138.0,138.0
SAL50456,East Damboring,WA,9.0,139.8,0.0,0.0,0.0
SAL50457,East Fremantle,WA,7819.0,4.38,420.0,420.0,420.0
SAL50458,East Lyons River,WA,13.0,13337.44,0.0,0.0,0.0
SAL50459,East Munglinup,WA,39.0,1138.16,350.0,350.0,350.0
SAL50460,East Murchison,WA,0.0,9134.52,0.0,0.0,0.0
SAL50461,East Nabawa,WA,7.0,138.45,0.0,0.0,0.0
SAL50462,East Nannup,WA,43.0,153.24,238.0,238.0,238.0
SAL50463,East Newdegate,WA,17.0,722.66,0.0,0.0,0.0
SAL50464,East Perth,WA,11681.0,4.47,410.0,410.0,410.0
SAL50465,East Pingelly,WA,211.0,1303.38,175.0,175.0,175.0
SAL50466,East Popanyinning,WA,18.0,148.39,130.0,130.0,130.0
SAL50467,East Rockingham,WA,311.0,12.3,250.0,250.0,250.0
SAL50468,East Victoria Park,WA,10569.0,5.38,350.0,350.0,350.0
SAL50469,East Wickepin,WA,19.0,193.14,0.0,0.0,0.0
SAL50470,East Yuna,WA,38.0,646.66,0.0,0.0,0.0
SAL50471,Eastbrook,WA,140.0,87.25,320.0,320.0,320.0
SAL50472,Eaton (Wa),WA,8669.0,9.26,340.0,340.0,340.0
SAL50473,Eden Hill,WA,3703.0,3.16,340.0,340.0,340.0
SAL50474,Edgewater,WA,4657.0,6.75,390.0,390.0,390.0
SAL50475,Eganu,WA,70.0,1860.1,0.0,0.0,0.0
SAL50476,Eglinton (Wa),WA,3705.0,21.3,350.0,350.0,350.0
SAL50477,Eighty Mile Beach,WA,120.0,10108.86,0.0,0.0,0.0
SAL50478,Elabbin,WA,22.0,177.47,150.0,150.0,150.0
SAL50479,Elachbutting,WA,9.0,1341.19,0.0,0.0,0.0
SAL50480,Elgin (Wa),WA,133.0,86.92,300.0,300.0,300.0
SAL50481,Elleker,WA,356.0,47.67,250.0,250.0,250.0
SAL50482,Ellenbrook,WA,24668.0,17.93,350.0,350.0,350.0
SAL50483,Ellendale (Wa),WA,25.0,229.91,0.0,0.0,0.0
SAL50484,Embleton,WA,3600.0,2.43,340.0,340.0,340.0
SAL50485,Emu Flat (Wa),WA,8.0,6117.25,0.0,0.0,0.0
SAL50486,Emu Point,WA,285.0,2.83,300.0,300.0,300.0
SAL50487,Eneabba,WA,142.0,1875.39,150.0,150.0,150.0
SAL50488,Ennuin,WA,0.0,1602.34,0.0,0.0,0.0
SAL50489,Eradu,WA,3.0,54.07,0.0,0.0,0.0
SAL50490,Eradu South,WA,5.0,95.12,0.0,0.0,0.0
SAL50491,Erskine (Wa),WA,5429.0,5.46,320.0,320.0,320.0
SAL50492,Esperance,WA,2080.0,3.65,235.0,235.0,235.0
SAL50493,Etmilyn,WA,0.0,50.85,0.0,0.0,0.0
SAL50494,Eucla,WA,37.0,6901.47,160.0,160.0,160.0
SAL50495,Eurardy,WA,0.0,1906.49,0.0,0.0,0.0
SAL50496,Ewlyamartup,WA,21.0,212.48,0.0,0.0,0.0
SAL50497,Exmouth,WA,2806.0,79.35,340.0,340.0,340.0
SAL50498,Exmouth Gulf,WA,49.0,5658.33,210.0,210.0,210.0
SAL50499,Fairbridge,WA,55.0,159.63,250.0,250.0,250.0
SAL50500,Falcon,WA,5531.0,8.95,300.0,300.0,300.0
SAL50501,Ferguson (Wa),WA,233.0,59.64,300.0,300.0,300.0
SAL50502,Ferndale (Wa),WA,4457.0,4.45,314.0,314.0,314.0
SAL50503,Feysville,WA,8.0,1464.25,90.0,90.0,90.0
SAL50504,Fimiston,WA,0.0,5.45,0.0,0.0,0.0
SAL50505,Finucane,WA,0.0,2.38,0.0,0.0,0.0
SAL50506,Fitzgerald (Wa),WA,0.0,4.17,0.0,0.0,0.0
SAL50507,Fitzgerald River National Park,WA,4.0,3519.12,0.0,0.0,0.0
SAL50508,Fitzroy Crossing,WA,1181.0,31.32,100.0,100.0,100.0
SAL50509,Flint,WA,0.0,798.1,0.0,0.0,0.0
SAL50510,Floreat,WA,8621.0,6.38,600.0,600.0,600.0
SAL50511,Flynn (Wa),WA,0.0,595.41,0.0,0.0,0.0
SAL50512,Forest Grove (Wa),WA,253.0,187.38,250.0,250.0,250.0
SAL50513,Forest Hill (Wa),WA,143.0,307.37,190.0,190.0,190.0
SAL50514,Forrest (Wa),WA,3.0,43038.82,0.0,0.0,0.0
SAL50515,Forrest Beach (Wa),WA,34.0,25.29,883.0,883.0,883.0
SAL50516,Forrestania,WA,28.0,4484.79,0.0,0.0,0.0
SAL50517,Forrestdale,WA,1027.0,44.35,350.0,350.0,350.0
SAL50518,Forrestfield,WA,13181.0,23.81,350.0,350.0,350.0
SAL50519,Fortescue (Wa),WA,190.0,10868.57,50.0,50.0,50.0
SAL50520,Frankland River,WA,353.0,2045.69,155.0,155.0,155.0
SAL50521,Fraser Range,WA,50.0,28404.56,0.0,0.0,0.0
SAL50522,Fremantle,WA,9251.0,7.73,380.0,380.0,380.0
SAL50523,Furnissdale,WA,1061.0,9.79,231.0,231.0,231.0
SAL50524,Gabalong,WA,8.0,103.29,0.0,0.0,0.0
SAL50525,Gabbadah,WA,764.0,89.77,250.0,250.0,250.0
SAL50526,Gabbin,WA,44.0,1095.08,400.0,400.0,400.0
SAL50527,Gairdner,WA,105.0,1428.5,109.0,109.0,109.0
SAL50528,Gap Ridge,WA,175.0,64.09,0.0,0.0,0.0
SAL50529,Garden Island (Wa),WA,772.0,17.39,0.0,0.0,0.0
SAL50530,Gascoyne Junction,WA,65.0,25.76,75.0,75.0,75.0
SAL50531,Gascoyne River,WA,87.0,32825.42,69.0,69.0,69.0
SAL50532,Geegully Creek,WA,9.0,9988.04,0.0,0.0,0.0
SAL50533,Gelorup,WA,2255.0,35.59,380.0,380.0,380.0
SAL50534,Geographe,WA,3622.0,8.26,360.0,360.0,360.0
SAL50535,Georgina (Wa),WA,80.0,92.92,264.0,264.0,264.0
SAL50536,Geraldton,WA,3246.0,5.85,220.0,220.0,220.0
SAL50537,Ghooli,WA,17.0,1333.47,0.0,0.0,0.0
SAL50538,Gibb,WA,80.0,14157.33,41.0,41.0,41.0
SAL50539,Gibson,WA,406.0,1061.66,290.0,290.0,290.0
SAL50540,Gibson Desert North,WA,262.0,134917.53,50.0,50.0,50.0
SAL50541,Gibson Desert South,WA,4.0,22760.58,0.0,0.0,0.0
SAL50542,Gidgegannup,WA,2818.0,422.95,350.0,350.0,350.0
SAL50543,Gilgering,WA,85.0,220.13,250.0,250.0,250.0
SAL50544,Gillimanning,WA,21.0,229.03,0.0,0.0,0.0
SAL50545,Gillingarra,WA,49.0,301.05,192.0,192.0,192.0
SAL50546,Gilroyd,WA,0.0,1004.97,0.0,0.0,0.0
SAL50547,Gingerah,WA,0.0,29640.39,0.0,0.0,0.0
SAL50548,Gingin,WA,902.0,13.04,305.0,305.0,305.0
SAL50549,Ginginup,WA,33.0,100.09,75.0,75.0,75.0
SAL50550,Girrawheen,WA,8897.0,5.67,293.0,293.0,293.0
SAL50551,Gledhow,WA,1079.0,9.85,310.0,310.0,310.0
SAL50552,Glen Forrest,WA,2789.0,18.14,380.0,380.0,380.0
SAL50553,Glen Iris (Wa),WA,3143.0,6.77,330.0,330.0,330.0
SAL50554,Glen Mervyn,WA,47.0,54.5,0.0,0.0,0.0
SAL50555,Glencoe (Wa),WA,25.0,139.27,0.0,0.0,0.0
SAL50556,Glendalough,WA,2628.0,1.01,280.0,280.0,280.0
SAL50557,Glenfield (Wa),WA,1009.0,10.65,320.0,320.0,320.0
SAL50558,Glenlynn,WA,112.0,63.11,225.0,225.0,225.0
SAL50559,Glenoran,WA,97.0,363.9,209.0,209.0,209.0
SAL50560,Glentromie,WA,44.0,246.82,100.0,100.0,100.0
SAL50561,Gnangara,WA,1347.0,20.54,300.0,300.0,300.0
SAL50562,Gnarabup,WA,525.0,3.5,420.0,420.0,420.0
SAL50563,Gnoorea,WA,5.0,15.63,0.0,0.0,0.0
SAL50564,Gnowangerup,WA,568.0,5.52,200.0,200.0,200.0
SAL50565,Gnowellen,WA,30.0,530.26,0.0,0.0,0.0
SAL50566,Golden Bay,WA,5681.0,6.21,350.0,350.0,350.0
SAL50567,Goode Beach,WA,258.0,1.74,368.0,368.0,368.0
SAL50568,Goodlands,WA,29.0,2830.92,700.0,700.0,700.0
SAL50569,Goomalling,WA,508.0,62.08,180.0,180.0,180.0
SAL50570,Goomarin,WA,15.0,381.06,100.0,100.0,100.0
SAL50571,Gooseberry Hill,WA,3323.0,11.57,400.0,400.0,400.0
SAL50572,Gorge Rock,WA,33.0,349.57,100.0,100.0,100.0
SAL50573,Gorrie,WA,0.0,36.65,0.0,0.0,0.0
SAL50574,Gosnells,WA,21149.0,21.83,290.0,290.0,290.0
SAL50575,Gracetown,WA,238.0,58.35,295.0,295.0,295.0
SAL50576,Granville (Wa),WA,38.0,60.15,0.0,0.0,0.0
SAL50577,Grass Patch,WA,113.0,2123.19,140.0,140.0,140.0
SAL50578,Grass Valley,WA,158.0,83.15,225.0,225.0,225.0
SAL50579,Green Head,WA,293.0,149.91,245.0,245.0,245.0
SAL50580,Green Range,WA,62.0,696.19,125.0,125.0,125.0
SAL50581,Green Valley (Wa),WA,57.0,94.67,280.0,280.0,280.0
SAL50582,Greenbushes,WA,365.0,76.12,200.0,200.0,200.0
SAL50583,Greenfields,WA,9869.0,14.1,295.0,295.0,295.0
SAL50584,Greenhills,WA,46.0,92.38,280.0,280.0,280.0
SAL50585,Greenmount (Wa),WA,2666.0,6.7,345.0,345.0,345.0
SAL50586,Greenough,WA,344.0,88.45,350.0,350.0,350.0
SAL50587,Greenwood (Wa),WA,9861.0,7.47,390.0,390.0,390.0
SAL50588,Greenwoods Valley,WA,23.0,170.18,0.0,0.0,0.0
SAL50589,Gregory (Wa),WA,53.0,0.15,275.0,275.0,275.0
SAL50590,Grey,WA,5.0,2.45,240.0,240.0,240.0
SAL50591,Greys Plain,WA,156.0,8.32,65.0,65.0,65.0
SAL50592,Grimwade,WA,0.0,72.36,0.0,0.0,0.0
SAL50593,Guilderton,WA,158.0,11.9,255.0,255.0,255.0
SAL50594,Guildford (Wa),WA,2040.0,4.43,350.0,350.0,350.0
SAL50595,Gundaring,WA,5.0,137.27,250.0,250.0,250.0
SAL50596,Gunyidi,WA,30.0,539.11,200.0,200.0,200.0
SAL50597,Gutha,WA,41.0,875.94,0.0,0.0,0.0
SAL50598,Gwambygine,WA,83.0,60.36,0.0,0.0,0.0
SAL50599,Gwelup,WA,5391.0,4.08,600.0,600.0,600.0
SAL50600,Gwindinup,WA,52.0,22.1,180.0,180.0,180.0
SAL50601,Hacketts Gully,WA,55.0,17.12,270.0,270.0,270.0
SAL50602,Halls Creek (Wa),WA,1572.0,48.98,125.0,125.0,125.0
SAL50603,Halls Head,WA,14474.0,14.8,350.0,350.0,350.0
SAL50604,Hamel,WA,286.0,31.65,250.0,250.0,250.0
SAL50605,Hamelin Bay,WA,58.0,24.16,300.0,300.0,300.0
SAL50606,Hamelin Pool,WA,23.0,2548.83,269.0,269.0,269.0
SAL50607,Hamersley,WA,5209.0,4.6,380.0,380.0,380.0
SAL50608,Hamersley Range,WA,197.0,8558.96,0.0,0.0,0.0
SAL50609,Hamilton Hill,WA,11327.0,9.24,320.0,320.0,320.0
SAL50610,Hammond Park,WA,6985.0,6.07,410.0,410.0,410.0
SAL50611,Hannans,WA,2410.0,5.37,300.0,300.0,300.0
SAL50612,Harris River,WA,98.0,223.83,350.0,350.0,350.0
SAL50613,Harrisdale,WA,11667.0,8.07,420.0,420.0,420.0
SAL50614,Harrismith,WA,52.0,286.17,0.0,0.0,0.0
SAL50615,Harvey,WA,3462.0,94.19,280.0,280.0,280.0
SAL50616,Hastings (Wa),WA,41.0,291.4,100.0,100.0,100.0
SAL50617,Hatter Hill,WA,0.0,2267.66,0.0,0.0,0.0
SAL50618,Hay (Wa),WA,493.0,140.54,300.0,300.0,300.0
SAL50619,Haynes,WA,2417.0,6.65,385.0,385.0,385.0
SAL50620,Hazelmere,WA,935.0,10.33,300.0,300.0,300.0
SAL50621,Hazelvale,WA,83.0,78.89,250.0,250.0,250.0
SAL50622,Heathridge,WA,6898.0,5.27,370.0,370.0,370.0
SAL50623,Helena Valley,WA,4130.0,9.87,400.0,400.0,400.0
SAL50624,Henderson,WA,36.0,15.15,270.0,270.0,270.0
SAL50625,Henley Brook,WA,2500.0,17.81,370.0,370.0,370.0
SAL50626,Henty (Wa),WA,142.0,56.73,320.0,320.0,320.0
SAL50627,Herdsman,WA,0.0,4.33,0.0,0.0,0.0
SAL50628,Herne Hill (Wa),WA,1542.0,23.98,335.0,335.0,335.0
SAL50629,Herron,WA,438.0,25.89,360.0,360.0,360.0
SAL50630,Hester,WA,101.0,34.34,120.0,120.0,120.0
SAL50631,Hester Brook,WA,127.0,75.2,300.0,300.0,300.0
SAL50632,Higginsville,WA,19.0,1421.86,380.0,380.0,380.0
SAL50633,High Wycombe,WA,12198.0,14.58,380.0,380.0,380.0
SAL50634,Highbury (Wa),WA,247.0,774.75,150.0,150.0,150.0
SAL50635,Highgate (Wa),WA,2326.0,0.58,365.0,365.0,365.0
SAL50636,Hilbert,WA,4165.0,12.86,370.0,370.0,370.0
SAL50637,Hill River (Wa),WA,107.0,838.15,110.0,110.0,110.0
SAL50638,Hillarys,WA,11200.0,8.76,490.0,490.0,490.0
SAL50639,Hillman,WA,1807.0,1.7,300.0,300.0,300.0
SAL50640,Hillside (Wa),WA,72.0,59.28,0.0,0.0,0.0
SAL50641,Hilton (Wa),WA,4323.0,2.4,300.0,300.0,300.0
SAL50642,Hindmarsh (Wa),WA,54.0,390.79,150.0,150.0,150.0
SAL50643,Hines Hill,WA,59.0,328.52,100.0,100.0,100.0
SAL50644,Hithergreen,WA,61.0,34.89,325.0,325.0,325.0
SAL50645,Hocking,WA,6987.0,3.37,400.0,400.0,400.0
SAL50646,Hoddys Well,WA,140.0,106.45,300.0,300.0,300.0
SAL50647,Hoffman,WA,31.0,631.7,600.0,600.0,600.0
SAL50648,Holleton,WA,4.0,546.97,0.0,0.0,0.0
SAL50649,Holmwood,WA,9.0,311.43,0.0,0.0,0.0
SAL50650,Holt Rock,WA,46.0,1102.36,0.0,0.0,0.0
SAL50651,Holyoake,WA,22.0,75.69,0.0,0.0,0.0
SAL50652,Hope Valley (Wa),WA,39.0,18.52,350.0,350.0,350.0
SAL50653,Hopeland (Wa),WA,313.0,72.27,373.0,373.0,373.0
SAL50654,Hopetoun (Wa),WA,1115.0,782.7,250.0,250.0,250.0
SAL50655,Horrocks,WA,161.0,1.75,200.0,200.0,200.0
SAL50656,Houtman Abrolhos,WA,0.0,22.66,0.0,0.0,0.0
SAL50657,Hovea,WA,713.0,43.9,575.0,575.0,575.0
SAL50658,Howatharra,WA,112.0,117.03,200.0,200.0,200.0
SAL50659,Howick (Wa),WA,45.0,1652.08,0.0,0.0,0.0
SAL50660,Hulongine,WA,26.0,176.33,150.0,150.0,150.0
SAL50661,Huntingdale (Wa),WA,9021.0,6.7,350.0,350.0,350.0
SAL50662,Hyden,WA,384.0,2840.1,175.0,175.0,175.0
SAL50663,Ikewa,WA,12.0,194.77,0.0,0.0,0.0
SAL50664,Iluka (Wa),WA,5669.0,3.5,635.0,635.0,635.0
SAL50665,Indee,WA,16.0,1869.92,0.0,0.0,0.0
SAL50666,Inggarda,WA,21.0,8990.15,26.0,26.0,26.0
SAL50667,Inglehope,WA,18.0,78.04,0.0,0.0,0.0
SAL50668,Inglewood (Wa),WA,5837.0,4.01,310.0,310.0,310.0
SAL50669,Inkpen,WA,13.0,110.19,0.0,0.0,0.0
SAL50670,Innaloo,WA,9592.0,4.43,400.0,400.0,400.0
SAL50671,Innawanga,WA,4.0,18173.37,0.0,0.0,0.0
SAL50672,Irishtown (Wa),WA,98.0,75.21,235.0,235.0,235.0
SAL50673,Irrunytju,WA,133.0,8.4,85.0,85.0,85.0
SAL50674,Irwin,WA,72.0,7.31,230.0,230.0,230.0
SAL50675,Israelite Bay,WA,0.0,3027.86,0.0,0.0,0.0
SAL50676,Isseka,WA,57.0,4.11,250.0,250.0,250.0
SAL50677,Jackitup,WA,53.0,630.85,135.0,135.0,135.0
SAL50678,Jacup,WA,71.0,1012.11,0.0,0.0,0.0
SAL50679,Jalbarragup,WA,163.0,385.84,270.0,270.0,270.0
SAL50680,Jaloran,WA,41.0,285.56,0.0,0.0,0.0
SAL50681,Jandabup,WA,291.0,25.86,281.0,281.0,281.0
SAL50682,Jandakot,WA,2533.0,22.6,445.0,445.0,445.0
SAL50683,Jane Brook,WA,3670.0,7.27,440.0,440.0,440.0
SAL50684,Jardee,WA,157.0,60.0,175.0,175.0,175.0
SAL50685,Jarlmadangah Burru,WA,35.0,1.4,35.0,35.0,35.0
SAL50686,Jarrahdale,WA,1205.0,360.33,325.0,325.0,325.0
SAL50687,Jarrahwood,WA,9.0,1.44,0.0,0.0,0.0
SAL50688,Jelcobine,WA,154.0,732.82,200.0,200.0,200.0
SAL50689,Jennacubbine,WA,56.0,98.42,350.0,350.0,350.0
SAL50690,Jennapullin,WA,75.0,145.52,250.0,250.0,250.0
SAL50691,Jerdacuttup,WA,183.0,1724.44,265.0,265.0,265.0
SAL50692,Jerramungup,WA,353.0,1562.9,170.0,170.0,170.0
SAL50693,Jibberding,WA,24.0,1408.94,175.0,175.0,175.0
SAL50694,Jigalong,WA,306.0,1195.13,80.0,80.0,80.0
SAL50695,Jilakin,WA,49.0,835.32,0.0,0.0,0.0
SAL50696,Jindalee (Wa),WA,4044.0,5.09,425.0,425.0,425.0
SAL50697,Jindong,WA,68.0,32.46,200.0,200.0,200.0
SAL50698,Jingalup,WA,139.0,575.88,200.0,200.0,200.0
SAL50699,Jitarning,WA,63.0,624.64,0.0,0.0,0.0
SAL50700,Jolimont,WA,1479.0,1.04,300.0,300.0,300.0
SAL50701,Joondalup,WA,9193.0,14.81,360.0,360.0,360.0
SAL50702,Joondanna,WA,5283.0,2.02,330.0,330.0,330.0
SAL50703,Julimar,WA,406.0,533.79,250.0,250.0,250.0
SAL50704,Juna Downs,WA,4.0,2527.54,0.0,0.0,0.0
SAL50705,Jurien Bay,WA,1985.0,707.54,320.0,320.0,320.0
SAL50706,Kadathinni,WA,36.0,938.92,0.0,0.0,0.0
SAL50707,Kalamunda,WA,7163.0,14.76,360.0,360.0,360.0
SAL50708,Kalannie,WA,147.0,956.47,100.0,100.0,100.0
SAL50709,Kalbarri,WA,1478.0,178.35,258.0,258.0,258.0
SAL50710,Kalbarri National Park,WA,0.0,2313.27,0.0,0.0,0.0
SAL50711,Kalgan,WA,840.0,365.22,300.0,300.0,300.0
SAL50712,Kalgoorlie,WA,3711.0,5.49,300.0,300.0,300.0
SAL50713,Kalgup,WA,91.0,23.96,175.0,175.0,175.0
SAL50714,Kallaroo,WA,5305.0,4.06,433.0,433.0,433.0
SAL50715,Kaloorup,WA,90.0,65.36,240.0,240.0,240.0
SAL50716,Kalumburu,WA,388.0,4.34,75.0,75.0,75.0
SAL50717,Kambalda East,WA,802.0,139.53,170.0,170.0,170.0
SAL50718,Kambalda West,WA,1666.0,170.08,200.0,200.0,200.0
SAL50719,Kangaroo Gully,WA,512.0,74.76,340.0,340.0,340.0
SAL50720,Kanowna,WA,12.0,3673.75,0.0,0.0,0.0
SAL50721,Kanpa,WA,0.0,92396.98,100.0,100.0,100.0
SAL50722,Karakin,WA,239.0,193.17,220.0,220.0,220.0
SAL50723,Karalundi,WA,65.0,2.64,120.0,120.0,120.0
SAL50724,Karawara,WA,1842.0,1.38,300.0,300.0,300.0
SAL50725,Kardinya,WA,9137.0,6.12,390.0,390.0,390.0
SAL50726,Karijini,WA,39.0,7493.56,100.0,100.0,100.0
SAL50727,Karlgarin,WA,105.0,1479.33,80.0,80.0,80.0
SAL50728,Karlkurla,WA,270.0,55.5,301.0,301.0,301.0
SAL50729,Karloning,WA,34.0,289.71,192.0,192.0,192.0
SAL50730,Karloo,WA,495.0,5.26,220.0,220.0,220.0
SAL50731,Karnup,WA,2096.0,45.33,370.0,370.0,370.0
SAL50732,Karragullen,WA,395.0,50.73,345.0,345.0,345.0
SAL50733,Karrakatta,WA,22.0,2.62,50.0,50.0,50.0
SAL50734,Karrakup,WA,172.0,116.19,197.0,197.0,197.0
SAL50735,Karramindie,WA,33.0,1007.19,0.0,0.0,0.0
SAL50736,Karranadgin,WA,86.0,558.25,251.0,251.0,251.0
SAL50737,Karratha,WA,98.0,0.56,280.0,280.0,280.0
SAL50738,Karratha Industrial Estate,WA,163.0,13.55,450.0,450.0,450.0
SAL50739,Karridale,WA,317.0,144.53,300.0,300.0,300.0
SAL50740,Karrinyup,WA,9886.0,9.0,450.0,450.0,450.0
SAL50741,Karroun Hill,WA,0.0,3763.01,0.0,0.0,0.0
SAL50742,Katanning,WA,3637.0,197.96,200.0,200.0,200.0
SAL50743,Katrine,WA,66.0,115.29,0.0,0.0,0.0
SAL50744,Kauring,WA,72.0,110.8,250.0,250.0,250.0
SAL50745,Kealy,WA,1119.0,9.34,420.0,420.0,420.0
SAL50746,Kebaringup,WA,49.0,285.19,62.0,62.0,62.0
SAL50747,Kellerberrin,WA,877.0,421.98,160.0,160.0,160.0
SAL50748,Kelmscott,WA,10575.0,21.03,290.0,290.0,290.0
SAL50749,Kendenup,WA,1062.0,570.31,230.0,230.0,230.0
SAL50750,Kenmare (Wa),WA,36.0,305.55,0.0,0.0,0.0
SAL50751,Kennedy Range,WA,4.0,4981.69,0.0,0.0,0.0
SAL50752,Kensington (Wa),WA,4627.0,3.63,375.0,375.0,375.0
SAL50753,Kentdale,WA,118.0,97.45,200.0,200.0,200.0
SAL50754,Kenwick,WA,5684.0,13.78,300.0,300.0,300.0
SAL50755,Keralup,WA,0.0,31.0,0.0,0.0,0.0
SAL50756,Kewdale,WA,7397.0,11.72,350.0,350.0,350.0
SAL50757,Keysbrook,WA,265.0,254.27,250.0,250.0,250.0
SAL50758,Kiara,WA,1776.0,1.93,333.0,333.0,333.0
SAL50759,Kimbolton (Wa),WA,52.0,8514.85,0.0,0.0,0.0
SAL50760,King Leopold Ranges,WA,265.0,43594.3,75.0,75.0,75.0
SAL50761,King River,WA,278.0,23.6,273.0,273.0,273.0
SAL50762,Kings Park (Wa),WA,48.0,5.83,1000.0,1000.0,1000.0
SAL50763,Kingsford (Wa),WA,261.0,3.77,195.0,195.0,195.0
SAL50764,Kingsley,WA,13204.0,10.91,418.0,418.0,418.0
SAL50765,Kingston (Wa),WA,16.0,451.38,0.0,0.0,0.0
SAL50766,Kinross,WA,6988.0,3.9,405.0,405.0,405.0
SAL50767,Kirk Rock,WA,18.0,298.97,0.0,0.0,0.0
SAL50768,Kirup,WA,156.0,98.91,285.0,285.0,285.0
SAL50769,Kojaneerup South,WA,23.0,465.93,76.0,76.0,76.0
SAL50770,Kojarena,WA,21.0,66.05,0.0,0.0,0.0
SAL50771,Kojonup,WA,1157.0,511.01,200.0,200.0,200.0
SAL50772,Kokeby,WA,90.0,279.84,138.0,138.0,138.0
SAL50773,Kondinin,WA,332.0,1669.91,120.0,120.0,120.0
SAL50774,Kondut,WA,41.0,692.35,160.0,160.0,160.0
SAL50775,Konnongorring,WA,76.0,606.49,150.0,150.0,150.0
SAL50776,Koojan,WA,40.0,335.14,0.0,0.0,0.0
SAL50777,Kookynie,WA,99.0,16701.77,0.0,0.0,0.0
SAL50778,Koolanooka,WA,22.0,879.02,0.0,0.0,0.0
SAL50779,Koolyanobbing,WA,93.0,717.67,0.0,0.0,0.0
SAL50780,Koomberkine,WA,54.0,487.65,100.0,100.0,100.0
SAL50781,Koondoola,WA,3919.0,4.89,285.0,285.0,285.0
SAL50782,Koongamia,WA,985.0,0.83,285.0,285.0,285.0
SAL50783,Koorda,WA,213.0,12.98,129.0,129.0,129.0
SAL50784,Korbel,WA,59.0,472.06,203.0,203.0,203.0
SAL50785,Kordabup,WA,141.0,128.13,265.0,265.0,265.0
SAL50786,Korrelocking,WA,58.0,619.47,100.0,100.0,100.0
SAL50787,Kronkup,WA,262.0,54.4,263.0,263.0,263.0
SAL50788,Kudardup,WA,110.0,84.56,200.0,200.0,200.0
SAL50789,Kuender,WA,41.0,625.24,0.0,0.0,0.0
SAL50790,Kukerin,WA,55.0,1.43,150.0,150.0,150.0
SAL50791,Kulikup,WA,143.0,411.54,70.0,70.0,70.0
SAL50792,Kulin,WA,352.0,453.61,170.0,170.0,170.0
SAL50793,Kulin West,WA,88.0,703.46,103.0,103.0,103.0
SAL50794,Kulja,WA,20.0,778.95,150.0,150.0,150.0
SAL50795,Kumarina,WA,91.0,20030.19,0.0,0.0,0.0
SAL50796,Kundat Djaru,WA,141.0,39.27,75.0,75.0,75.0
SAL50797,Kunjin,WA,48.0,459.75,100.0,100.0,100.0
SAL50798,Kununoppin,WA,49.0,3.65,110.0,110.0,110.0
SAL50799,Kununurra,WA,5494.0,2357.62,266.0,266.0,266.0
SAL50800,Kupartiya,WA,56.0,12408.77,50.0,50.0,50.0
SAL50801,Kurnalpi,WA,4.0,4822.01,0.0,0.0,0.0
SAL50802,Kurrenkutten,WA,33.0,435.93,200.0,200.0,200.0
SAL50803,Kweda,WA,4.0,154.14,0.0,0.0,0.0
SAL50804,Kwelkan,WA,10.0,78.4,0.0,0.0,0.0
SAL50805,Kwinana Beach,WA,42.0,19.68,423.0,423.0,423.0
SAL50806,Kwinana Town Centre,WA,567.0,1.08,300.0,300.0,300.0
SAL50807,Kwolyin,WA,20.0,478.15,0.0,0.0,0.0
SAL50808,Lagrange,WA,634.0,3548.23,80.0,80.0,80.0
SAL50809,Lake Argyle,WA,205.0,8502.11,85.0,85.0,85.0
SAL50810,Lake Austin,WA,0.0,6971.4,0.0,0.0,0.0
SAL50811,Lake Biddy,WA,59.0,819.03,200.0,200.0,200.0
SAL50812,Lake Brown,WA,13.0,352.33,0.0,0.0,0.0
SAL50813,Lake Camm,WA,23.0,490.17,0.0,0.0,0.0
SAL50814,Lake Carnegie,WA,12.0,32257.25,0.0,0.0,0.0
SAL50815,Lake Clifton,WA,759.0,109.07,250.0,250.0,250.0
SAL50816,Lake Coogee,WA,4768.0,4.82,400.0,400.0,400.0
SAL50817,Lake Darlot,WA,178.0,11884.63,350.0,350.0,350.0
SAL50818,Lake Deborah,WA,0.0,7925.77,0.0,0.0,0.0
SAL50819,Lake Grace,WA,523.0,137.46,180.0,180.0,180.0
SAL50820,Lake Hinds,WA,29.0,448.01,0.0,0.0,0.0
SAL50821,Lake Jasper,WA,27.0,404.69,0.0,0.0,0.0
SAL50822,Lake King,WA,84.0,1962.46,195.0,195.0,195.0
SAL50823,Lake Margarette,WA,16.0,444.76,0.0,0.0,0.0
SAL50824,Lake Muir,WA,7.0,1049.93,0.0,0.0,0.0
SAL50825,Lake Ninan,WA,17.0,330.47,0.0,0.0,0.0
SAL50826,Lake Toolbrunup,WA,76.0,601.71,75.0,75.0,75.0
SAL50827,Lake Wells,WA,0.0,38154.96,0.0,0.0,0.0
SAL50828,Lakelands (Wa),WA,6171.0,9.9,350.0,350.0,350.0
SAL50829,Lamington (Wa),WA,2036.0,1.65,370.0,370.0,370.0
SAL50830,Lancelin,WA,786.0,59.82,253.0,253.0,253.0
SAL50831,Landsdale,WA,15401.0,9.29,450.0,450.0,450.0
SAL50832,Lange,WA,394.0,5.49,330.0,330.0,330.0
SAL50833,Langford,WA,5505.0,4.52,300.0,300.0,300.0
SAL50834,Latham (Wa),WA,61.0,881.88,0.0,0.0,0.0
SAL50835,Lathlain,WA,3699.0,2.15,350.0,350.0,350.0
SAL50836,Laverton (Wa),WA,907.0,14988.84,95.0,95.0,95.0
SAL50837,Learmonth (Wa),WA,25.0,381.59,270.0,270.0,270.0
SAL50838,Leda,WA,3202.0,12.33,303.0,303.0,303.0
SAL50839,Ledge Point,WA,231.0,42.6,250.0,250.0,250.0
SAL50840,Leederville,WA,3686.0,2.03,430.0,430.0,430.0
SAL50841,Leeman,WA,351.0,148.88,210.0,210.0,210.0
SAL50842,Leeming,WA,10883.0,10.41,440.0,440.0,440.0
SAL50843,Leeuwin,WA,4.0,30.72,125.0,125.0,125.0
SAL50844,Leinster,WA,716.0,10504.41,46.0,46.0,46.0
SAL50845,Lennard Brook,WA,209.0,58.28,275.0,275.0,275.0
SAL50846,Leonora,WA,657.0,14484.75,163.0,163.0,163.0
SAL50847,Leschenault,WA,3058.0,61.96,450.0,450.0,450.0
SAL50848,Lesley,WA,0.0,161.93,0.0,0.0,0.0
SAL50849,Lesmurdie,WA,8413.0,19.26,350.0,350.0,350.0
SAL50850,Lexia,WA,30.0,35.68,280.0,280.0,280.0
SAL50851,Lime Lake,WA,16.0,162.33,0.0,0.0,0.0
SAL50852,Linfarne,WA,64.0,46.13,125.0,125.0,125.0
SAL50853,Little Grove,WA,1508.0,5.9,295.0,295.0,295.0
SAL50854,Little Italy,WA,34.0,578.24,0.0,0.0,0.0
SAL50855,Little Sandy Desert,WA,5.0,145547.69,0.0,0.0,0.0
SAL50856,Lockier,WA,3.0,108.3,0.0,0.0,0.0
SAL50857,Lockridge,WA,3322.0,2.04,280.0,280.0,280.0
SAL50858,Lockyer (Wa),WA,1298.0,2.01,230.0,230.0,230.0
SAL50859,Lol Gray,WA,19.0,90.08,200.0,200.0,200.0
SAL50860,Londonderry (Wa),WA,0.0,1484.64,0.0,0.0,0.0
SAL50861,Lort River,WA,60.0,1479.03,115.0,115.0,115.0
SAL50862,Lowden,WA,165.0,64.55,255.0,255.0,255.0
SAL50863,Lower Chittering,WA,2408.0,163.02,463.0,463.0,463.0
SAL50864,Lower Hotham,WA,13.0,168.7,0.0,0.0,0.0
SAL50865,Lower King,WA,1890.0,13.54,320.0,320.0,320.0
SAL50866,Lowlands,WA,149.0,59.69,250.0,250.0,250.0
SAL50867,Ludlow,WA,132.0,71.1,285.0,285.0,285.0
SAL50868,Lumeah (Wa),WA,86.0,476.4,160.0,160.0,160.0
SAL50869,Lyalls Mill,WA,17.0,55.94,0.0,0.0,0.0
SAL50870,Lyndon,WA,31.0,10862.6,415.0,415.0,415.0
SAL50871,Lynwood (Wa),WA,3541.0,2.49,350.0,350.0,350.0
SAL50872,Macleod (Wa),WA,19.0,7171.49,0.0,0.0,0.0
SAL50873,Maddington,WA,12419.0,15.14,300.0,300.0,300.0
SAL50874,Madeley,WA,6805.0,4.02,428.0,428.0,428.0
SAL50875,Madora Bay,WA,3830.0,5.23,370.0,370.0,370.0
SAL50876,Madura,WA,0.0,11464.03,0.0,0.0,0.0
SAL50877,Magenta (Wa),WA,22.0,1182.98,0.0,0.0,0.0
SAL50878,Magitup,WA,20.0,349.8,0.0,0.0,0.0
SAL50879,Mahogany Creek,WA,829.0,8.16,350.0,350.0,350.0
SAL50880,Mahomets Flats,WA,806.0,1.19,250.0,250.0,250.0
SAL50881,Maida Vale,WA,4499.0,11.49,400.0,400.0,400.0
SAL50882,Maitland (Wa),WA,12.0,2957.92,0.0,0.0,0.0
SAL50883,Malabaine,WA,51.0,70.49,228.0,228.0,228.0
SAL50884,Malaga,WA,25.0,9.15,775.0,775.0,775.0
SAL50885,Malebelling,WA,39.0,130.79,20.0,20.0,20.0
SAL50886,Mallee Hill,WA,30.0,950.97,0.0,0.0,0.0
SAL50887,Malmalling,WA,0.0,122.86,0.0,0.0,0.0
SAL50888,Malyalling,WA,20.0,165.97,0.0,0.0,0.0
SAL50889,Mandogalup,WA,128.0,9.68,265.0,265.0,265.0
SAL50890,Mandurah,WA,8804.0,10.1,270.0,270.0,270.0
SAL50891,Manjimup,WA,4279.0,32.92,250.0,250.0,250.0
SAL50892,Manmanning,WA,42.0,568.25,50.0,50.0,50.0
SAL50893,Manning,WA,4219.0,2.41,340.0,340.0,340.0
SAL50894,Mantamaru,WA,124.0,5.99,65.0,65.0,65.0
SAL50895,Manypeaks,WA,149.0,498.68,250.0,250.0,250.0
SAL50896,Marangaroo,WA,10483.0,6.66,350.0,350.0,350.0
SAL50897,Maranup,WA,60.0,159.22,271.0,271.0,271.0
SAL50898,Marbelup,WA,487.0,89.12,288.0,288.0,288.0
SAL50899,Marble Bar,WA,927.0,40474.48,100.0,100.0,100.0
SAL50900,Marchagee,WA,45.0,746.7,0.0,0.0,0.0
SAL50901,Mardella,WA,446.0,90.4,380.0,380.0,380.0
SAL50902,Mardie,WA,609.0,4360.23,595.0,595.0,595.0
SAL50903,Margaret River (Wa),WA,8918.0,89.42,380.0,380.0,380.0
SAL50904,Mariginiup,WA,876.0,33.67,525.0,525.0,525.0
SAL50905,Marmion,WA,2390.0,1.59,495.0,495.0,495.0
SAL50906,Marne,WA,10.0,107.38,0.0,0.0,0.0
SAL50907,Marracoonda,WA,17.0,83.76,138.0,138.0,138.0
SAL50908,Marradong,WA,58.0,459.54,200.0,200.0,200.0
SAL50909,Marrah,WA,4.0,138.61,0.0,0.0,0.0
SAL50910,Marrinup,WA,4.0,62.95,0.0,0.0,0.0
SAL50911,Martin,WA,1854.0,39.67,360.0,360.0,360.0
SAL50912,Marvel Loch,WA,120.0,1167.41,180.0,180.0,180.0
SAL50913,Marybrook,WA,229.0,22.15,300.0,300.0,300.0
SAL50914,Massey Bay,WA,0.0,4.72,0.0,0.0,0.0
SAL50915,Maya,WA,20.0,762.29,0.0,0.0,0.0
SAL50916,Mayanup,WA,174.0,559.84,240.0,240.0,240.0
SAL50917,Maylands (Wa),WA,13199.0,6.97,300.0,300.0,300.0
SAL50918,Mcalinden,WA,70.0,402.39,130.0,130.0,130.0
SAL50919,Mcbeath,WA,32.0,1.36,170.0,170.0,170.0
SAL50920,Mckail,WA,3970.0,14.75,350.0,350.0,350.0
SAL50921,Meadow,WA,3.0,1051.03,0.0,0.0,0.0
SAL50922,Meadow Springs,WA,9160.0,6.85,350.0,350.0,350.0
SAL50923,Meckering,WA,232.0,298.76,183.0,183.0,183.0
SAL50924,Meda,WA,17.0,5408.02,0.0,0.0,0.0
SAL50925,Medina,WA,2260.0,5.14,270.0,270.0,270.0
SAL50926,Meekatharra,WA,849.0,33296.16,110.0,110.0,110.0
SAL50927,Meeking,WA,10.0,139.54,0.0,0.0,0.0
SAL50928,Meelon,WA,174.0,132.53,345.0,345.0,345.0
SAL50929,Meenaar,WA,29.0,103.93,0.0,0.0,0.0
SAL50930,Meerup,WA,159.0,359.21,230.0,230.0,230.0
SAL50931,Melaleuca,WA,0.0,110.09,0.0,0.0,0.0
SAL50932,Melville (Wa),WA,6204.0,3.34,420.0,420.0,420.0
SAL50933,Menora,WA,2691.0,1.61,240.0,240.0,240.0
SAL50934,Menzies (Wa),WA,103.0,10900.98,156.0,156.0,156.0
SAL50935,Merilup,WA,13.0,315.25,0.0,0.0,0.0
SAL50936,Merivale,WA,87.0,645.81,182.0,182.0,182.0
SAL50937,Merkanooka,WA,57.0,803.77,250.0,250.0,250.0
SAL50938,Merredin,WA,2604.0,344.58,220.0,220.0,220.0
SAL50939,Merriwa (Wa),WA,5587.0,3.17,330.0,330.0,330.0
SAL50940,Meru,WA,219.0,5.43,310.0,310.0,310.0
SAL50941,Metricup,WA,263.0,82.92,180.0,180.0,180.0
SAL50942,Mettler,WA,35.0,361.9,100.0,100.0,100.0
SAL50943,Miamoon,WA,17.0,166.73,0.0,0.0,0.0
SAL50944,Middle Swan,WA,2852.0,18.64,310.0,310.0,310.0
SAL50945,Middlesex (Wa),WA,232.0,121.63,178.0,178.0,178.0
SAL50946,Middleton Beach,WA,759.0,1.1,350.0,350.0,350.0
SAL50947,Midland,WA,6335.0,5.83,295.0,295.0,295.0
SAL50948,Midvale,WA,2283.0,4.01,275.0,275.0,275.0
SAL50949,Miling,WA,101.0,939.91,138.0,138.0,138.0
SAL50950,Millars Well,WA,2104.0,3.91,383.0,383.0,383.0
SAL50951,Millbridge,WA,2736.0,2.63,400.0,400.0,400.0
SAL50952,Millbrook (Wa),WA,284.0,28.47,360.0,360.0,360.0
SAL50953,Millendon,WA,490.0,9.61,350.0,350.0,350.0
SAL50954,Mills Lake,WA,39.0,524.25,0.0,0.0,0.0
SAL50955,Millstream (Wa),WA,5.0,3240.34,132.0,132.0,132.0
SAL50956,Milo,WA,16.0,241.85,150.0,150.0,150.0
SAL50957,Milpara,WA,953.0,3.17,310.0,310.0,310.0
SAL50958,Mimegarra,WA,11.0,420.24,323.0,323.0,323.0
SAL50959,Mindarabin,WA,49.0,801.42,0.0,0.0,0.0
SAL50960,Mindarie (Wa),WA,7867.0,8.59,500.0,500.0,500.0
SAL50961,Mindarra,WA,33.0,303.07,100.0,100.0,100.0
SAL50962,Minding,WA,32.0,213.72,300.0,300.0,300.0
SAL50963,Mingenew,WA,258.0,7.57,150.0,150.0,150.0
SAL50964,Minigin,WA,78.0,316.64,250.0,250.0,250.0
SAL50965,Minilya,WA,20.0,10657.68,500.0,500.0,500.0
SAL50966,Minnenooka,WA,40.0,141.76,0.0,0.0,0.0
SAL50967,Minnivale,WA,40.0,356.78,115.0,115.0,115.0
SAL50968,Minyirr,WA,76.0,11.5,370.0,370.0,370.0
SAL50969,Mira Mar,WA,1890.0,2.25,300.0,300.0,300.0
SAL50970,Mirrabooka (Wa),WA,8000.0,6.94,290.0,290.0,290.0
SAL50971,Mitchell Plateau,WA,87.0,11424.45,45.0,45.0,45.0
SAL50972,Mobrup,WA,40.0,466.02,88.0,88.0,88.0
SAL50973,Mocardy,WA,89.0,645.07,185.0,185.0,185.0
SAL50974,Mogumber,WA,58.0,341.82,150.0,150.0,150.0
SAL50975,Mokine,WA,216.0,73.28,225.0,225.0,225.0
SAL50976,Mokup,WA,62.0,407.71,0.0,0.0,0.0
SAL50977,Mollerin,WA,25.0,1076.78,0.0,0.0,0.0
SAL50978,Molloy Island,WA,163.0,4.19,275.0,275.0,275.0
SAL50979,Monjebup,WA,21.0,276.81,0.0,0.0,0.0
SAL50980,Monjingup,WA,394.0,268.03,250.0,250.0,250.0
SAL50981,Moodiarrup,WA,63.0,226.19,83.0,83.0,83.0
SAL50982,Moojebing,WA,63.0,148.77,210.0,210.0,210.0
SAL50983,Mooliabeenee,WA,213.0,146.35,320.0,320.0,320.0
SAL50984,Moondah,WA,34.0,55.94,0.0,0.0,0.0
SAL50985,Moondyne,WA,0.0,69.97,0.0,0.0,0.0
SAL50986,Moonies Hill,WA,25.0,274.51,0.0,0.0,0.0
SAL50987,Moonyoonooka,WA,286.0,207.34,271.0,271.0,271.0
SAL50988,Moora (Wa),WA,1755.0,488.95,230.0,230.0,230.0
SAL50989,Moore River National Park,WA,0.0,300.63,0.0,0.0,0.0
SAL50990,Mooriary,WA,18.0,398.61,0.0,0.0,0.0
SAL50991,Moorine Rock,WA,61.0,959.51,150.0,150.0,150.0
SAL50992,Morangup,WA,751.0,281.05,300.0,300.0,300.0
SAL50993,Morawa,WA,459.0,250.92,190.0,190.0,190.0
SAL50994,Morbinning,WA,36.0,208.69,200.0,200.0,200.0
SAL50995,Mordalup,WA,14.0,471.02,0.0,0.0,0.0
SAL50996,Moresby (Wa),WA,944.0,33.76,345.0,345.0,345.0
SAL50997,Morgantown,WA,774.0,1.78,205.0,205.0,205.0
SAL50998,Morley,WA,22539.0,14.61,360.0,360.0,360.0
SAL50999,Mornington (Wa),WA,42.0,338.84,293.0,293.0,293.0
SAL51000,Mosman Park (Wa),WA,9169.0,6.06,300.0,300.0,300.0
SAL51001,Moulyinning,WA,34.0,318.4,0.0,0.0,0.0
SAL51002,Mount Adams,WA,8.0,419.88,0.0,0.0,0.0
SAL51003,Mount Anketell,WA,0.0,252.58,0.0,0.0,0.0
SAL51004,Mount Barker (Wa),WA,2855.0,724.87,225.0,225.0,225.0
SAL51005,Mount Budd,WA,9.0,201.36,0.0,0.0,0.0
SAL51006,Mount Burges,WA,116.0,4422.45,228.0,228.0,228.0
SAL51007,Mount Caroline,WA,12.0,128.98,0.0,0.0,0.0
SAL51008,Mount Claremont,WA,4999.0,6.17,420.0,420.0,420.0
SAL51009,Mount Clarence,WA,728.0,3.77,300.0,300.0,300.0
SAL51010,Mount Elphinstone,WA,82.0,3.76,290.0,290.0,290.0
SAL51011,Mount Erin,WA,8.0,111.65,350.0,350.0,350.0
SAL51012,Mount Hampton,WA,24.0,1250.62,100.0,100.0,100.0
SAL51013,Mount Hardey,WA,154.0,108.16,348.0,348.0,348.0
SAL51014,Mount Hardman,WA,502.0,10013.72,75.0,75.0,75.0
SAL51015,Mount Hawthorn,WA,8183.0,3.4,420.0,420.0,420.0
SAL51016,Mount Helena,WA,3373.0,40.45,380.0,380.0,380.0
SAL51017,Mount Hill,WA,41.0,56.83,0.0,0.0,0.0
SAL51018,Mount Holland,WA,9.0,2054.45,0.0,0.0,0.0
SAL51019,Mount Horner,WA,13.0,339.93,0.0,0.0,0.0
SAL51020,Mount Jackson,WA,124.0,8481.67,0.0,0.0,0.0
SAL51021,Mount Lawley,WA,11328.0,6.05,350.0,350.0,350.0
SAL51022,Mount Lindesay (Wa),WA,0.0,397.5,0.0,0.0,0.0
SAL51023,Mount Madden,WA,30.0,852.68,50.0,50.0,50.0
SAL51024,Mount Magnet,WA,583.0,336.89,175.0,175.0,175.0
SAL51025,Mount Melville,WA,1007.0,4.26,320.0,320.0,320.0
SAL51026,Mount Nasura,WA,2997.0,3.9,345.0,345.0,345.0
SAL51027,Mount Ney,WA,8.0,1463.85,0.0,0.0,0.0
SAL51028,Mount Observation (Wa),WA,0.0,189.27,0.0,0.0,0.0
SAL51029,Mount Palmer,WA,0.0,2294.37,0.0,0.0,0.0
SAL51030,Mount Pleasant (Wa),WA,7456.0,3.88,460.0,460.0,460.0
SAL51031,Mount Richon,WA,2067.0,3.01,300.0,300.0,300.0
SAL51032,Mount Romance,WA,0.0,454.58,0.0,0.0,0.0
SAL51033,Mount Sheila,WA,794.0,5972.89,520.0,520.0,520.0
SAL51034,Mount Sheridan (Wa),WA,23.0,1180.5,85.0,85.0,85.0
SAL51035,Mount Stirling,WA,16.0,288.81,150.0,150.0,150.0
SAL51036,Mount Tarcoola,WA,3257.0,2.77,300.0,300.0,300.0
SAL51037,Mount Walker (Wa),WA,76.0,923.6,150.0,150.0,150.0
SAL51038,Mount Wells,WA,0.0,329.77,0.0,0.0,0.0
SAL51039,Mouroubra,WA,0.0,1746.7,0.0,0.0,0.0
SAL51040,Muchea,WA,921.0,298.32,360.0,360.0,360.0
SAL51041,Muckenburra,WA,219.0,103.02,190.0,190.0,190.0
SAL51042,Mueller Ranges,WA,366.0,22012.67,69.0,69.0,69.0
SAL51043,Muja,WA,18.0,82.23,450.0,450.0,450.0
SAL51044,Mukinbudin,WA,336.0,310.02,150.0,150.0,150.0
SAL51045,Mulataga,WA,0.0,17.63,0.0,0.0,0.0
SAL51046,Mulga Downs,WA,23.0,4032.21,80.0,80.0,80.0
SAL51047,Mullaloo,WA,6190.0,4.26,470.0,470.0,470.0
SAL51048,Mullalyup,WA,149.0,127.46,200.0,200.0,200.0
SAL51049,Mullewa,WA,356.0,539.72,148.0,148.0,148.0
SAL51050,Mullingar,WA,318.0,76.52,350.0,350.0,350.0
SAL51051,Muluckine,WA,209.0,92.43,250.0,250.0,250.0
SAL51052,Mumballup,WA,100.0,57.67,400.0,400.0,400.0
SAL51053,Mumberkine,WA,57.0,192.92,220.0,220.0,220.0
SAL51054,Mundabullangana,WA,14.0,2904.43,0.0,0.0,0.0
SAL51055,Mundaring,WA,3190.0,44.04,343.0,343.0,343.0
SAL51056,Mundijong,WA,1246.0,25.77,385.0,385.0,385.0
SAL51057,Mundrabilla,WA,11.0,8672.81,0.0,0.0,0.0
SAL51058,Mungalup,WA,53.0,105.64,0.0,0.0,0.0
SAL51059,Munglinup,WA,140.0,4392.43,155.0,155.0,155.0
SAL51060,Munster,WA,199.0,6.15,330.0,330.0,330.0
SAL51061,Muntadgin,WA,39.0,363.36,150.0,150.0,150.0
SAL51062,Muradup,WA,97.0,251.27,255.0,255.0,255.0
SAL51063,Murchison (Wa),WA,30.0,29396.13,350.0,350.0,350.0
SAL51064,Murdoch,WA,3352.0,5.95,445.0,445.0,445.0
SAL51065,Murdong,WA,24.0,113.18,200.0,200.0,200.0
SAL51066,Muresk,WA,15.0,42.34,0.0,0.0,0.0
SAL51067,Myalup,WA,344.0,262.25,295.0,295.0,295.0
SAL51068,Myara,WA,0.0,56.3,0.0,0.0,0.0
SAL51069,Myaree,WA,2105.0,1.94,400.0,400.0,400.0
SAL51070,Myrup,WA,518.0,213.63,280.0,280.0,280.0
SAL51071,Nabawa,WA,118.0,125.66,100.0,100.0,100.0
SAL51072,Nairibin,WA,14.0,210.97,0.0,0.0,0.0
SAL51073,Nalkain,WA,4.0,102.88,0.0,0.0,0.0
SAL51074,Nalyerlup,WA,34.0,426.49,140.0,140.0,140.0
SAL51075,Namban,WA,35.0,391.82,0.0,0.0,0.0
SAL51076,Nambeelup,WA,361.0,148.67,200.0,200.0,200.0
SAL51077,Nambung,WA,25.0,778.15,0.0,0.0,0.0
SAL51078,Nanarup,WA,38.0,108.82,139.0,139.0,139.0
SAL51079,Nanga,WA,4.0,2263.68,0.0,0.0,0.0
SAL51080,Nanga Brook,WA,0.0,372.7,0.0,0.0,0.0
SAL51081,Nangeenan,WA,75.0,254.88,150.0,150.0,150.0
SAL51082,Nangetty,WA,20.0,525.66,0.0,0.0,0.0
SAL51083,Nannup,WA,959.0,357.13,253.0,253.0,253.0
SAL51084,Nanson,WA,84.0,99.8,230.0,230.0,230.0
SAL51085,Nanutarra,WA,37.0,16592.33,0.0,0.0,0.0
SAL51086,Napier,WA,269.0,392.12,175.0,175.0,175.0
SAL51087,Naraling,WA,13.0,148.08,150.0,150.0,150.0
SAL51088,Narembeen,WA,423.0,1.29,160.0,160.0,160.0
SAL51089,Narngulu,WA,44.0,32.94,400.0,400.0,400.0
SAL51090,Narra Tarra,WA,104.0,127.96,0.0,0.0,0.0
SAL51091,Narraloggan,WA,36.0,190.25,0.0,0.0,0.0
SAL51092,Narrikup,WA,514.0,807.47,240.0,240.0,240.0
SAL51093,Narrogin,WA,3927.0,18.69,240.0,240.0,240.0
SAL51094,Narrogin Valley,WA,102.0,142.54,420.0,420.0,420.0
SAL51095,Naturaliste,WA,107.0,80.01,300.0,300.0,300.0
SAL51096,Naval Base,WA,20.0,7.04,315.0,315.0,315.0
SAL51097,Neale,WA,0.0,59110.4,0.0,0.0,0.0
SAL51098,Nedlands,WA,10561.0,7.42,500.0,500.0,500.0
SAL51099,Needilup,WA,99.0,1232.92,50.0,50.0,50.0
SAL51100,Neendaling,WA,19.0,346.32,0.0,0.0,0.0
SAL51101,Neerabup,WA,112.0,41.51,350.0,350.0,350.0
SAL51102,Neergabby,WA,268.0,154.17,210.0,210.0,210.0
SAL51103,Nembudding,WA,12.0,200.2,0.0,0.0,0.0
SAL51104,Neridup,WA,92.0,1242.46,175.0,175.0,175.0
SAL51105,Nerramyne,WA,6.0,1663.79,0.0,0.0,0.0
SAL51106,Nerren Nerren,WA,6.0,2958.89,0.0,0.0,0.0
SAL51107,New Norcia,WA,57.0,200.23,106.0,106.0,106.0
SAL51108,Newcarlbeon,WA,15.0,495.67,0.0,0.0,0.0
SAL51109,Newdegate,WA,159.0,425.06,200.0,200.0,200.0
SAL51110,Newlands (Wa),WA,112.0,38.85,275.0,275.0,275.0
SAL51111,Newman,WA,6456.0,32100.78,110.0,110.0,110.0
SAL51112,Ngaanyatjarra-Giles,WA,43.0,77098.74,0.0,0.0,0.0
SAL51113,Nickol,WA,4938.0,3.41,240.0,240.0,240.0
SAL51114,Nilgen,WA,248.0,346.09,225.0,225.0,225.0
SAL51115,Nillup,WA,61.0,54.02,229.0,229.0,229.0
SAL51116,Ningaloo,WA,7.0,601.18,0.0,0.0,0.0
SAL51117,Nippering,WA,21.0,119.96,0.0,0.0,0.0
SAL51118,Nirimba (Wa),WA,80.0,108.43,300.0,300.0,300.0
SAL51119,Noggerup,WA,99.0,278.91,150.0,150.0,150.0
SAL51120,Nokaning,WA,48.0,321.43,0.0,0.0,0.0
SAL51121,Nolba,WA,22.0,282.87,0.0,0.0,0.0
SAL51122,Nollamara,WA,12779.0,5.19,340.0,340.0,340.0
SAL51123,Nomans Lake,WA,59.0,253.48,0.0,0.0,0.0
SAL51124,Noranda,WA,8002.0,6.87,350.0,350.0,350.0
SAL51125,Nornalup,WA,89.0,70.35,200.0,200.0,200.0
SAL51126,Norpa,WA,29.0,289.21,0.0,0.0,0.0
SAL51127,Norseman,WA,562.0,20033.01,150.0,150.0,150.0
SAL51128,North Baandee,WA,49.0,411.23,0.0,0.0,0.0
SAL51129,North Bannister,WA,0.0,1244.9,0.0,0.0,0.0
SAL51130,North Beach (Wa),WA,3689.0,2.98,380.0,380.0,380.0
SAL51131,North Bodallin,WA,17.0,587.99,0.0,0.0,0.0
SAL51132,North Boyanup,WA,323.0,55.03,340.0,340.0,340.0
SAL51133,North Burngup,WA,20.0,538.39,100.0,100.0,100.0
SAL51134,North Cascade,WA,14.0,9842.65,0.0,0.0,0.0
SAL51135,North Coogee,WA,3741.0,3.88,460.0,460.0,460.0
SAL51136,North Dandalup,WA,863.0,128.34,250.0,250.0,250.0
SAL51137,North Eradu,WA,5.0,268.4,0.0,0.0,0.0
SAL51138,North Fremantle,WA,3947.0,5.04,480.0,480.0,480.0
SAL51139,North Greenbushes,WA,174.0,28.27,244.0,244.0,244.0
SAL51140,North Jindong,WA,75.0,27.63,238.0,238.0,238.0
SAL51141,North Kellerberrin,WA,30.0,409.51,115.0,115.0,115.0
SAL51142,North Kukerin,WA,84.0,457.12,225.0,225.0,225.0
SAL51143,North Kununoppin,WA,24.0,452.26,200.0,200.0,200.0
SAL51144,North Lake,WA,1299.0,3.2,450.0,450.0,450.0
SAL51145,North Lake Grace,WA,23.0,384.21,0.0,0.0,0.0
SAL51146,North Moulyinning,WA,29.0,246.14,50.0,50.0,50.0
SAL51147,North Perth,WA,9623.0,4.27,400.0,400.0,400.0
SAL51148,North Plantations,WA,377.0,32.55,150.0,150.0,150.0
SAL51149,North Stirlings,WA,26.0,362.4,25.0,25.0,25.0
SAL51150,North Tammin,WA,138.0,864.81,119.0,119.0,119.0
SAL51151,North Trayning,WA,26.0,332.3,100.0,100.0,100.0
SAL51152,North Walpole,WA,108.0,1631.7,149.0,149.0,149.0
SAL51153,North West Cape,WA,177.0,332.04,365.0,365.0,365.0
SAL51154,North Wialki,WA,10.0,391.31,0.0,0.0,0.0
SAL51155,North Yelbeni,WA,11.0,308.29,0.0,0.0,0.0
SAL51156,North Yunderup,WA,840.0,5.74,300.0,300.0,300.0
SAL51157,Northam,WA,6679.0,37.07,250.0,250.0,250.0
SAL51158,Northampton,WA,830.0,15.32,200.0,200.0,200.0
SAL51159,Northbridge (Wa),WA,1420.0,0.63,400.0,400.0,400.0
SAL51160,Northcliffe,WA,288.0,40.51,188.0,188.0,188.0
SAL51161,Northern Gully,WA,10.0,79.75,0.0,0.0,0.0
SAL51162,Nowergup,WA,189.0,55.43,241.0,241.0,241.0
SAL51163,Nugadong,WA,11.0,253.41,350.0,350.0,350.0
SAL51164,Nukarni,WA,39.0,332.61,125.0,125.0,125.0
SAL51165,Nullagine,WA,1159.0,25569.43,40.0,40.0,40.0
SAL51166,Nullaki,WA,32.0,44.01,0.0,0.0,0.0
SAL51167,Nulsen,WA,1083.0,4.56,220.0,220.0,220.0
SAL51168,Nungarin,WA,152.0,479.27,88.0,88.0,88.0
SAL51169,Nunierra,WA,22.0,3084.24,0.0,0.0,0.0
SAL51170,Nunile,WA,183.0,163.06,350.0,350.0,350.0
SAL51171,Nyabing,WA,260.0,2835.64,95.0,95.0,95.0
SAL51172,O'Connor (Wa),WA,460.0,2.65,335.0,335.0,335.0
SAL51173,Oakajee,WA,0.0,42.33,140.0,140.0,140.0
SAL51174,Oakford,WA,2803.0,65.72,400.0,400.0,400.0
SAL51175,Ocean Beach,WA,1014.0,57.37,330.0,330.0,330.0
SAL51176,Ocean Reef,WA,8125.0,7.3,525.0,525.0,525.0
SAL51177,Ogilvie,WA,56.0,770.11,0.0,0.0,0.0
SAL51178,Old Plains,WA,47.0,363.4,138.0,138.0,138.0
SAL51179,Oldbury,WA,296.0,57.64,300.0,300.0,300.0
SAL51180,Ongerup,WA,114.0,4.89,130.0,130.0,130.0
SAL51181,Onslow,WA,829.0,220.07,240.0,240.0,240.0
SAL51182,Oombulgurri,WA,27.0,12955.35,0.0,0.0,0.0
SAL51183,Ora Banda,WA,12.0,1549.5,0.0,0.0,0.0
SAL51184,Orana,WA,2035.0,3.56,275.0,275.0,275.0
SAL51185,Orange Grove (Wa),WA,726.0,19.46,250.0,250.0,250.0
SAL51186,Orange Springs,WA,30.0,146.33,105.0,105.0,105.0
SAL51187,Orchid Valley,WA,27.0,327.7,230.0,230.0,230.0
SAL51188,Ord River,WA,158.0,25820.4,35.0,35.0,35.0
SAL51189,Orelia,WA,4535.0,4.1,250.0,250.0,250.0
SAL51190,Osborne Park,WA,4463.0,6.9,290.0,290.0,290.0
SAL51191,Osmington,WA,163.0,50.27,340.0,340.0,340.0
SAL51192,Padbury,WA,8626.0,8.33,390.0,390.0,390.0
SAL51193,Palgarup,WA,145.0,40.16,250.0,250.0,250.0
SAL51194,Pallinup,WA,90.0,561.65,112.0,112.0,112.0
SAL51195,Palmdale (Wa),WA,18.0,234.68,275.0,275.0,275.0
SAL51196,Palmer (Wa),WA,50.0,234.13,138.0,138.0,138.0
SAL51197,Palmyra (Wa),WA,7585.0,4.39,350.0,350.0,350.0
SAL51198,Pannawonica,WA,685.0,32.11,28.0,28.0,28.0
SAL51199,Pantapin,WA,25.0,306.19,0.0,0.0,0.0
SAL51200,Papulankutja,WA,162.0,5.42,70.0,70.0,70.0
SAL51201,Paraburdoo,WA,1324.0,182.08,30.0,30.0,30.0
SAL51202,Paradise (Wa),WA,141.0,34.98,260.0,260.0,260.0
SAL51203,Pardoo,WA,47.0,2536.14,0.0,0.0,0.0
SAL51204,Parker Range,WA,0.0,1937.28,0.0,0.0,0.0
SAL51205,Parkerville,WA,2432.0,26.47,425.0,425.0,425.0
SAL51206,Parkeston,WA,5.0,71.23,0.0,0.0,0.0
SAL51207,Parkfield,WA,54.0,36.37,315.0,315.0,315.0
SAL51208,Parklands (Wa),WA,603.0,9.18,350.0,350.0,350.0
SAL51209,Parkwood (Wa),WA,5995.0,5.11,350.0,350.0,350.0
SAL51210,Parmelia,WA,6184.0,5.77,280.0,280.0,280.0
SAL51211,Parryville,WA,70.0,117.55,325.0,325.0,325.0
SAL51212,Patjarr,WA,39.0,12.55,65.0,65.0,65.0
SAL51213,Paulls Valley,WA,83.0,28.33,300.0,300.0,300.0
SAL51214,Paynedale,WA,60.0,110.59,0.0,0.0,0.0
SAL51215,Paynes Find,WA,26.0,14412.31,0.0,0.0,0.0
SAL51216,Paynesville (Wa),WA,0.0,4286.55,0.0,0.0,0.0
SAL51217,Peaceful Bay,WA,71.0,38.39,270.0,270.0,270.0
SAL51218,Peak Hill (Wa),WA,121.0,32596.43,108.0,108.0,108.0
SAL51219,Pearsall,WA,4244.0,2.18,400.0,400.0,400.0
SAL51220,Peedamulla,WA,15.0,2840.22,53.0,53.0,53.0
SAL51221,Peerabeelup,WA,18.0,233.74,69.0,69.0,69.0
SAL51222,Pegs Creek,WA,2050.0,5.16,367.0,367.0,367.0
SAL51223,Pelican Point (Wa),WA,929.0,3.49,410.0,410.0,410.0
SAL51224,Pemberton,WA,861.0,24.76,280.0,280.0,280.0
SAL51225,Peppermint Grove,WA,1597.0,1.49,440.0,440.0,440.0
SAL51226,Peppermint Grove Beach,WA,518.0,1.58,359.0,359.0,359.0
SAL51227,Perenjori,WA,259.0,1165.04,170.0,170.0,170.0
SAL51228,Perillup,WA,46.0,1022.9,100.0,100.0,100.0
SAL51229,Peron,WA,14.0,2.73,150.0,150.0,150.0
SAL51230,Perth (Wa),WA,13670.0,6.34,400.0,400.0,400.0
SAL51231,Perth Airport,WA,25.0,28.51,0.0,0.0,0.0
SAL51232,Perup,WA,161.0,680.93,200.0,200.0,200.0
SAL51233,Petrudor,WA,20.0,384.11,0.0,0.0,0.0
SAL51234,Piara Waters,WA,15029.0,9.36,420.0,420.0,420.0
SAL51235,Piawaning,WA,61.0,235.9,170.0,170.0,170.0
SAL51236,Piccadilly (Wa),WA,2305.0,2.02,320.0,320.0,320.0
SAL51237,Pickering Brook,WA,579.0,146.07,350.0,350.0,350.0
SAL51238,Picton (Wa),WA,31.0,8.67,270.0,270.0,270.0
SAL51239,Picton East,WA,141.0,18.15,200.0,200.0,200.0
SAL51240,Piesse Brook,WA,214.0,14.42,250.0,250.0,250.0
SAL51241,Piesseville,WA,49.0,357.81,384.0,384.0,384.0
SAL51242,Pindar,WA,13.0,2829.34,0.0,0.0,0.0
SAL51243,Pingaring,WA,60.0,1241.99,163.0,163.0,163.0
SAL51244,Pingelly,WA,722.0,15.55,200.0,200.0,200.0
SAL51245,Pingrup,WA,231.0,5283.92,180.0,180.0,180.0
SAL51246,Pinjar,WA,74.0,168.87,320.0,320.0,320.0
SAL51247,Pinjarra,WA,4914.0,27.07,290.0,290.0,290.0
SAL51248,Pink Lake,WA,1042.0,61.25,300.0,300.0,300.0
SAL51249,Pintharuka,WA,19.0,733.53,0.0,0.0,0.0
SAL51250,Pinwernying,WA,97.0,7.27,0.0,0.0,0.0
SAL51251,Pippingarra,WA,49.0,1009.88,95.0,95.0,95.0
SAL51252,Pithara,WA,129.0,764.53,275.0,275.0,275.0
SAL51253,Plumridge Lakes,WA,273.0,101923.8,13.0,13.0,13.0
SAL51254,Point Samson,WA,249.0,25.98,500.0,500.0,500.0
SAL51255,Popanyinning,WA,208.0,263.64,200.0,200.0,200.0
SAL51256,Porongurup,WA,342.0,316.13,210.0,210.0,210.0
SAL51257,Port Albany,WA,133.0,2.55,280.0,280.0,280.0
SAL51258,Port Denison,WA,1452.0,19.29,250.0,250.0,250.0
SAL51259,Port Hedland,WA,4081.0,77.03,210.0,210.0,210.0
SAL51260,Port Kennedy,WA,13477.0,29.82,350.0,350.0,350.0
SAL51261,Postans,WA,0.0,7.07,0.0,0.0,0.0
SAL51262,Preston Beach,WA,268.0,106.18,250.0,250.0,250.0
SAL51263,Preston Settlement,WA,125.0,61.01,150.0,150.0,150.0
SAL51264,Prevelly,WA,205.0,3.17,423.0,423.0,423.0
SAL51265,Prince Regent River,WA,4.0,16669.45,0.0,0.0,0.0
SAL51266,Pumphreys Bridge,WA,25.0,107.08,50.0,50.0,50.0
SAL51267,Purnululu,WA,13.0,2690.27,450.0,450.0,450.0
SAL51268,Quairading,WA,619.0,279.43,137.0,137.0,137.0
SAL51269,Qualeup,WA,72.0,298.73,80.0,80.0,80.0
SAL51270,Quedjinup,WA,420.0,11.48,400.0,400.0,400.0
SAL51271,Queens Park (Wa),WA,7268.0,3.83,350.0,350.0,350.0
SAL51272,Queenwood,WA,79.0,49.58,200.0,200.0,200.0
SAL51273,Quelagetting,WA,32.0,273.35,0.0,0.0,0.0
SAL51274,Quellington,WA,22.0,79.05,100.0,100.0,100.0
SAL51275,Quindalup,WA,1488.0,57.28,400.0,400.0,400.0
SAL51276,Quindanning,WA,43.0,217.93,250.0,250.0,250.0
SAL51277,Quinninup,WA,172.0,313.58,280.0,280.0,280.0
SAL51278,Quinns Rocks,WA,8861.0,5.79,360.0,360.0,360.0
SAL51279,Ranford,WA,201.0,2.75,270.0,270.0,270.0
SAL51280,Rangeway,WA,1871.0,2.37,200.0,200.0,200.0
SAL51281,Ravensthorpe,WA,580.0,3665.08,206.0,206.0,206.0
SAL51282,Ravenswood (Wa),WA,2483.0,76.51,325.0,325.0,325.0
SAL51283,Rawlinna,WA,33.0,30975.69,0.0,0.0,0.0
SAL51284,Red Gully,WA,32.0,297.54,200.0,200.0,200.0
SAL51285,Red Hill (Wa),WA,85.0,21.78,169.0,169.0,169.0
SAL51286,Redbank (Wa),WA,48.0,7.98,200.0,200.0,200.0
SAL51287,Redcliffe (Wa),WA,5030.0,3.71,330.0,330.0,330.0
SAL51288,Redgate (Wa),WA,98.0,34.34,300.0,300.0,300.0
SAL51289,Redmond,WA,208.0,180.91,250.0,250.0,250.0
SAL51290,Redmond West,WA,58.0,221.71,125.0,125.0,125.0
SAL51291,Reedy,WA,4.0,4418.24,0.0,0.0,0.0
SAL51292,Regans Ford,WA,25.0,335.3,360.0,360.0,360.0
SAL51293,Reinscourt,WA,280.0,12.6,250.0,250.0,250.0
SAL51294,Remlap,WA,0.0,960.47,0.0,0.0,0.0
SAL51295,Reservoir (Wa),WA,0.0,55.22,0.0,0.0,0.0
SAL51296,Ridgewood (Wa),WA,4623.0,2.7,350.0,350.0,350.0
SAL51297,Ringbark,WA,110.0,37.21,180.0,180.0,180.0
SAL51298,Riverton (Wa),WA,6078.0,3.69,400.0,400.0,400.0
SAL51299,Rivervale,WA,10897.0,4.65,350.0,350.0,350.0
SAL51300,Robinson,WA,696.0,17.36,340.0,340.0,340.0
SAL51301,Rockingham (Wa),WA,15312.0,17.95,300.0,300.0,300.0
SAL51302,Rocklea (Wa),WA,150.0,7073.96,100.0,100.0,100.0
SAL51303,Rockwell,WA,4.0,62.2,0.0,0.0,0.0
SAL51304,Rocky Gully (Wa),WA,92.0,1305.53,160.0,160.0,160.0
SAL51305,Roebourne,WA,975.0,186.02,150.0,150.0,150.0
SAL51306,Roebuck,WA,606.0,6034.51,250.0,250.0,250.0
SAL51307,Roelands,WA,938.0,136.43,320.0,320.0,320.0
SAL51308,Roleystone,WA,6848.0,53.86,350.0,350.0,350.0
SAL51309,Rosa Brook,WA,216.0,95.38,350.0,350.0,350.0
SAL51310,Rosa Glen,WA,188.0,96.77,200.0,200.0,200.0
SAL51311,Rossmore (Wa),WA,23.0,82.96,250.0,250.0,250.0
SAL51312,Rossmoyne,WA,3638.0,2.29,465.0,465.0,465.0
SAL51313,Rothsay,WA,197.0,4598.6,0.0,0.0,0.0
SAL51314,Rottnest Island,WA,166.0,26.81,113.0,113.0,113.0
SAL51315,Ruabon,WA,82.0,45.77,400.0,400.0,400.0
SAL51316,Rudds Gully,WA,238.0,24.5,300.0,300.0,300.0
SAL51317,Ryansbrook,WA,56.0,244.29,280.0,280.0,280.0
SAL51318,Sabina River,WA,79.0,26.8,150.0,150.0,150.0
SAL51319,Safety Bay,WA,7662.0,6.48,310.0,310.0,310.0
SAL51320,Salmon Gums,WA,146.0,3953.68,104.0,104.0,104.0
SAL51321,Salter Point,WA,2913.0,2.57,450.0,450.0,450.0
SAL51322,Samson,WA,1881.0,1.53,380.0,380.0,380.0
SAL51323,San Remo (Wa),WA,1022.0,1.14,398.0,398.0,398.0
SAL51324,Sandpatch,WA,0.0,34.33,0.0,0.0,0.0
SAL51325,Sandsprings,WA,9.0,47.93,0.0,0.0,0.0
SAL51326,Sandstone,WA,109.0,42249.55,70.0,70.0,70.0
SAL51327,Sandy Gully (Wa),WA,110.0,369.88,150.0,150.0,150.0
SAL51328,Sawyers Valley,WA,1001.0,236.06,440.0,440.0,440.0
SAL51329,Scaddan,WA,96.0,1411.55,0.0,0.0,0.0
SAL51330,Scarborough (Wa),WA,17605.0,6.94,405.0,405.0,405.0
SAL51331,Schroeder,WA,0.0,776.1,50.0,50.0,50.0
SAL51332,Scotsdale,WA,529.0,225.85,300.0,300.0,300.0
SAL51333,Scott River,WA,46.0,199.4,200.0,200.0,200.0
SAL51334,Scott River East,WA,68.0,826.92,300.0,300.0,300.0
SAL51335,Scotts Brook,WA,89.0,552.53,200.0,200.0,200.0
SAL51336,Seabird,WA,107.0,17.63,280.0,280.0,280.0
SAL51337,Secret Harbour,WA,12474.0,9.21,380.0,380.0,380.0
SAL51338,Seppings,WA,177.0,2.3,320.0,320.0,320.0
SAL51339,Serpentine (Wa),WA,2863.0,147.45,348.0,348.0,348.0
SAL51340,Seville Grove,WA,11408.0,6.07,330.0,330.0,330.0
SAL51341,Shackleton,WA,114.0,745.18,138.0,138.0,138.0
SAL51342,Shadforth (Wa),WA,715.0,67.38,340.0,340.0,340.0
SAL51343,Shannon (Wa),WA,14.0,996.25,190.0,190.0,190.0
SAL51344,Shark Bay,WA,0.0,76.16,0.0,0.0,0.0
SAL51345,Shelley (Wa),WA,4795.0,2.98,380.0,380.0,380.0
SAL51346,Shenton Park,WA,4638.0,4.63,420.0,420.0,420.0
SAL51347,Sherlock (Wa),WA,0.0,6982.54,0.0,0.0,0.0
SAL51348,Shoalwater (Wa),WA,4368.0,3.61,260.0,260.0,260.0
SAL51349,Shotts,WA,9.0,110.16,0.0,0.0,0.0
SAL51350,Siesta Park,WA,60.0,1.56,300.0,300.0,300.0
SAL51351,Silver Sands,WA,1451.0,1.75,340.0,340.0,340.0
SAL51352,Sinagra,WA,3100.0,2.48,400.0,400.0,400.0
SAL51353,Sinclair,WA,765.0,1.73,270.0,270.0,270.0
SAL51354,Singleton (Wa),WA,4021.0,5.09,370.0,370.0,370.0
SAL51355,Sir Samuel,WA,35.0,4384.91,0.0,0.0,0.0
SAL51356,Skeleton Rock,WA,0.0,1425.23,0.0,0.0,0.0
SAL51357,Smith Brook,WA,59.0,51.21,111.0,111.0,111.0
SAL51358,Solus,WA,0.0,305.25,0.0,0.0,0.0
SAL51359,Somerville (Wa),WA,4165.0,6.19,330.0,330.0,330.0
SAL51360,Sorrento (Wa),WA,7795.0,4.94,480.0,480.0,480.0
SAL51361,South Bodallin,WA,20.0,620.63,150.0,150.0,150.0
SAL51362,South Boulder,WA,1506.0,10.64,300.0,300.0,300.0
SAL51363,South Bunbury,WA,8810.0,9.29,300.0,300.0,300.0
SAL51364,South Burracoppin,WA,30.0,506.09,0.0,0.0,0.0
SAL51365,South Carnarvon,WA,909.0,2.43,250.0,250.0,250.0
SAL51366,South Datatine,WA,20.0,129.25,0.0,0.0,0.0
SAL51367,South Doodlakine,WA,47.0,333.37,0.0,0.0,0.0
SAL51368,South Fremantle,WA,3398.0,2.13,450.0,450.0,450.0
SAL51369,South Glencoe,WA,10.0,132.47,0.0,0.0,0.0
SAL51370,South Greenough,WA,116.0,84.64,220.0,220.0,220.0
SAL51371,South Guildford,WA,3781.0,7.21,400.0,400.0,400.0
SAL51372,South Hedland,WA,11046.0,25.47,240.0,240.0,240.0
SAL51373,South Kalgoorlie,WA,4416.0,4.17,300.0,300.0,300.0
SAL51374,South Kukerin,WA,20.0,328.3,0.0,0.0,0.0
SAL51375,South Kumminin,WA,85.0,1289.67,60.0,60.0,60.0
SAL51376,South Kununoppin,WA,18.0,327.93,200.0,200.0,200.0
SAL51377,South Lake,WA,5831.0,4.5,350.0,350.0,350.0
SAL51378,South Lake Grace,WA,23.0,569.3,250.0,250.0,250.0
SAL51379,South Murchison,WA,73.0,14728.91,138.0,138.0,138.0
SAL51380,South Newdegate,WA,43.0,840.86,0.0,0.0,0.0
SAL51381,South Perth,WA,12596.0,7.19,375.0,375.0,375.0
SAL51382,South Plantations,WA,188.0,11.09,218.0,218.0,218.0
SAL51383,South Quairading,WA,54.0,472.97,0.0,0.0,0.0
SAL51384,South Stirling,WA,22.0,219.21,108.0,108.0,108.0
SAL51385,South Tammin,WA,126.0,657.81,100.0,100.0,100.0
SAL51386,South Trayning,WA,29.0,508.5,200.0,200.0,200.0
SAL51387,South Yelbeni,WA,25.0,323.96,135.0,135.0,135.0
SAL51388,South Yilgarn,WA,15.0,1023.1,0.0,0.0,0.0
SAL51389,South Yuna,WA,12.0,131.11,0.0,0.0,0.0
SAL51390,South Yunderup,WA,3860.0,33.02,335.0,335.0,335.0
SAL51391,Southampton (Wa),WA,84.0,183.68,370.0,370.0,370.0
SAL51392,Southern Brook,WA,91.0,156.12,150.0,150.0,150.0
SAL51393,Southern Cross (Wa),WA,572.0,762.02,150.0,150.0,150.0
SAL51394,Southern River,WA,12852.0,18.47,420.0,420.0,420.0
SAL51395,Spalding (Wa),WA,1992.0,5.81,220.0,220.0,220.0
SAL51396,Spearwood,WA,10944.0,8.52,350.0,350.0,350.0
SAL51397,Spencer Park,WA,3445.0,3.3,290.0,290.0,290.0
SAL51398,Spencers Brook,WA,84.0,73.8,200.0,200.0,200.0
SAL51399,Springfield (Wa),WA,276.0,19.3,250.0,250.0,250.0
SAL51400,Springs,WA,12.0,95.26,0.0,0.0,0.0
SAL51401,St George Ranges,WA,1133.0,36297.48,70.0,70.0,70.0
SAL51402,St James (Wa),WA,4894.0,2.32,330.0,330.0,330.0
SAL51403,St Ronans,WA,66.0,137.66,300.0,300.0,300.0
SAL51404,Stake Hill,WA,469.0,12.76,300.0,300.0,300.0
SAL51405,Stirling (Wa),WA,10165.0,6.75,410.0,410.0,410.0
SAL51406,Stirling Estate,WA,161.0,41.42,230.0,230.0,230.0
SAL51407,Stirling Range National Park,WA,0.0,1651.4,0.0,0.0,0.0
SAL51408,Stoneville,WA,2489.0,25.61,389.0,389.0,389.0
SAL51409,Stove Hill,WA,6.0,37.52,0.0,0.0,0.0
SAL51410,Strathalbyn (Wa),WA,1165.0,2.2,318.0,318.0,318.0
SAL51411,Stratham,WA,793.0,58.4,420.0,420.0,420.0
SAL51412,Stratherne,WA,9.0,64.57,200.0,200.0,200.0
SAL51413,Stratton,WA,3267.0,3.6,310.0,310.0,310.0
SAL51414,Strelley,WA,41.0,927.4,0.0,0.0,0.0
SAL51415,Sturt Creek,WA,330.0,23861.04,75.0,75.0,75.0
SAL51416,Subiaco,WA,9940.0,4.36,438.0,438.0,438.0
SAL51417,Success,WA,11340.0,8.46,400.0,400.0,400.0
SAL51418,Sunnyside (Wa),WA,100.0,114.11,245.0,245.0,245.0
SAL51419,Sunset Beach,WA,1558.0,2.34,310.0,310.0,310.0
SAL51420,Swan View,WA,7889.0,10.35,320.0,320.0,320.0
SAL51421,Swanbourne,WA,4592.0,7.32,470.0,470.0,470.0
SAL51422,Takalarup,WA,127.0,653.6,100.0,100.0,100.0
SAL51423,Talandji,WA,82.0,6641.71,400.0,400.0,400.0
SAL51424,Talbot (Wa),WA,114.0,251.42,300.0,300.0,300.0
SAL51425,Talbot West,WA,26.0,78.43,180.0,180.0,180.0
SAL51426,Talgomine,WA,25.0,230.61,0.0,0.0,0.0
SAL51427,Talisker,WA,0.0,3601.21,0.0,0.0,0.0
SAL51428,Tamala,WA,5.0,1768.5,0.0,0.0,0.0
SAL51429,Tamala Park,WA,0.0,4.0,0.0,0.0,0.0
SAL51430,Tambellup,WA,281.0,7.9,172.0,172.0,172.0
SAL51431,Tammin,WA,129.0,0.88,168.0,168.0,168.0
SAL51432,Tampu,WA,18.0,774.25,0.0,0.0,0.0
SAL51433,Tanami (Wa),WA,487.0,65655.02,60.0,60.0,60.0
SAL51434,Tandegin,WA,16.0,521.18,200.0,200.0,200.0
SAL51435,Tapping,WA,9547.0,4.81,430.0,430.0,430.0
SAL51436,Tarcoola Beach,WA,1360.0,1.54,300.0,300.0,300.0
SAL51437,Tardun,WA,23.0,825.98,200.0,200.0,200.0
SAL51438,Tarin Rock,WA,36.0,440.58,0.0,0.0,0.0
SAL51439,Teesdale (Wa),WA,89.0,66.11,200.0,200.0,200.0
SAL51440,Telfer,WA,657.0,206423.7,50.0,50.0,50.0
SAL51441,Tenindewa,WA,54.0,941.74,0.0,0.0,0.0
SAL51442,Tenterden (Wa),WA,240.0,610.53,160.0,160.0,160.0
SAL51443,The Lakes,WA,20.0,42.23,0.0,0.0,0.0
SAL51444,The Plains,WA,52.0,93.42,240.0,240.0,240.0
SAL51445,The Spectacles,WA,0.0,6.39,0.0,0.0,0.0
SAL51446,The Vines,WA,5848.0,8.96,430.0,430.0,430.0
SAL51447,Thomson Brook,WA,89.0,125.12,200.0,200.0,200.0
SAL51448,Thornlie,WA,23665.0,16.19,330.0,330.0,330.0
SAL51449,Three Springs,WA,356.0,1.42,115.0,115.0,115.0
SAL51450,Throssell,WA,88.0,149.38,150.0,150.0,150.0
SAL51451,Tibradden,WA,3.0,60.12,280.0,280.0,280.0
SAL51452,Tincurrin,WA,48.0,353.18,100.0,100.0,100.0
SAL51453,Tingledale,WA,57.0,76.83,90.0,90.0,90.0
SAL51454,Tjirrkarli,WA,4.0,19.52,65.0,65.0,65.0
SAL51455,Tjukurla,WA,41.0,10.73,70.0,70.0,70.0
SAL51456,Tom Price,WA,2910.0,87.07,48.0,48.0,48.0
SAL51457,Tonebridge,WA,20.0,362.64,0.0,0.0,0.0
SAL51458,Toodyay,WA,1362.0,85.14,280.0,280.0,280.0
SAL51459,Toolibin,WA,21.0,299.84,200.0,200.0,200.0
SAL51460,Toolonga,WA,0.0,5234.12,0.0,0.0,0.0
SAL51461,Toompup,WA,26.0,385.7,150.0,150.0,150.0
SAL51462,Torbay,WA,378.0,152.81,200.0,200.0,200.0
SAL51463,Torndirrup,WA,395.0,78.5,211.0,211.0,211.0
SAL51464,Townsendale,WA,22.0,118.69,400.0,400.0,400.0
SAL51465,Trafalgar (Wa),WA,0.0,16.19,0.0,0.0,0.0
SAL51466,Trayning,WA,112.0,2.16,120.0,120.0,120.0
SAL51467,Treeby,WA,4214.0,11.52,450.0,450.0,450.0
SAL51468,Treeton,WA,153.0,172.28,230.0,230.0,230.0
SAL51469,Trent,WA,0.0,561.36,0.0,0.0,0.0
SAL51470,Trigg,WA,2855.0,3.31,485.0,485.0,485.0
SAL51471,Trigwell,WA,31.0,235.71,100.0,100.0,100.0
SAL51472,Tuart Hill,WA,7541.0,3.03,320.0,320.0,320.0
SAL51473,Turkey Hill,WA,9.0,737.84,0.0,0.0,0.0
SAL51474,Tutunup,WA,75.0,60.08,330.0,330.0,330.0
SAL51475,Two Rocks,WA,3822.0,71.47,330.0,330.0,330.0
SAL51476,Ucarty,WA,78.0,345.66,0.0,0.0,0.0
SAL51477,Ucarty West,WA,38.0,158.78,200.0,200.0,200.0
SAL51478,Uduc,WA,374.0,103.73,250.0,250.0,250.0
SAL51479,Ularring,WA,51.0,35114.65,0.0,0.0,0.0
SAL51480,Upper Capel,WA,177.0,156.54,300.0,300.0,300.0
SAL51481,Upper Murray,WA,0.0,149.85,0.0,0.0,0.0
SAL51482,Upper Swan,WA,549.0,28.26,300.0,300.0,300.0
SAL51483,Upper Warren,WA,55.0,140.49,47.0,47.0,47.0
SAL51484,Useless Loop,WA,134.0,1042.71,400.0,400.0,400.0
SAL51485,Usher,WA,2137.0,5.54,300.0,300.0,300.0
SAL51486,Utakarra,WA,1467.0,6.45,240.0,240.0,240.0
SAL51487,Vancouver Peninsula,WA,4.0,5.59,160.0,160.0,160.0
SAL51488,Varley,WA,44.0,1011.43,151.0,151.0,151.0
SAL51489,Vasse,WA,2853.0,52.24,420.0,420.0,420.0
SAL51490,Victoria Park,WA,9334.0,3.65,345.0,345.0,345.0
SAL51491,Victoria Rock,WA,0.0,12990.39,0.0,0.0,0.0
SAL51492,Victory Heights (Wa),WA,772.0,1.17,280.0,280.0,280.0
SAL51493,Vittoria (Wa),WA,0.0,11.37,0.0,0.0,0.0
SAL51494,Viveash,WA,1280.0,2.07,340.0,340.0,340.0
SAL51495,Wadderin,WA,100.0,936.39,200.0,200.0,200.0
SAL51496,Waddington,WA,26.0,221.96,170.0,170.0,170.0
SAL51497,Waddy Forest,WA,30.0,479.85,0.0,0.0,0.0
SAL51498,Waeel,WA,51.0,346.99,250.0,250.0,250.0
SAL51499,Wagerup,WA,52.0,220.7,300.0,300.0,300.0
SAL51500,Waggrakine,WA,2679.0,40.68,290.0,290.0,290.0
SAL51501,Wagin,WA,1448.0,360.98,195.0,195.0,195.0
SAL51502,Waikiki,WA,12453.0,14.38,320.0,320.0,320.0
SAL51503,Walebing,WA,39.0,387.29,0.0,0.0,0.0
SAL51504,Walgoolan,WA,64.0,726.01,200.0,200.0,200.0
SAL51505,Walkaway,WA,222.0,148.24,250.0,250.0,250.0
SAL51506,Wallareenya,WA,0.0,699.7,0.0,0.0,0.0
SAL51507,Wallaroo (Wa),WA,0.0,6763.96,0.0,0.0,0.0
SAL51508,Walliston,WA,1016.0,5.36,350.0,350.0,350.0
SAL51509,Walmsley,WA,47.0,15.76,250.0,250.0,250.0
SAL51510,Walpole,WA,429.0,73.86,221.0,221.0,221.0
SAL51511,Walsall,WA,82.0,32.66,226.0,226.0,226.0
SAL51512,Walyormouring,WA,36.0,336.51,140.0,140.0,140.0
SAL51513,Walyunga National Park,WA,0.0,24.88,0.0,0.0,0.0
SAL51514,Walyurin,WA,32.0,581.34,190.0,190.0,190.0
SAL51515,Wamenusking,WA,21.0,324.58,0.0,0.0,0.0
SAL51516,Wanarn,WA,117.0,6.72,75.0,75.0,75.0
SAL51517,Wandana (Wa),WA,14.0,1097.19,0.0,0.0,0.0
SAL51518,Wandering,WA,391.0,467.61,200.0,200.0,200.0
SAL51519,Wandi,WA,4324.0,17.4,410.0,410.0,410.0
SAL51520,Wandillup,WA,64.0,199.47,243.0,243.0,243.0
SAL51521,Wandina,WA,4375.0,4.2,340.0,340.0,340.0
SAL51522,Wanerie,WA,137.0,164.45,265.0,265.0,265.0
SAL51523,Wangara,WA,43.0,7.81,360.0,360.0,360.0
SAL51524,Wannamal,WA,134.0,385.7,243.0,243.0,243.0
SAL51525,Wannanup,WA,4142.0,4.44,363.0,363.0,363.0
SAL51526,Wanneroo,WA,12113.0,28.43,350.0,350.0,350.0
SAL51527,Wansbrough,WA,60.0,528.05,0.0,0.0,0.0
SAL51528,Warakurna,WA,185.0,2.49,70.0,70.0,70.0
SAL51529,Warawarrup,WA,137.0,19.05,265.0,265.0,265.0
SAL51530,Warburton (Wa),WA,511.0,3479.3,63.0,63.0,63.0
SAL51531,Wardering,WA,26.0,112.03,0.0,0.0,0.0
SAL51532,Warding East,WA,55.0,294.56,225.0,225.0,225.0
SAL51533,Warmun,WA,457.0,22.29,90.0,90.0,90.0
SAL51534,Warnbro,WA,10828.0,19.54,320.0,320.0,320.0
SAL51535,Warner Glen,WA,63.0,41.38,250.0,250.0,250.0
SAL51536,Waroona,WA,2868.0,342.18,270.0,270.0,270.0
SAL51537,Warrachuppin,WA,14.0,611.5,0.0,0.0,0.0
SAL51538,Warradarge,WA,66.0,1337.89,0.0,0.0,0.0
SAL51539,Warralakin,WA,26.0,773.69,0.0,0.0,0.0
SAL51540,Warrenup,WA,800.0,11.63,300.0,300.0,300.0
SAL51541,Warwick (Wa),WA,3858.0,4.24,420.0,420.0,420.0
SAL51542,Waterbank,WA,110.0,7389.82,200.0,200.0,200.0
SAL51543,Watercarrin,WA,28.0,285.94,125.0,125.0,125.0
SAL51544,Waterford (Wa),WA,2460.0,2.17,410.0,410.0,410.0
SAL51545,Waterloo (Wa),WA,144.0,45.48,250.0,250.0,250.0
SAL51546,Watermans Bay,WA,1369.0,1.69,410.0,410.0,410.0
SAL51547,Watheroo,WA,137.0,1039.75,160.0,160.0,160.0
SAL51548,Wattening,WA,61.0,262.08,450.0,450.0,450.0
SAL51549,Wattle Grove (Wa),WA,6547.0,11.61,430.0,430.0,430.0
SAL51550,Wattleup,WA,443.0,15.91,375.0,375.0,375.0
SAL51551,Wattoning,WA,24.0,265.91,0.0,0.0,0.0
SAL51552,Webberton,WA,158.0,3.29,220.0,220.0,220.0
SAL51553,Wedge Island (Wa),WA,18.0,292.75,0.0,0.0,0.0
SAL51554,Wedgecarrup,WA,80.0,513.59,100.0,100.0,100.0
SAL51555,Wedgefield,WA,127.0,20.29,762.0,762.0,762.0
SAL51556,Welbungin,WA,35.0,760.43,0.0,0.0,0.0
SAL51557,Weld Range,WA,69.0,5761.91,0.0,0.0,0.0
SAL51558,Wellard,WA,14127.0,22.91,350.0,350.0,350.0
SAL51559,Wellesley (Wa),WA,35.0,71.57,200.0,200.0,200.0
SAL51560,Wellington Forest,WA,13.0,263.06,0.0,0.0,0.0
SAL51561,Wellington Mill,WA,151.0,19.44,305.0,305.0,305.0
SAL51562,Wellstead,WA,78.0,637.49,104.0,104.0,104.0
SAL51563,Welshpool (Wa),WA,16.0,11.59,265.0,265.0,265.0
SAL51564,Wembley,WA,12061.0,5.95,290.0,290.0,290.0
SAL51565,Wembley Downs,WA,6743.0,6.11,470.0,470.0,470.0
SAL51566,West Ballidu,WA,44.0,464.65,0.0,0.0,0.0
SAL51567,West Beach (Wa),WA,1483.0,33.68,350.0,350.0,350.0
SAL51568,West Binnu,WA,21.0,403.72,0.0,0.0,0.0
SAL51569,West Busselton,WA,8869.0,11.82,340.0,340.0,340.0
SAL51570,West Cape Howe,WA,5.0,35.81,0.0,0.0,0.0
SAL51571,West Casuarinas,WA,29.0,894.99,0.0,0.0,0.0
SAL51572,West Coolup,WA,182.0,109.05,425.0,425.0,425.0
SAL51573,West End (Wa),WA,536.0,3.09,225.0,225.0,225.0
SAL51574,West Fitzgerald,WA,20.0,952.65,0.0,0.0,0.0
SAL51575,West Holleton,WA,36.0,601.79,38.0,38.0,38.0
SAL51576,West Kalgoorlie,WA,32.0,2.59,475.0,475.0,475.0
SAL51577,West Lamington,WA,1373.0,3.85,350.0,350.0,350.0
SAL51578,West Leederville,WA,4340.0,2.08,400.0,400.0,400.0
SAL51579,West Lyons River,WA,0.0,24197.84,0.0,0.0,0.0
SAL51580,West Perth,WA,6102.0,3.04,400.0,400.0,400.0
SAL51581,West Pingelly,WA,100.0,507.04,120.0,120.0,120.0
SAL51582,West Pinjarra,WA,448.0,84.2,330.0,330.0,330.0
SAL51583,West Popanyinning,WA,59.0,151.56,100.0,100.0,100.0
SAL51584,West River,WA,71.0,1635.35,0.0,0.0,0.0
SAL51585,West Swan,WA,786.0,9.69,350.0,350.0,350.0
SAL51586,West Toodyay,WA,497.0,83.38,300.0,300.0,300.0
SAL51587,Westdale (Wa),WA,93.0,268.32,107.0,107.0,107.0
SAL51588,Westminster,WA,7042.0,3.21,330.0,330.0,330.0
SAL51589,Westonia,WA,129.0,420.64,85.0,85.0,85.0
SAL51590,Westwood (Wa),WA,34.0,234.78,162.0,162.0,162.0
SAL51591,Whim Creek,WA,5.0,34.89,0.0,0.0,0.0
SAL51592,Whitby,WA,1005.0,24.51,360.0,360.0,360.0
SAL51593,White Gum Valley,WA,3358.0,1.63,320.0,320.0,320.0
SAL51594,White Peak,WA,587.0,45.66,250.0,250.0,250.0
SAL51595,Whiteman,WA,10.0,38.73,120.0,120.0,120.0
SAL51596,Whittaker,WA,9.0,123.37,0.0,0.0,0.0
SAL51597,Wialki,WA,45.0,1200.11,0.0,0.0,0.0
SAL51598,Wicherina,WA,4.0,96.27,0.0,0.0,0.0
SAL51599,Wicherina South,WA,0.0,90.74,0.0,0.0,0.0
SAL51600,Wickepin,WA,380.0,532.09,150.0,150.0,150.0
SAL51601,Wickham (Wa),WA,2022.0,26.93,115.0,115.0,115.0
SAL51602,Widgiemooltha,WA,28.0,8202.71,180.0,180.0,180.0
SAL51603,Wijilawarrim,WA,21.0,1617.19,45.0,45.0,45.0
SAL51604,Wilberforce (Wa),WA,21.0,197.09,100.0,100.0,100.0
SAL51605,Wilbinga,WA,8.0,182.92,250.0,250.0,250.0
SAL51606,Wilga,WA,71.0,91.08,200.0,200.0,200.0
SAL51607,Wilga West,WA,18.0,261.43,0.0,0.0,0.0
SAL51608,Wilgarrup,WA,16.0,58.72,300.0,300.0,300.0
SAL51609,Wilgoyne,WA,38.0,626.97,0.0,0.0,0.0
SAL51610,Willagee,WA,5447.0,2.92,283.0,283.0,283.0
SAL51611,Willare,WA,127.0,3945.44,93.0,93.0,93.0
SAL51612,Willetton,WA,19262.0,12.21,400.0,400.0,400.0
SAL51613,William Bay,WA,164.0,72.91,275.0,275.0,275.0
SAL51614,Williams,WA,996.0,3051.03,200.0,200.0,200.0
SAL51615,Williamstown (Wa),WA,124.0,5.94,215.0,215.0,215.0
SAL51616,Willyung,WA,635.0,53.94,250.0,250.0,250.0
SAL51617,Wilson,WA,6608.0,5.55,350.0,350.0,350.0
SAL51618,Wiluna,WA,521.0,45082.56,118.0,118.0,118.0
SAL51619,Wilyabrup,WA,193.0,117.46,250.0,250.0,250.0
SAL51620,Windabout,WA,124.0,5.86,475.0,475.0,475.0
SAL51621,Windy Harbour,WA,30.0,323.57,0.0,0.0,0.0
SAL51622,Winnejup,WA,176.0,233.5,240.0,240.0,240.0
SAL51623,Winthrop,WA,6020.0,4.86,545.0,545.0,545.0
SAL51624,Witchcliffe,WA,484.0,79.7,300.0,300.0,300.0
SAL51625,Withers,WA,2979.0,6.28,240.0,240.0,240.0
SAL51626,Wittenoom,WA,0.0,414.11,0.0,0.0,0.0
SAL51627,Wittenoom Hills,WA,16.0,791.94,0.0,0.0,0.0
SAL51628,Wogolin,WA,21.0,293.45,220.0,220.0,220.0
SAL51629,Wokalup,WA,255.0,115.5,293.0,293.0,293.0
SAL51630,Womarden,WA,32.0,503.91,143.0,143.0,143.0
SAL51631,Wongamine,WA,39.0,38.36,280.0,280.0,280.0
SAL51632,Wongan Hills,WA,896.0,321.52,180.0,180.0,180.0
SAL51633,Wongoondy,WA,29.0,656.21,0.0,0.0,0.0
SAL51634,Wonnerup,WA,196.0,25.47,310.0,310.0,310.0
SAL51635,Wonthella,WA,1711.0,4.84,230.0,230.0,230.0
SAL51636,Woodanilling,WA,207.0,114.51,150.0,150.0,150.0
SAL51637,Woodbridge (Wa),WA,1207.0,1.93,325.0,325.0,325.0
SAL51638,Woodlands (Wa),WA,4551.0,2.69,420.0,420.0,420.0
SAL51639,Woodleigh (Wa),WA,0.0,2901.72,0.0,0.0,0.0
SAL51640,Woodridge (Wa),WA,639.0,23.46,380.0,380.0,380.0
SAL51641,Woodvale (Wa),WA,9579.0,10.22,480.0,480.0,480.0
SAL51642,Woogenellup,WA,116.0,481.45,150.0,150.0,150.0
SAL51643,Woolgorong,WA,0.0,1804.22,0.0,0.0,0.0
SAL51644,Woolocutty,WA,34.0,568.53,0.0,0.0,0.0
SAL51645,Wooramel,WA,33.0,8958.5,827.0,827.0,827.0
SAL51646,Wooroloo,WA,2613.0,65.71,360.0,360.0,360.0
SAL51647,Woorree,WA,1295.0,6.68,300.0,300.0,300.0
SAL51648,Woottating,WA,65.0,232.32,399.0,399.0,399.0
SAL51649,Worsley,WA,39.0,306.4,0.0,0.0,0.0
SAL51650,Wubin,WA,90.0,641.55,165.0,165.0,165.0
SAL51651,Wundowie,WA,1372.0,76.53,250.0,250.0,250.0
SAL51652,Wungong,WA,370.0,5.79,440.0,440.0,440.0
SAL51653,Wuraming,WA,0.0,495.2,0.0,0.0,0.0
SAL51654,Wyalkatchem,WA,358.0,702.18,155.0,155.0,155.0
SAL51655,Wyening,WA,19.0,190.57,250.0,250.0,250.0
SAL51656,Wyndham (Wa),WA,941.0,1022.45,150.0,150.0,150.0
SAL51657,Wyola West,WA,18.0,230.23,150.0,150.0,150.0
SAL51658,Xantippe,WA,14.0,332.37,0.0,0.0,0.0
SAL51659,Yabberup,WA,162.0,98.55,300.0,300.0,300.0
SAL51660,Yakamia,WA,3025.0,4.89,320.0,320.0,320.0
SAL51661,Yalardy,WA,0.0,1259.99,0.0,0.0,0.0
SAL51662,Yalgoo,WA,313.0,21959.73,150.0,150.0,150.0
SAL51663,Yallabatharra,WA,79.0,1249.04,200.0,200.0,200.0
SAL51664,Yallingup,WA,1195.0,107.65,400.0,400.0,400.0
SAL51665,Yallingup Siding,WA,324.0,29.37,620.0,620.0,620.0
SAL51666,Yalyalup,WA,2950.0,46.64,418.0,418.0,418.0
SAL51667,Yanchep,WA,11022.0,301.4,340.0,340.0,340.0
SAL51668,Yandanooka,WA,30.0,314.56,0.0,0.0,0.0
SAL51669,Yandoo Creek,WA,3.0,4544.17,0.0,0.0,0.0
SAL51670,Yangebup,WA,7631.0,8.42,350.0,350.0,350.0
SAL51671,Yanmah,WA,145.0,118.94,200.0,200.0,200.0
SAL51672,Yannarie,WA,15.0,11834.58,0.0,0.0,0.0
SAL51673,Yarawindah,WA,23.0,274.23,270.0,270.0,270.0
SAL51674,Yardarino,WA,48.0,299.72,0.0,0.0,0.0
SAL51675,Yarloop,WA,541.0,130.96,270.0,270.0,270.0
SAL51676,Yarragadee,WA,29.0,313.56,0.0,0.0,0.0
SAL51677,Yathroo,WA,82.0,848.63,0.0,0.0,0.0
SAL51678,Yeagarup,WA,92.0,535.92,170.0,170.0,170.0
SAL51679,Yeal,WA,0.0,269.79,0.0,0.0,0.0
SAL51680,Yealering,WA,91.0,245.23,100.0,100.0,100.0
SAL51681,Yelbeni,WA,0.0,2.21,0.0,0.0,0.0
SAL51682,Yellowdine,WA,0.0,2413.37,0.0,0.0,0.0
SAL51683,Yelverton,WA,72.0,49.74,246.0,246.0,246.0
SAL51684,Yerecoin,WA,67.0,220.14,168.0,168.0,168.0
SAL51685,Yetna,WA,27.0,84.66,260.0,260.0,260.0
SAL51686,Yilliminning,WA,47.0,265.79,200.0,200.0,200.0
SAL51687,Yoganup,WA,15.0,557.55,0.0,0.0,0.0
SAL51688,Yokine,WA,12706.0,6.75,325.0,325.0,325.0
SAL51689,Yoongarillup,WA,79.0,38.27,270.0,270.0,270.0
SAL51690,York,WA,2393.0,24.03,260.0,260.0,260.0
SAL51691,Yornaning,WA,49.0,162.59,165.0,165.0,165.0
SAL51692,Yornup,WA,94.0,208.76,150.0,150.0,150.0
SAL51693,Yoting,WA,17.0,161.03,250.0,250.0,250.0
SAL51694,Youndegin,WA,33.0,215.83,0.0,0.0,0.0
SAL51695,Youngs Siding,WA,314.0,159.57,255.0,255.0,255.0
SAL51696,Yourdamung Lake,WA,14.0,803.06,0.0,0.0,0.0
SAL51697,Yuna,WA,43.0,450.6,0.0,0.0,0.0
SAL51698,Zanthus,WA,0.0,17066.97,0.0,0.0,0.0
SAL51699,Zuytdorp,WA,0.0,2171.76,0.0,0.0,0.0
SAL59494,No Usual Address (Wa),WA,8055.0,,0.0,0.0,0.0
SAL59797,Migratory - Offshore - Shipping (Wa),WA,514.0,,0.0,0.0,0.0
SAL60001,Abbotsham,TAS,89.0,14.42,230.0,230.0,230.0
SAL60002,Abels Bay,TAS,127.0,9.82,200.0,200.0,200.0
SAL60003,Aberdeen (Tas.),TAS,268.0,7.49,265.0,265.0,265.0
SAL60004,Acacia Hills (Tas.),TAS,729.0,34.13,250.0,250.0,250.0
SAL60005,Acton (Tas.),TAS,1377.0,1.68,240.0,240.0,240.0
SAL60006,Acton Park (Tas.),TAS,2293.0,35.76,350.0,350.0,350.0
SAL60007,Adventure Bay,TAS,218.0,21.62,300.0,300.0,300.0
SAL60008,Akaroa,TAS,130.0,9.69,255.0,255.0,255.0
SAL60009,Alberton (Tas.),TAS,14.0,58.4,150.0,150.0,150.0
SAL60010,Alcomie,TAS,58.0,56.71,200.0,200.0,200.0
SAL60011,Allens Rivulet,TAS,506.0,22.4,240.0,240.0,240.0
SAL60012,Alonnah,TAS,164.0,28.73,190.0,190.0,190.0
SAL60013,Ambleside,TAS,695.0,1.93,285.0,285.0,285.0
SAL60014,Andover,TAS,39.0,134.51,225.0,225.0,225.0
SAL60015,Ansons Bay,TAS,62.0,404.05,50.0,50.0,50.0
SAL60016,Antill Ponds,TAS,13.0,73.86,200.0,200.0,200.0
SAL60017,Apollo Bay (Tas.),TAS,38.0,4.32,255.0,255.0,255.0
SAL60018,Apslawn,TAS,15.0,137.92,320.0,320.0,320.0
SAL60019,Apsley (Tas.),TAS,44.0,125.48,57.0,57.0,57.0
SAL60020,Arthur River (Tas.),TAS,32.0,67.93,58.0,58.0,58.0
SAL60021,Arthurs Lake,TAS,9.0,390.04,0.0,0.0,0.0
SAL60022,Austins Ferry,TAS,2395.0,3.96,364.0,364.0,364.0
SAL60023,Avoca (Tas.),TAS,192.0,709.03,180.0,180.0,180.0
SAL60024,Baden,TAS,43.0,37.61,0.0,0.0,0.0
SAL60025,Badger Head,TAS,62.0,61.97,0.0,0.0,0.0
SAL60026,Bagdad,TAS,1482.0,131.27,350.0,350.0,350.0
SAL60027,Bakers Beach,TAS,72.0,178.33,50.0,50.0,50.0
SAL60028,Banca,TAS,6.0,215.41,0.0,0.0,0.0
SAL60029,Bangor (Tas.),TAS,77.0,23.08,220.0,220.0,220.0
SAL60030,Barnes Bay,TAS,28.0,0.79,0.0,0.0,0.0
SAL60031,Barretta,TAS,63.0,1.63,155.0,155.0,155.0
SAL60032,Barrington (Tas.),TAS,209.0,43.15,330.0,330.0,330.0
SAL60033,Battery Point,TAS,2096.0,1.26,450.0,450.0,450.0
SAL60034,Beaconsfield (Tas.),TAS,1362.0,155.07,230.0,230.0,230.0
SAL60035,Beaumaris (Tas.),TAS,362.0,27.19,250.0,250.0,250.0
SAL60036,Beauty Point,TAS,1285.0,17.74,260.0,260.0,260.0
SAL60037,Beechford,TAS,111.0,26.95,210.0,210.0,210.0
SAL60038,Bell Bay,TAS,5.0,17.54,277.0,277.0,277.0
SAL60039,Bellerive,TAS,4945.0,5.05,360.0,360.0,360.0
SAL60040,Bellingham,TAS,78.0,19.78,215.0,215.0,215.0
SAL60041,Ben Lomond (Tas.),TAS,12.0,326.52,0.0,0.0,0.0
SAL60042,Berriedale,TAS,2905.0,7.7,320.0,320.0,320.0
SAL60043,Beulah (Tas.),TAS,67.0,47.19,190.0,190.0,190.0
SAL60044,Bicheno,TAS,1049.0,207.43,250.0,250.0,250.0
SAL60045,Binalong Bay,TAS,329.0,78.49,265.0,265.0,265.0
SAL60046,Birchs Bay,TAS,116.0,15.03,200.0,200.0,200.0
SAL60047,Birralee,TAS,177.0,76.88,170.0,170.0,170.0
SAL60048,Bishopsbourne,TAS,137.0,61.65,195.0,195.0,195.0
SAL60049,Black Hills,TAS,201.0,101.52,300.0,300.0,300.0
SAL60050,Black River (Tas.),TAS,42.0,52.93,200.0,200.0,200.0
SAL60051,Blackmans Bay,TAS,7688.0,11.61,400.0,400.0,400.0
SAL60052,Blackstone Heights,TAS,1245.0,13.87,370.0,370.0,370.0
SAL60053,Blackwall (Tas.),TAS,303.0,1.17,300.0,300.0,300.0
SAL60054,Blackwood Creek,TAS,120.0,177.68,253.0,253.0,253.0
SAL60055,Blessington,TAS,84.0,217.44,150.0,150.0,150.0
SAL60056,Blue Rocks,TAS,25.0,13.53,0.0,0.0,0.0
SAL60057,Blumont,TAS,29.0,29.08,110.0,110.0,110.0
SAL60058,Boat Harbour (Tas.),TAS,339.0,29.4,300.0,300.0,300.0
SAL60059,Boat Harbour Beach,TAS,89.0,0.58,250.0,250.0,250.0
SAL60060,Bonnet Hill,TAS,515.0,4.15,455.0,455.0,455.0
SAL60061,Boobyalla,TAS,5.0,93.91,46.0,46.0,46.0
SAL60062,Boomer Bay,TAS,117.0,9.46,220.0,220.0,220.0
SAL60063,Bothwell,TAS,499.0,1385.39,198.0,198.0,198.0
SAL60064,Boyer,TAS,58.0,21.23,290.0,290.0,290.0
SAL60065,Bracknell,TAS,493.0,107.72,250.0,250.0,250.0
SAL60066,Bradys Lake,TAS,42.0,69.75,0.0,0.0,0.0
SAL60067,Brandum,TAS,11.0,11.91,0.0,0.0,0.0
SAL60068,Branxholm,TAS,236.0,79.1,240.0,240.0,240.0
SAL60069,Breadalbane (Tas.),TAS,103.0,30.86,180.0,180.0,180.0
SAL60070,Bream Creek,TAS,126.0,108.2,255.0,255.0,255.0
SAL60071,Breona,TAS,10.0,1.54,0.0,0.0,0.0
SAL60072,Bridgenorth,TAS,403.0,86.08,220.0,220.0,220.0
SAL60073,Bridgewater (Tas.),TAS,4592.0,31.99,260.0,260.0,260.0
SAL60074,Bridport,TAS,1742.0,564.07,270.0,270.0,270.0
SAL60075,Brighton (Tas.),TAS,4983.0,53.24,350.0,350.0,350.0
SAL60076,Brittons Swamp,TAS,36.0,44.56,125.0,125.0,125.0
SAL60077,Broadmarsh,TAS,160.0,147.19,285.0,285.0,285.0
SAL60078,Broadmeadows (Tas.),TAS,61.0,15.53,181.0,181.0,181.0
SAL60079,Bronte Park,TAS,49.0,1040.94,0.0,0.0,0.0
SAL60080,Brooklyn (Tas.),TAS,534.0,0.71,233.0,233.0,233.0
SAL60081,Brooks Bay,TAS,51.0,5.05,210.0,210.0,210.0
SAL60082,Buckland (Tas.),TAS,188.0,1045.43,200.0,200.0,200.0
SAL60083,Bungaree (Tas.),TAS,9.0,122.58,150.0,150.0,150.0
SAL60084,Burnie,TAS,693.0,2.37,240.0,240.0,240.0
SAL60085,Burns Creek,TAS,24.0,51.57,0.0,0.0,0.0
SAL60086,Bushy Park (Tas.),TAS,147.0,40.92,200.0,200.0,200.0
SAL60087,Butlers Gorge,TAS,0.0,308.06,0.0,0.0,0.0
SAL60088,Cairns Bay,TAS,47.0,5.1,255.0,255.0,255.0
SAL60089,Calder,TAS,231.0,105.49,220.0,220.0,220.0
SAL60090,Cambridge (Tas.),TAS,1454.0,91.72,410.0,410.0,410.0
SAL60091,Camdale,TAS,79.0,1.31,210.0,210.0,210.0
SAL60092,Camena,TAS,24.0,9.13,138.0,138.0,138.0
SAL60093,Campania,TAS,1158.0,387.43,300.0,300.0,300.0
SAL60094,Campbell Town,TAS,1023.0,1329.92,215.0,215.0,215.0
SAL60095,Cape Barren Island,TAS,64.0,1002.27,85.0,85.0,85.0
SAL60096,Cape Pillar,TAS,0.0,65.81,0.0,0.0,0.0
SAL60097,Cape Portland,TAS,10.0,103.7,0.0,0.0,0.0
SAL60098,Cape Raoul,TAS,0.0,36.8,0.0,0.0,0.0
SAL60099,Carlton (Tas.),TAS,1363.0,14.8,350.0,350.0,350.0
SAL60100,Carlton River,TAS,347.0,52.94,383.0,383.0,383.0
SAL60101,Carrick (Tas.),TAS,721.0,106.29,278.0,278.0,278.0
SAL60102,Castle Forbes Bay,TAS,176.0,31.94,290.0,290.0,290.0
SAL60103,Castra,TAS,41.0,27.46,100.0,100.0,100.0
SAL60104,Caveside,TAS,142.0,92.5,180.0,180.0,180.0
SAL60105,Central Plateau,TAS,0.0,2451.57,0.0,0.0,0.0
SAL60106,Cethana,TAS,0.0,11.89,0.0,0.0,0.0
SAL60107,Chain Of Lagoons,TAS,29.0,91.68,168.0,168.0,168.0
SAL60108,Charlotte Cove,TAS,48.0,0.42,293.0,293.0,293.0
SAL60109,Chasm Creek,TAS,53.0,2.42,265.0,265.0,265.0
SAL60110,Chigwell,TAS,2050.0,5.59,300.0,300.0,300.0
SAL60111,Christmas Hills (Tas.),TAS,127.0,274.27,150.0,150.0,150.0
SAL60112,Chudleigh,TAS,213.0,76.18,300.0,300.0,300.0
SAL60113,Claremont (Tas.),TAS,8397.0,33.3,320.0,320.0,320.0
SAL60114,Clarence Point,TAS,266.0,19.0,240.0,240.0,240.0
SAL60115,Clarendon Vale,TAS,1635.0,3.55,270.0,270.0,270.0
SAL60116,Claude Road,TAS,275.0,44.68,230.0,230.0,230.0
SAL60117,Cleveland (Tas.),TAS,50.0,63.38,200.0,200.0,200.0
SAL60118,Clifton Beach (Tas.),TAS,618.0,13.75,445.0,445.0,445.0
SAL60119,Cluan,TAS,36.0,85.6,300.0,300.0,300.0
SAL60120,Colebrook,TAS,372.0,280.21,225.0,225.0,225.0
SAL60121,Coles Bay,TAS,515.0,169.44,260.0,260.0,260.0
SAL60122,Collinsvale,TAS,631.0,48.65,305.0,305.0,305.0
SAL60123,Conara,TAS,127.0,434.98,200.0,200.0,200.0
SAL60124,Coningham,TAS,328.0,9.33,318.0,318.0,318.0
SAL60125,Connellys Marsh,TAS,40.0,1.08,0.0,0.0,0.0
SAL60126,Cooee,TAS,597.0,3.05,225.0,225.0,225.0
SAL60127,Copping,TAS,200.0,86.61,225.0,225.0,225.0
SAL60128,Corinna,TAS,0.0,0.01,0.0,0.0,0.0
SAL60129,Cornwall (Tas.),TAS,82.0,9.68,200.0,200.0,200.0
SAL60130,Couta Rocks,TAS,7.0,21.69,0.0,0.0,0.0
SAL60131,Cowrie Point,TAS,16.0,4.84,380.0,380.0,380.0
SAL60132,Crabtree,TAS,308.0,53.51,313.0,313.0,313.0
SAL60133,Cradle Mountain,TAS,152.0,1422.71,50.0,50.0,50.0
SAL60134,Cradoc,TAS,456.0,39.32,300.0,300.0,300.0
SAL60135,Cramps Bay,TAS,13.0,3.56,0.0,0.0,0.0
SAL60136,Cranbrook (Tas.),TAS,60.0,341.84,155.0,155.0,155.0
SAL60137,Crayfish Creek,TAS,68.0,2.99,185.0,185.0,185.0
SAL60138,Cremorne (Tas.),TAS,602.0,4.17,395.0,395.0,395.0
SAL60139,Cressy (Tas.),TAS,1149.0,1061.05,230.0,230.0,230.0
SAL60140,Cuckoo,TAS,44.0,81.08,0.0,0.0,0.0
SAL60141,Cuprona,TAS,140.0,29.22,200.0,200.0,200.0
SAL60142,Currie,TAS,766.0,18.98,200.0,200.0,200.0
SAL60143,Cygnet,TAS,1742.0,107.1,285.0,285.0,285.0
SAL60144,Dairy Plains,TAS,66.0,56.93,150.0,150.0,150.0
SAL60145,Deddington,TAS,85.0,501.13,200.0,200.0,200.0
SAL60146,Dee,TAS,7.0,216.45,0.0,0.0,0.0
SAL60147,Deep Bay,TAS,267.0,27.47,270.0,270.0,270.0
SAL60148,Deloraine,TAS,3035.0,160.98,243.0,243.0,243.0
SAL60149,Dennes Point,TAS,55.0,1.29,370.0,370.0,370.0
SAL60150,Derby (Tas.),TAS,109.0,137.48,210.0,210.0,210.0
SAL60151,Derwent Bridge,TAS,40.0,175.71,175.0,175.0,175.0
SAL60152,Derwent Park,TAS,872.0,3.12,350.0,350.0,350.0
SAL60153,Detention,TAS,35.0,2.22,0.0,0.0,0.0
SAL60154,Deviot,TAS,359.0,18.87,340.0,340.0,340.0
SAL60155,Devon Hills,TAS,434.0,7.98,305.0,305.0,305.0
SAL60156,Devonport,TAS,14481.0,18.18,250.0,250.0,250.0
SAL60157,Dilston,TAS,558.0,73.2,320.0,320.0,320.0
SAL60158,Doctors Point,TAS,8.0,2.75,0.0,0.0,0.0
SAL60159,Doctors Rocks,TAS,89.0,11.67,263.0,263.0,263.0
SAL60160,Dodges Ferry,TAS,2646.0,11.96,340.0,340.0,340.0
SAL60161,Dolphin Sands,TAS,182.0,32.99,300.0,300.0,300.0
SAL60162,Don,TAS,647.0,22.27,275.0,275.0,275.0
SAL60163,Douglas River,TAS,67.0,29.41,210.0,210.0,210.0
SAL60164,Douglas-Apsley,TAS,0.0,338.36,0.0,0.0,0.0
SAL60165,Dover,TAS,923.0,91.19,295.0,295.0,295.0
SAL60166,Downlands,TAS,237.0,0.74,315.0,315.0,315.0
SAL60167,Dowsing Point,TAS,77.0,1.07,360.0,360.0,360.0
SAL60168,Dromedary (Tas.),TAS,856.0,90.82,350.0,350.0,350.0
SAL60169,Dulcot,TAS,242.0,6.87,423.0,423.0,423.0
SAL60170,Dunalley,TAS,333.0,158.97,310.0,310.0,310.0
SAL60171,Dunorlan,TAS,145.0,50.02,198.0,198.0,198.0
SAL60172,Dynnyrne,TAS,1633.0,2.84,425.0,425.0,425.0
SAL60173,Dysart (Tas.),TAS,252.0,166.42,315.0,315.0,315.0
SAL60174,Eaglehawk Neck,TAS,422.0,96.18,270.0,270.0,270.0
SAL60175,East Cam,TAS,158.0,16.76,250.0,250.0,250.0
SAL60176,East Devonport,TAS,4384.0,21.45,235.0,235.0,235.0
SAL60177,East Launceston,TAS,2270.0,1.8,330.0,330.0,330.0
SAL60178,East Ridgley,TAS,89.0,30.17,365.0,365.0,365.0
SAL60179,Eddystone,TAS,0.0,23.38,0.0,0.0,0.0
SAL60180,Edgcumbe Beach,TAS,65.0,4.17,185.0,185.0,185.0
SAL60181,Edith Creek,TAS,116.0,84.86,225.0,225.0,225.0
SAL60182,Egg Lagoon,TAS,27.0,118.5,150.0,150.0,150.0
SAL60183,Eggs And Bacon Bay,TAS,124.0,2.34,285.0,285.0,285.0
SAL60184,Elderslie (Tas.),TAS,168.0,141.76,216.0,216.0,216.0
SAL60185,Electrona,TAS,391.0,2.64,400.0,400.0,400.0
SAL60186,Elizabeth Town,TAS,299.0,91.31,300.0,300.0,300.0
SAL60187,Ellendale (Tas.),TAS,285.0,293.68,250.0,250.0,250.0
SAL60188,Elliott (Tas.),TAS,355.0,59.22,250.0,250.0,250.0
SAL60189,Emita,TAS,59.0,93.83,215.0,215.0,215.0
SAL60190,Emu Heights (Tas.),TAS,182.0,0.8,256.0,256.0,256.0
SAL60191,Epping Forest,TAS,87.0,245.32,100.0,100.0,100.0
SAL60192,Erriba,TAS,43.0,52.01,270.0,270.0,270.0
SAL60193,Eugenana,TAS,169.0,7.0,238.0,238.0,238.0
SAL60194,Evandale (Tas.),TAS,1265.0,193.35,285.0,285.0,285.0
SAL60195,Exeter (Tas.),TAS,759.0,43.37,295.0,295.0,295.0
SAL60196,Exton,TAS,221.0,52.41,300.0,300.0,300.0
SAL60197,Falmouth,TAS,139.0,60.04,260.0,260.0,260.0
SAL60198,Fentonbury,TAS,88.0,31.8,340.0,340.0,340.0
SAL60199,Fern Tree,TAS,763.0,14.66,450.0,450.0,450.0
SAL60200,Fingal (Tas.),TAS,431.0,770.75,175.0,175.0,175.0
SAL60201,Fitzgerald (Tas.),TAS,33.0,15.23,200.0,200.0,200.0
SAL60202,Flintstone,TAS,73.0,0.81,0.0,0.0,0.0
SAL60203,Florentine,TAS,0.0,830.02,0.0,0.0,0.0
SAL60204,Flowerdale (Tas.),TAS,279.0,27.95,260.0,260.0,260.0
SAL60205,Flowerpot,TAS,108.0,10.33,300.0,300.0,300.0
SAL60206,Flowery Gully,TAS,82.0,50.56,358.0,358.0,358.0
SAL60207,Forcett,TAS,1102.0,107.65,295.0,295.0,295.0
SAL60208,Forest,TAS,464.0,78.15,225.0,225.0,225.0
SAL60209,Forester,TAS,11.0,158.56,180.0,180.0,180.0
SAL60210,Fortescue (Tas.),TAS,0.0,157.63,0.0,0.0,0.0
SAL60211,Forth,TAS,738.0,60.95,260.0,260.0,260.0
SAL60212,Forthside,TAS,76.0,24.4,149.0,149.0,149.0
SAL60213,Four Mile Creek (Tas.),TAS,118.0,54.41,250.0,250.0,250.0
SAL60214,Frankford,TAS,165.0,249.54,190.0,190.0,190.0
SAL60215,Franklin (Tas.),TAS,1301.0,85.76,315.0,315.0,315.0
SAL60216,Freycinet,TAS,0.0,131.66,0.0,0.0,0.0
SAL60217,Friendly Beaches,TAS,11.0,60.94,400.0,400.0,400.0
SAL60218,Gagebrook,TAS,1572.0,2.49,240.0,240.0,240.0
SAL60219,Garden Island (Tas.),TAS,0.0,1.08,0.0,0.0,0.0
SAL60220,Garden Island Creek,TAS,282.0,70.44,300.0,300.0,300.0
SAL60221,Gardners Bay,TAS,346.0,37.15,243.0,243.0,243.0
SAL60222,Gawler (Tas.),TAS,703.0,68.37,250.0,250.0,250.0
SAL60223,Geeveston,TAS,1431.0,434.99,270.0,270.0,270.0
SAL60224,Geilston Bay,TAS,3461.0,14.35,380.0,380.0,380.0
SAL60225,George Town,TAS,4536.0,184.42,220.0,220.0,220.0
SAL60226,Gladstone (Tas.),TAS,124.0,576.45,165.0,165.0,165.0
SAL60227,Glaziers Bay,TAS,112.0,9.08,333.0,333.0,333.0
SAL60228,Glebe (Tas.),TAS,570.0,0.31,450.0,450.0,450.0
SAL60229,Glen Huon,TAS,742.0,116.16,255.0,255.0,255.0
SAL60230,Glendevie,TAS,87.0,21.19,350.0,350.0,350.0
SAL60231,Glenfern (Tas.),TAS,176.0,77.24,280.0,280.0,280.0
SAL60232,Glengarry (Tas.),TAS,540.0,86.68,300.0,300.0,300.0
SAL60233,Glenlusk,TAS,205.0,13.55,325.0,325.0,325.0
SAL60234,Glenora,TAS,93.0,33.75,156.0,156.0,156.0
SAL60235,Glenorchy (Tas.),TAS,12013.0,19.3,320.0,320.0,320.0
SAL60236,Golconda,TAS,22.0,93.77,225.0,225.0,225.0
SAL60237,Golden Valley,TAS,226.0,131.82,176.0,176.0,176.0
SAL60238,Goodwood (Tas.),TAS,1142.0,1.0,225.0,225.0,225.0
SAL60239,Gordon (Tas.),TAS,208.0,36.45,363.0,363.0,363.0
SAL60240,Gormanston,TAS,32.0,125.0,46.0,46.0,46.0
SAL60241,Goshen,TAS,95.0,290.42,225.0,225.0,225.0
SAL60242,Goulds Country,TAS,91.0,142.81,0.0,0.0,0.0
SAL60243,Gowrie Park,TAS,41.0,19.39,225.0,225.0,225.0
SAL60244,Granton,TAS,1903.0,47.08,330.0,330.0,330.0
SAL60245,Granville Harbour,TAS,30.0,84.0,0.0,0.0,0.0
SAL60246,Grasstree Hill,TAS,108.0,20.53,290.0,290.0,290.0
SAL60247,Grassy,TAS,121.0,23.89,125.0,125.0,125.0
SAL60248,Gravelly Beach,TAS,641.0,10.62,235.0,235.0,235.0
SAL60249,Gray (Tas.),TAS,71.0,60.18,0.0,0.0,0.0
SAL60250,Great Bay,TAS,92.0,29.78,300.0,300.0,300.0
SAL60251,Greens Beach,TAS,247.0,26.99,270.0,270.0,270.0
SAL60252,Gretna,TAS,254.0,233.71,200.0,200.0,200.0
SAL60253,Grindelwald,TAS,1037.0,10.51,405.0,405.0,405.0
SAL60254,Grove,TAS,533.0,37.72,255.0,255.0,255.0
SAL60255,Guildford (Tas.),TAS,0.0,1046.17,0.0,0.0,0.0
SAL60256,Gunns Plains,TAS,195.0,124.59,225.0,225.0,225.0
SAL60257,Hadspen,TAS,2429.0,19.08,250.0,250.0,250.0
SAL60258,Hagley,TAS,340.0,115.27,213.0,213.0,213.0
SAL60259,Hamilton (Tas.),TAS,241.0,237.96,220.0,220.0,220.0
SAL60260,Hampshire,TAS,54.0,378.57,0.0,0.0,0.0
SAL60261,Harford,TAS,97.0,140.18,78.0,78.0,78.0
SAL60262,Hastings (Tas.),TAS,54.0,83.26,310.0,310.0,310.0
SAL60263,Havenview,TAS,735.0,5.55,228.0,228.0,228.0
SAL60264,Hawley Beach,TAS,590.0,8.38,300.0,300.0,300.0
SAL60265,Hayes,TAS,109.0,40.71,270.0,270.0,270.0
SAL60266,Hellyer,TAS,189.0,13.11,220.0,220.0,220.0
SAL60267,Henrietta,TAS,137.0,62.33,185.0,185.0,185.0
SAL60268,Herdsmans Cove,TAS,1199.0,1.7,250.0,250.0,250.0
SAL60269,Hermitage,TAS,6.0,159.89,0.0,0.0,0.0
SAL60270,Herrick,TAS,47.0,34.14,233.0,233.0,233.0
SAL60271,Heybridge,TAS,442.0,11.41,220.0,220.0,220.0
SAL60272,Highclere,TAS,119.0,74.81,205.0,205.0,205.0
SAL60273,Highcroft,TAS,42.0,23.62,295.0,295.0,295.0
SAL60274,Hillcrest (Tas.),TAS,1088.0,1.24,230.0,230.0,230.0
SAL60275,Hillwood,TAS,591.0,54.95,295.0,295.0,295.0
SAL60276,Hobart,TAS,3390.0,4.21,380.0,380.0,380.0
SAL60277,Hollow Tree,TAS,33.0,217.65,135.0,135.0,135.0
SAL60278,Holwell,TAS,83.0,54.83,200.0,200.0,200.0
SAL60279,Honeywood,TAS,535.0,13.59,340.0,340.0,340.0
SAL60280,Howden,TAS,717.0,7.43,415.0,415.0,415.0
SAL60281,Howrah,TAS,9545.0,13.85,400.0,400.0,400.0
SAL60282,Howth,TAS,61.0,6.87,153.0,153.0,153.0
SAL60283,Huntingfield,TAS,540.0,6.09,415.0,415.0,415.0
SAL60284,Huon Island,TAS,7.0,0.89,0.0,0.0,0.0
SAL60285,Huonville,TAS,3002.0,71.1,280.0,280.0,280.0
SAL60286,Ida Bay,TAS,14.0,12.93,167.0,167.0,167.0
SAL60287,Interlaken,TAS,22.0,488.81,220.0,220.0,220.0
SAL60288,Invermay (Tas.),TAS,3498.0,7.17,285.0,285.0,285.0
SAL60289,Irishtown (Tas.),TAS,307.0,59.07,250.0,250.0,250.0
SAL60290,Jackeys Marsh,TAS,42.0,94.78,60.0,60.0,60.0
SAL60291,Jericho (Tas.),TAS,51.0,167.84,145.0,145.0,145.0
SAL60292,Jetsonville,TAS,147.0,97.18,277.0,277.0,277.0
SAL60293,Judbury,TAS,414.0,223.81,290.0,290.0,290.0
SAL60294,Kamona,TAS,9.0,52.68,100.0,100.0,100.0
SAL60295,Kaoota,TAS,229.0,35.97,163.0,163.0,163.0
SAL60296,Karanja,TAS,31.0,0.81,50.0,50.0,50.0
SAL60297,Karoola,TAS,349.0,56.97,280.0,280.0,280.0
SAL60298,Kayena,TAS,221.0,18.26,295.0,295.0,295.0
SAL60299,Kellevie,TAS,185.0,115.4,0.0,0.0,0.0
SAL60300,Kelso (Tas.),TAS,182.0,15.92,285.0,285.0,285.0
SAL60301,Kempton,TAS,420.0,169.58,250.0,250.0,250.0
SAL60302,Kettering,TAS,943.0,28.11,365.0,365.0,365.0
SAL60303,Killiecrankie,TAS,30.0,125.47,0.0,0.0,0.0
SAL60304,Kimberley (Tas.),TAS,124.0,37.02,225.0,225.0,225.0
SAL60305,Kindred,TAS,214.0,53.64,200.0,200.0,200.0
SAL60306,Kings Meadows,TAS,4359.0,8.69,312.0,312.0,312.0
SAL60307,Kingston (Tas.),TAS,12288.0,69.53,380.0,380.0,380.0
SAL60308,Kingston Beach,TAS,2305.0,2.77,380.0,380.0,380.0
SAL60309,Koonya,TAS,138.0,49.96,115.0,115.0,115.0
SAL60310,Lachlan,TAS,953.0,102.8,365.0,365.0,365.0
SAL60311,Lackrana,TAS,55.0,483.49,150.0,150.0,150.0
SAL60312,Lady Barron,TAS,173.0,78.67,145.0,145.0,145.0
SAL60313,Lake Leake,TAS,59.0,740.49,175.0,175.0,175.0
SAL60314,Lake Margaret,TAS,0.0,21.77,0.0,0.0,0.0
SAL60315,Lake Sorell,TAS,0.0,359.35,0.0,0.0,0.0
SAL60316,Lake St Clair,TAS,9.0,1521.51,43.0,43.0,43.0
SAL60317,Lalla,TAS,86.0,10.97,275.0,275.0,275.0
SAL60318,Lanena,TAS,343.0,6.98,300.0,300.0,300.0
SAL60319,Lapoinya,TAS,143.0,60.25,250.0,250.0,250.0
SAL60320,Latrobe,TAS,5030.0,113.26,250.0,250.0,250.0
SAL60321,Lauderdale,TAS,2592.0,9.02,405.0,405.0,405.0
SAL60322,Launceston,TAS,3110.0,7.58,310.0,310.0,310.0
SAL60323,Lawitta,TAS,226.0,2.89,265.0,265.0,265.0
SAL60324,Lebrina,TAS,221.0,59.02,285.0,285.0,285.0
SAL60325,Leeka,TAS,13.0,39.77,138.0,138.0,138.0
SAL60326,Lefroy,TAS,82.0,59.56,240.0,240.0,240.0
SAL60327,Legana,TAS,4719.0,57.75,350.0,350.0,350.0
SAL60328,Legerwood,TAS,204.0,72.04,250.0,250.0,250.0
SAL60329,Leith,TAS,504.0,9.77,215.0,215.0,215.0
SAL60330,Lemont,TAS,26.0,313.09,100.0,100.0,100.0
SAL60331,Lenah Valley,TAS,6522.0,15.58,380.0,380.0,380.0
SAL60332,Leslie Vale,TAS,392.0,24.41,340.0,340.0,340.0
SAL60333,Levendale,TAS,129.0,166.0,213.0,213.0,213.0
SAL60334,Lewisham (Tas.),TAS,799.0,3.52,350.0,350.0,350.0
SAL60335,Liawenee,TAS,0.0,70.24,50.0,50.0,50.0
SAL60336,Liena,TAS,31.0,62.01,240.0,240.0,240.0
SAL60337,Lietinna,TAS,55.0,29.29,180.0,180.0,180.0
SAL60338,Liffey,TAS,164.0,174.17,200.0,200.0,200.0
SAL60339,Lileah,TAS,79.0,195.6,250.0,250.0,250.0
SAL60340,Lillico (Tas.),TAS,24.0,8.0,160.0,160.0,160.0
SAL60341,Lilydale (Tas.),TAS,659.0,77.69,238.0,238.0,238.0
SAL60342,Lindisfarne,TAS,6639.0,12.92,400.0,400.0,400.0
SAL60343,Lisle,TAS,0.0,56.01,0.0,0.0,0.0
SAL60344,Little Pine Lagoon,TAS,0.0,114.2,0.0,0.0,0.0
SAL60345,Little Swanport,TAS,148.0,274.13,125.0,125.0,125.0
SAL60346,Loccota,TAS,31.0,66.17,350.0,350.0,350.0
SAL60347,Loira,TAS,158.0,28.71,228.0,228.0,228.0
SAL60348,London Lakes,TAS,10.0,196.47,0.0,0.0,0.0
SAL60349,Long Reach,TAS,0.0,29.69,0.0,0.0,0.0
SAL60350,Longford (Tas.),TAS,4268.0,315.53,265.0,265.0,265.0
SAL60351,Longley,TAS,241.0,14.39,175.0,175.0,175.0
SAL60352,Lonnavale,TAS,116.0,389.57,180.0,180.0,180.0
SAL60353,Loongana,TAS,16.0,227.32,0.0,0.0,0.0
SAL60354,Loorana,TAS,140.0,228.95,200.0,200.0,200.0
SAL60355,Lorinna,TAS,81.0,68.5,46.0,46.0,46.0
SAL60356,Lottah,TAS,16.0,42.45,0.0,0.0,0.0
SAL60357,Low Head,TAS,619.0,39.44,230.0,230.0,230.0
SAL60358,Lower Barrington,TAS,278.0,41.08,315.0,315.0,315.0
SAL60359,Lower Beulah,TAS,41.0,75.67,190.0,190.0,190.0
SAL60360,Lower Longley,TAS,267.0,24.99,383.0,383.0,383.0
SAL60361,Lower Marshes,TAS,30.0,138.18,300.0,300.0,300.0
SAL60362,Lower Snug,TAS,460.0,15.44,320.0,320.0,320.0
SAL60363,Lower Turners Marsh,TAS,28.0,15.63,115.0,115.0,115.0
SAL60364,Lower Wattle Grove,TAS,102.0,9.03,223.0,223.0,223.0
SAL60365,Lower Wilmot,TAS,136.0,76.86,260.0,260.0,260.0
SAL60366,Loyetea,TAS,20.0,135.51,120.0,120.0,120.0
SAL60367,Lucaston,TAS,422.0,54.33,300.0,300.0,300.0
SAL60368,Lughrata,TAS,14.0,74.48,0.0,0.0,0.0
SAL60369,Luina,TAS,0.0,184.18,0.0,0.0,0.0
SAL60370,Lulworth,TAS,157.0,9.82,255.0,255.0,255.0
SAL60371,Lunawanna,TAS,144.0,11.81,200.0,200.0,200.0
SAL60372,Lune River,TAS,38.0,92.68,0.0,0.0,0.0
SAL60373,Lutana,TAS,2616.0,3.96,350.0,350.0,350.0
SAL60374,Lymington,TAS,319.0,32.37,330.0,330.0,330.0
SAL60375,Lymwood,TAS,105.0,214.42,250.0,250.0,250.0
SAL60376,Macquarie Heads,TAS,0.0,0.06,0.0,0.0,0.0
SAL60377,Macquarie Plains,TAS,53.0,15.55,200.0,200.0,200.0
SAL60378,Magra,TAS,759.0,48.25,330.0,330.0,330.0
SAL60379,Malbina,TAS,77.0,2.27,380.0,380.0,380.0
SAL60380,Mangalore (Tas.),TAS,435.0,82.57,314.0,314.0,314.0
SAL60381,Mangana,TAS,38.0,244.68,145.0,145.0,145.0
SAL60382,Margate (Tas.),TAS,4239.0,73.51,400.0,400.0,400.0
SAL60383,Maria Island,TAS,0.0,187.64,0.0,0.0,0.0
SAL60384,Marion Bay (Tas.),TAS,56.0,7.63,300.0,300.0,300.0
SAL60385,Marrawah,TAS,152.0,253.67,150.0,150.0,150.0
SAL60386,Mathinna,TAS,131.0,1089.17,150.0,150.0,150.0
SAL60387,Mawbanna,TAS,84.0,506.95,180.0,180.0,180.0
SAL60388,Mayberry,TAS,18.0,51.09,85.0,85.0,85.0
SAL60389,Maydena,TAS,198.0,207.89,220.0,220.0,220.0
SAL60390,Mayfield (Tas.),TAS,1525.0,1.19,238.0,238.0,238.0
SAL60391,Meadowbank (Tas.),TAS,13.0,81.19,0.0,0.0,0.0
SAL60392,Meander,TAS,337.0,272.65,238.0,238.0,238.0
SAL60393,Mella,TAS,97.0,46.53,200.0,200.0,200.0
SAL60394,Melrose (Tas.),TAS,94.0,19.84,170.0,170.0,170.0
SAL60395,Melton Mowbray,TAS,68.0,208.5,100.0,100.0,100.0
SAL60396,Memana,TAS,94.0,581.82,115.0,115.0,115.0
SAL60397,Mengha,TAS,151.0,81.96,125.0,125.0,125.0
SAL60398,Mersey Forest,TAS,0.0,673.68,0.0,0.0,0.0
SAL60399,Merseylea,TAS,71.0,69.24,108.0,108.0,108.0
SAL60400,Meunna,TAS,0.0,85.54,0.0,0.0,0.0
SAL60401,Miandetta (Tas.),TAS,1822.0,3.1,290.0,290.0,290.0
SAL60402,Middlesex (Tas.),TAS,9.0,497.86,0.0,0.0,0.0
SAL60403,Middleton (Tas.),TAS,287.0,29.86,293.0,293.0,293.0
SAL60404,Midway Point,TAS,3384.0,3.95,370.0,370.0,370.0
SAL60405,Miena,TAS,127.0,200.84,245.0,245.0,245.0
SAL60406,Milabena,TAS,77.0,78.69,175.0,175.0,175.0
SAL60407,Millers Bluff,TAS,0.0,225.45,0.0,0.0,0.0
SAL60408,Moina,TAS,33.0,94.44,280.0,280.0,280.0
SAL60409,Mole Creek,TAS,528.0,260.93,240.0,240.0,240.0
SAL60410,Molesworth (Tas.),TAS,683.0,64.53,300.0,300.0,300.0
SAL60411,Moltema,TAS,89.0,41.25,200.0,200.0,200.0
SAL60412,Montagu,TAS,83.0,134.22,220.0,220.0,220.0
SAL60413,Montagu Bay,TAS,718.0,0.83,350.0,350.0,350.0
SAL60414,Montana,TAS,57.0,44.44,265.0,265.0,265.0
SAL60415,Montello,TAS,1241.0,1.29,240.0,240.0,240.0
SAL60416,Montrose (Tas.),TAS,2313.0,5.45,343.0,343.0,343.0
SAL60417,Montumana,TAS,46.0,95.0,145.0,145.0,145.0
SAL60418,Moogara,TAS,67.0,234.37,203.0,203.0,203.0
SAL60419,Moonah,TAS,5884.0,5.3,330.0,330.0,330.0
SAL60420,Mooreville,TAS,378.0,21.27,300.0,300.0,300.0
SAL60421,Moorina (Tas.),TAS,11.0,59.34,0.0,0.0,0.0
SAL60422,Moorleah,TAS,161.0,36.9,263.0,263.0,263.0
SAL60423,Morass Bay,TAS,13.0,2.88,0.0,0.0,0.0
SAL60424,Moriarty,TAS,245.0,38.6,250.0,250.0,250.0
SAL60425,Mornington (Tas.),TAS,2469.0,7.86,340.0,340.0,340.0
SAL60426,Mount Direction,TAS,248.0,170.78,233.0,233.0,233.0
SAL60427,Mount Field,TAS,0.0,292.15,0.0,0.0,0.0
SAL60428,Mount Hicks,TAS,356.0,61.46,270.0,270.0,270.0
SAL60429,Mount Lloyd,TAS,78.0,187.93,220.0,220.0,220.0
SAL60430,Mount Nelson,TAS,2749.0,9.97,320.0,320.0,320.0
SAL60431,Mount Roland,TAS,0.0,101.45,0.0,0.0,0.0
SAL60432,Mount Rumney,TAS,303.0,15.27,268.0,268.0,268.0
SAL60433,Mount Seymour,TAS,78.0,53.83,340.0,340.0,340.0
SAL60434,Mount Stuart (Tas.),TAS,2444.0,1.89,380.0,380.0,380.0
SAL60435,Mount William,TAS,0.0,218.27,0.0,0.0,0.0
SAL60436,Mountain River,TAS,606.0,75.8,300.0,300.0,300.0
SAL60437,Mowbray (Tas.),TAS,4048.0,16.51,290.0,290.0,290.0
SAL60438,Murdunna,TAS,325.0,180.53,295.0,295.0,295.0
SAL60439,Musselroe Bay,TAS,28.0,114.26,150.0,150.0,150.0
SAL60440,Myalla (Tas.),TAS,66.0,20.93,344.0,344.0,344.0
SAL60441,Myrtle Bank (Tas.),TAS,36.0,49.13,150.0,150.0,150.0
SAL60442,Nabageena,TAS,34.0,43.52,225.0,225.0,225.0
SAL60443,Nabowla,TAS,131.0,177.89,165.0,165.0,165.0
SAL60444,Naracoopa,TAS,91.0,7.26,290.0,290.0,290.0
SAL60445,National Park,TAS,80.0,60.92,353.0,353.0,353.0
SAL60446,Natone,TAS,288.0,37.34,225.0,225.0,225.0
SAL60447,Needles,TAS,50.0,36.54,210.0,210.0,210.0
SAL60448,Neika,TAS,200.0,15.56,250.0,250.0,250.0
SAL60449,Nelson Bay (Tas.),TAS,4.0,54.84,0.0,0.0,0.0
SAL60450,New Norfolk,TAS,6037.0,27.5,290.0,290.0,290.0
SAL60451,New Town (Tas.),TAS,6781.0,7.21,340.0,340.0,340.0
SAL60452,Newnham,TAS,7073.0,10.61,270.0,270.0,270.0
SAL60453,Newstead (Tas.),TAS,5617.0,6.72,310.0,310.0,310.0
SAL60454,Nicholls Rivulet,TAS,369.0,70.22,335.0,335.0,335.0
SAL60455,Nietta,TAS,63.0,106.6,225.0,225.0,225.0
SAL60456,Nile,TAS,121.0,311.74,200.0,200.0,200.0
SAL60457,Nook,TAS,201.0,32.7,200.0,200.0,200.0
SAL60458,North Bruny,TAS,122.0,161.2,265.0,265.0,265.0
SAL60459,North Hobart,TAS,2600.0,1.86,400.0,400.0,400.0
SAL60460,North Lilydale,TAS,82.0,26.0,275.0,275.0,275.0
SAL60461,North Motton,TAS,425.0,109.87,265.0,265.0,265.0
SAL60462,North Scottsdale,TAS,145.0,232.16,200.0,200.0,200.0
SAL60463,Northdown,TAS,265.0,37.76,250.0,250.0,250.0
SAL60464,Norwood (Tas.),TAS,3869.0,6.97,320.0,320.0,320.0
SAL60465,Notley Hills,TAS,63.0,19.78,0.0,0.0,0.0
SAL60466,Nowhere Else,TAS,49.0,17.13,310.0,310.0,310.0
SAL60467,Nubeena,TAS,576.0,109.33,200.0,200.0,200.0
SAL60468,Nugara,TAS,109.0,115.9,250.0,250.0,250.0
SAL60469,Nugent,TAS,117.0,148.08,330.0,330.0,330.0
SAL60470,Nunamara,TAS,305.0,399.16,100.0,100.0,100.0
SAL60471,Oakdowns,TAS,1897.0,1.43,400.0,400.0,400.0
SAL60472,Oaks,TAS,24.0,24.22,300.0,300.0,300.0
SAL60473,Oatlands (Tas.),TAS,728.0,385.82,188.0,188.0,188.0
SAL60474,Ocean Vista,TAS,322.0,1.37,240.0,240.0,240.0
SAL60475,Old Beach,TAS,4394.0,46.71,400.0,400.0,400.0
SAL60476,Oldina,TAS,145.0,79.74,300.0,300.0,300.0
SAL60477,Oonah,TAS,0.0,96.65,0.0,0.0,0.0
SAL60478,Opossum Bay,TAS,383.0,8.68,418.0,418.0,418.0
SAL60479,Orford (Tas.),TAS,685.0,76.36,250.0,250.0,250.0
SAL60480,Orielton,TAS,430.0,85.7,380.0,380.0,380.0
SAL60481,Osmaston,TAS,96.0,39.93,250.0,250.0,250.0
SAL60482,Osterley (Tas.),TAS,17.0,129.15,0.0,0.0,0.0
SAL60483,Otago,TAS,596.0,11.91,455.0,455.0,455.0
SAL60484,Ouse,TAS,326.0,809.28,129.0,129.0,129.0
SAL60485,Oyster Cove (Tas.),TAS,330.0,37.14,325.0,325.0,325.0
SAL60486,Palana,TAS,23.0,137.36,0.0,0.0,0.0
SAL60487,Paloona,TAS,84.0,13.9,335.0,335.0,335.0
SAL60488,Paradise (Tas.),TAS,126.0,72.16,145.0,145.0,145.0
SAL60489,Parattah,TAS,147.0,33.75,190.0,190.0,190.0
SAL60490,Park Grove,TAS,2613.0,3.84,300.0,300.0,300.0
SAL60491,Parkham,TAS,111.0,216.57,270.0,270.0,270.0
SAL60492,Parklands (Tas.),TAS,865.0,1.49,273.0,273.0,273.0
SAL60493,Parrawe,TAS,0.0,223.04,0.0,0.0,0.0
SAL60494,Patersonia,TAS,97.0,83.07,293.0,293.0,293.0
SAL60495,Pawleena,TAS,112.0,83.4,350.0,350.0,350.0
SAL60496,Pawtella,TAS,33.0,52.23,250.0,250.0,250.0
SAL60497,Pearshape,TAS,5.0,82.25,0.0,0.0,0.0
SAL60498,Pegarah,TAS,147.0,244.81,140.0,140.0,140.0
SAL60499,Pelham (Tas.),TAS,24.0,73.89,250.0,250.0,250.0
SAL60500,Pelverata,TAS,265.0,81.65,375.0,375.0,375.0
SAL60501,Penguin,TAS,4132.0,79.76,260.0,260.0,260.0
SAL60502,Penna,TAS,437.0,54.63,363.0,363.0,363.0
SAL60503,Perth (Tas.),TAS,3472.0,129.26,280.0,280.0,280.0
SAL60504,Petcheys Bay,TAS,194.0,15.88,284.0,284.0,284.0
SAL60505,Pioneer (Tas.),TAS,79.0,157.14,210.0,210.0,210.0
SAL60506,Pipers Brook,TAS,109.0,164.72,100.0,100.0,100.0
SAL60507,Pipers River,TAS,433.0,299.42,260.0,260.0,260.0
SAL60508,Plenty (Tas.),TAS,66.0,60.4,280.0,280.0,280.0
SAL60509,Poatina,TAS,118.0,48.54,178.0,178.0,178.0
SAL60510,Police Point,TAS,76.0,17.51,330.0,330.0,330.0
SAL60511,Pontville,TAS,675.0,31.11,340.0,340.0,340.0
SAL60512,Pontypool,TAS,53.0,4.94,200.0,200.0,200.0
SAL60513,Port Arthur (Tas.),TAS,247.0,106.19,200.0,200.0,200.0
SAL60514,Port Huon,TAS,492.0,17.71,278.0,278.0,278.0
SAL60515,Port Latta,TAS,0.0,2.96,0.0,0.0,0.0
SAL60516,Port Sorell,TAS,2221.0,17.62,275.0,275.0,275.0
SAL60517,Powranna,TAS,30.0,61.09,385.0,385.0,385.0
SAL60518,Premaydena,TAS,139.0,34.03,250.0,250.0,250.0
SAL60519,Preolenna,TAS,58.0,94.84,250.0,250.0,250.0
SAL60520,Preservation Bay,TAS,100.0,1.09,300.0,300.0,300.0
SAL60521,Preston (Tas.),TAS,149.0,73.76,220.0,220.0,220.0
SAL60522,Primrose Sands,TAS,1209.0,14.3,300.0,300.0,300.0
SAL60523,Promised Land,TAS,32.0,14.68,0.0,0.0,0.0
SAL60524,Prospect (Tas.),TAS,1908.0,12.12,290.0,290.0,290.0
SAL60525,Prospect Vale,TAS,5433.0,17.81,300.0,300.0,300.0
SAL60526,Punchbowl (Tas.),TAS,491.0,1.04,278.0,278.0,278.0
SAL60527,Pyengana,TAS,96.0,323.85,215.0,215.0,215.0
SAL60528,Quamby Bend,TAS,28.0,15.19,290.0,290.0,290.0
SAL60529,Quamby Brook,TAS,111.0,66.04,350.0,350.0,350.0
SAL60530,Queens Domain,TAS,31.0,4.46,390.0,390.0,390.0
SAL60531,Queenstown (Tas.),TAS,1808.0,239.98,150.0,150.0,150.0
SAL60532,Quoiba,TAS,427.0,6.13,295.0,295.0,295.0
SAL60533,Railton,TAS,1079.0,125.43,255.0,255.0,255.0
SAL60534,Raminea,TAS,40.0,277.17,275.0,275.0,275.0
SAL60535,Randalls Bay,TAS,53.0,7.2,250.0,250.0,250.0
SAL60536,Ranelagh,TAS,1484.0,60.2,330.0,330.0,330.0
SAL60537,Ranga,TAS,34.0,115.76,150.0,150.0,150.0
SAL60538,Ravenswood (Tas.),TAS,3804.0,17.82,225.0,225.0,225.0
SAL60539,Recherche,TAS,16.0,152.09,0.0,0.0,0.0
SAL60540,Red Hills,TAS,124.0,52.34,250.0,250.0,250.0
SAL60541,Redpa,TAS,106.0,243.09,200.0,200.0,200.0
SAL60542,Reedy Marsh,TAS,199.0,196.72,300.0,300.0,300.0
SAL60543,Reekara,TAS,23.0,161.64,46.0,46.0,46.0
SAL60544,Relbia,TAS,691.0,36.46,250.0,250.0,250.0
SAL60545,Renison Bell,TAS,0.0,15.35,0.0,0.0,0.0
SAL60546,Retreat (Tas.),TAS,18.0,80.34,270.0,270.0,270.0
SAL60547,Reynolds Neck,TAS,9.0,5.27,0.0,0.0,0.0
SAL60548,Rheban,TAS,22.0,212.87,0.0,0.0,0.0
SAL60549,Rhyndaston,TAS,73.0,54.28,280.0,280.0,280.0
SAL60550,Riana,TAS,313.0,102.55,250.0,250.0,250.0
SAL60551,Richmond (Tas.),TAS,1583.0,167.32,340.0,340.0,340.0
SAL60552,Ridgeway,TAS,222.0,12.24,400.0,400.0,400.0
SAL60553,Ridgley,TAS,645.0,34.36,230.0,230.0,230.0
SAL60554,Ringarooma,TAS,337.0,360.61,200.0,200.0,200.0
SAL60555,Risdon,TAS,209.0,23.47,378.0,378.0,378.0
SAL60556,Risdon Vale,TAS,3171.0,24.55,320.0,320.0,320.0
SAL60557,Riverside (Tas.),TAS,7326.0,87.96,300.0,300.0,300.0
SAL60558,Robigana,TAS,111.0,7.57,333.0,333.0,333.0
SAL60559,Rocherlea,TAS,1033.0,30.15,220.0,220.0,220.0
SAL60560,Roches Beach,TAS,220.0,3.18,350.0,350.0,350.0
SAL60561,Rocky Cape,TAS,211.0,114.06,200.0,200.0,200.0
SAL60562,Rocky Hills,TAS,8.0,24.78,0.0,0.0,0.0
SAL60563,Roger River,TAS,51.0,125.89,180.0,180.0,180.0
SAL60564,Rokeby (Tas.),TAS,4211.0,22.37,330.0,330.0,330.0
SAL60565,Roland,TAS,88.0,23.97,300.0,300.0,300.0
SAL60566,Romaine,TAS,1850.0,13.1,280.0,280.0,280.0
SAL60567,Rose Bay (Tas.),TAS,1188.0,1.22,420.0,420.0,420.0
SAL60568,Rosebery (Tas.),TAS,752.0,196.61,150.0,150.0,150.0
SAL60569,Rosegarland,TAS,92.0,26.8,250.0,250.0,250.0
SAL60570,Rosetta,TAS,2833.0,5.23,350.0,350.0,350.0
SAL60571,Rosevale (Tas.),TAS,132.0,62.38,150.0,150.0,150.0
SAL60572,Rosevears,TAS,365.0,20.99,305.0,305.0,305.0
SAL60573,Rosny,TAS,842.0,1.43,450.0,450.0,450.0
SAL60574,Rosny Park,TAS,16.0,1.26,385.0,385.0,385.0
SAL60575,Ross (Tas.),TAS,410.0,1237.79,200.0,200.0,200.0
SAL60576,Rossarden,TAS,48.0,170.79,113.0,113.0,113.0
SAL60577,Round Hill (Tas.),TAS,100.0,4.14,185.0,185.0,185.0
SAL60578,Rowella,TAS,179.0,21.95,300.0,300.0,300.0
SAL60579,Royal George,TAS,59.0,1030.51,192.0,192.0,192.0
SAL60580,Runnymede (Tas.),TAS,77.0,169.14,188.0,188.0,188.0
SAL60581,Rushy Lagoon,TAS,29.0,363.14,45.0,45.0,45.0
SAL60582,Saltwater River,TAS,131.0,65.21,340.0,340.0,340.0
SAL60583,Sandfly,TAS,336.0,26.43,420.0,420.0,420.0
SAL60584,Sandford (Tas.),TAS,2046.0,91.67,400.0,400.0,400.0
SAL60585,Sandy Bay,TAS,12315.0,12.94,418.0,418.0,418.0
SAL60586,Sassafras (Tas.),TAS,352.0,271.31,250.0,250.0,250.0
SAL60587,Savage River,TAS,23.0,264.97,90.0,90.0,90.0
SAL60588,Scamander,TAS,803.0,31.39,273.0,273.0,273.0
SAL60589,Schouten Island,TAS,0.0,51.43,0.0,0.0,0.0
SAL60590,Scopus,TAS,56.0,68.89,213.0,213.0,213.0
SAL60591,Scotchtown,TAS,274.0,45.47,270.0,270.0,270.0
SAL60592,Scottsdale,TAS,2408.0,88.53,210.0,210.0,210.0
SAL60593,Sea Elephant,TAS,0.0,159.27,0.0,0.0,0.0
SAL60594,Selbourne,TAS,68.0,91.27,200.0,200.0,200.0
SAL60595,Seven Mile Beach,TAS,1467.0,27.45,430.0,430.0,430.0
SAL60596,Seymour (Tas.),TAS,31.0,31.38,200.0,200.0,200.0
SAL60597,Shannon (Tas.),TAS,0.0,148.1,0.0,0.0,0.0
SAL60598,Shearwater,TAS,2051.0,6.05,295.0,295.0,295.0
SAL60599,Sheffield,TAS,1602.0,108.56,200.0,200.0,200.0
SAL60600,Shorewell Park,TAS,2150.0,6.56,220.0,220.0,220.0
SAL60601,Sidmouth,TAS,411.0,41.88,250.0,250.0,250.0
SAL60602,Simpsons Bay,TAS,49.0,16.97,100.0,100.0,100.0
SAL60603,Sisters Beach,TAS,511.0,13.8,250.0,250.0,250.0
SAL60604,Sisters Creek,TAS,161.0,61.21,220.0,220.0,220.0
SAL60605,Sloping Main,TAS,67.0,89.71,300.0,300.0,300.0
SAL60606,Smithton,TAS,3934.0,159.71,222.0,222.0,222.0
SAL60607,Snug,TAS,1440.0,43.21,350.0,350.0,350.0
SAL60608,Somerset (Tas.),TAS,4067.0,47.33,240.0,240.0,240.0
SAL60609,Sorell,TAS,3597.0,42.44,350.0,350.0,350.0
SAL60610,Sorell Creek,TAS,95.0,14.57,350.0,350.0,350.0
SAL60611,South Arm (Tas.),TAS,963.0,20.56,350.0,350.0,350.0
SAL60612,South Bruny,TAS,98.0,394.93,250.0,250.0,250.0
SAL60613,South Burnie,TAS,348.0,2.91,260.0,260.0,260.0
SAL60614,South Forest,TAS,100.0,42.87,225.0,225.0,225.0
SAL60615,South Hobart,TAS,5886.0,17.01,378.0,378.0,378.0
SAL60616,South Launceston,TAS,4894.0,4.95,300.0,300.0,300.0
SAL60617,South Mount Cameron,TAS,8.0,174.56,0.0,0.0,0.0
SAL60618,South Nietta,TAS,9.0,98.86,220.0,220.0,220.0
SAL60619,South Preston,TAS,21.0,30.69,0.0,0.0,0.0
SAL60620,South Riana,TAS,212.0,73.31,300.0,300.0,300.0
SAL60621,South Spreyton,TAS,576.0,7.5,250.0,250.0,250.0
SAL60622,South Springfield,TAS,30.0,86.14,185.0,185.0,185.0
SAL60623,Southport (Tas.),TAS,149.0,65.48,235.0,235.0,235.0
SAL60624,Southport Lagoon,TAS,0.0,48.93,0.0,0.0,0.0
SAL60625,Southwest,TAS,0.0,24053.81,0.0,0.0,0.0
SAL60626,Spalford,TAS,55.0,7.44,0.0,0.0,0.0
SAL60627,Sprent,TAS,160.0,55.55,240.0,240.0,240.0
SAL60628,Spreyton,TAS,1876.0,20.44,279.0,279.0,279.0
SAL60629,Spring Beach,TAS,129.0,16.55,265.0,265.0,265.0
SAL60630,Springfield (Tas.),TAS,224.0,144.41,200.0,200.0,200.0
SAL60631,Squeaking Point,TAS,337.0,4.47,330.0,330.0,330.0
SAL60632,St Helens (Tas.),TAS,2206.0,396.34,230.0,230.0,230.0
SAL60633,St Leonards (Tas.),TAS,2351.0,78.85,290.0,290.0,290.0
SAL60634,St Marys (Tas.),TAS,738.0,343.56,205.0,205.0,205.0
SAL60635,Stanley (Tas.),TAS,595.0,31.44,225.0,225.0,225.0
SAL60636,Staverton,TAS,98.0,38.19,223.0,223.0,223.0
SAL60637,Steppes,TAS,4.0,381.79,0.0,0.0,0.0
SAL60638,Stieglitz,TAS,595.0,16.65,260.0,260.0,260.0
SAL60639,Stonehenge (Tas.),TAS,17.0,233.44,188.0,188.0,188.0
SAL60640,Stonor,TAS,47.0,82.58,0.0,0.0,0.0
SAL60641,Stony Head,TAS,0.0,96.87,0.0,0.0,0.0
SAL60642,Stony Rise,TAS,728.0,5.39,300.0,300.0,300.0
SAL60643,Stoodley,TAS,48.0,16.48,200.0,200.0,200.0
SAL60644,Stormlea,TAS,21.0,28.42,350.0,350.0,350.0
SAL60645,Stowport,TAS,446.0,56.7,200.0,200.0,200.0
SAL60646,Strahan,TAS,697.0,564.58,195.0,195.0,195.0
SAL60647,Strathblane,TAS,150.0,158.18,275.0,275.0,275.0
SAL60648,Strathgordon,TAS,8.0,133.62,0.0,0.0,0.0
SAL60649,Strickland,TAS,24.0,102.92,300.0,300.0,300.0
SAL60650,Strzelecki (Tas.),TAS,0.0,121.9,0.0,0.0,0.0
SAL60651,Styx,TAS,0.0,456.19,0.0,0.0,0.0
SAL60652,Sulphur Creek,TAS,707.0,17.21,295.0,295.0,295.0
SAL60653,Summerhill,TAS,3139.0,4.11,295.0,295.0,295.0
SAL60654,Sunnyside (Tas.),TAS,110.0,26.84,200.0,200.0,200.0
SAL60655,Surges Bay,TAS,163.0,15.66,288.0,288.0,288.0
SAL60656,Surprise Bay,TAS,4.0,63.99,0.0,0.0,0.0
SAL60657,Surveyors Bay,TAS,56.0,20.33,280.0,280.0,280.0
SAL60658,Swan Bay (Tas.),TAS,457.0,24.63,313.0,313.0,313.0
SAL60659,Swan Point,TAS,300.0,3.1,400.0,400.0,400.0
SAL60660,Swansea (Tas.),TAS,997.0,443.17,238.0,238.0,238.0
SAL60661,Swanston,TAS,4.0,180.78,0.0,0.0,0.0
SAL60662,Table Cape,TAS,87.0,20.09,325.0,325.0,325.0
SAL60663,Takone,TAS,80.0,78.2,280.0,280.0,280.0
SAL60664,Talawa,TAS,61.0,22.84,135.0,135.0,135.0
SAL60665,Taranna,TAS,167.0,35.09,210.0,210.0,210.0
SAL60666,Targa,TAS,39.0,54.07,180.0,180.0,180.0
SAL60667,Tarleton,TAS,377.0,9.53,250.0,250.0,250.0
SAL60668,Taroona,TAS,3121.0,10.82,420.0,420.0,420.0
SAL60669,Tarraleah,TAS,4.0,300.78,0.0,0.0,0.0
SAL60670,Tayene,TAS,25.0,277.52,0.0,0.0,0.0
SAL60671,Tea Tree,TAS,464.0,139.3,350.0,350.0,350.0
SAL60672,Telita,TAS,38.0,21.84,190.0,190.0,190.0
SAL60673,Temma,TAS,14.0,131.42,0.0,0.0,0.0
SAL60674,Tewkesbury,TAS,81.0,144.91,180.0,180.0,180.0
SAL60675,The Gardens (Tas.),TAS,16.0,102.55,50.0,50.0,50.0
SAL60676,Thirlstane,TAS,108.0,28.27,250.0,250.0,250.0
SAL60677,Tiberias,TAS,6.0,32.81,0.0,0.0,0.0
SAL60678,Tinderbox,TAS,392.0,19.81,500.0,500.0,500.0
SAL60679,Tods Corner,TAS,14.0,24.03,0.0,0.0,0.0
SAL60680,Togari,TAS,92.0,428.24,255.0,255.0,255.0
SAL60681,Toiberry,TAS,28.0,21.22,188.0,188.0,188.0
SAL60682,Tolmans Hill,TAS,647.0,1.95,625.0,625.0,625.0
SAL60683,Tomahawk,TAS,54.0,159.41,160.0,160.0,160.0
SAL60684,Tonganah,TAS,25.0,55.88,282.0,282.0,282.0
SAL60685,Tooms Lake,TAS,9.0,714.06,0.0,0.0,0.0
SAL60686,Tranmere (Tas.),TAS,2218.0,5.31,550.0,550.0,550.0
SAL60687,Travellers Rest,TAS,348.0,10.81,325.0,325.0,325.0
SAL60688,Trenah,TAS,6.0,110.47,0.0,0.0,0.0
SAL60689,Trevallyn,TAS,4826.0,17.34,300.0,300.0,300.0
SAL60690,Triabunna,TAS,905.0,319.64,245.0,245.0,245.0
SAL60691,Trial Harbour,TAS,21.0,33.9,0.0,0.0,0.0
SAL60692,Trowutta,TAS,88.0,219.88,240.0,240.0,240.0
SAL60693,Tugrah,TAS,470.0,10.0,320.0,320.0,320.0
SAL60694,Tulendeena,TAS,14.0,14.34,0.0,0.0,0.0
SAL60695,Tullah,TAS,202.0,83.12,170.0,170.0,170.0
SAL60696,Tunbridge,TAS,123.0,237.39,200.0,200.0,200.0
SAL60697,Tunnack,TAS,212.0,115.25,200.0,200.0,200.0
SAL60698,Tunnel,TAS,92.0,23.4,250.0,250.0,250.0
SAL60699,Turners Beach,TAS,1966.0,12.6,280.0,280.0,280.0
SAL60700,Turners Marsh,TAS,265.0,95.05,243.0,243.0,243.0
SAL60701,Tyenna (Tas.),TAS,29.0,62.35,190.0,190.0,190.0
SAL60702,Ulverstone,TAS,6653.0,29.47,250.0,250.0,250.0
SAL60703,Underwood (Tas.),TAS,391.0,184.24,275.0,275.0,275.0
SAL60704,Upper Blessington,TAS,60.0,307.27,120.0,120.0,120.0
SAL60705,Upper Burnie,TAS,1891.0,2.1,230.0,230.0,230.0
SAL60706,Upper Castra,TAS,85.0,59.82,200.0,200.0,200.0
SAL60707,Upper Esk,TAS,25.0,352.36,0.0,0.0,0.0
SAL60708,Upper Natone,TAS,111.0,121.47,235.0,235.0,235.0
SAL60709,Upper Scamander,TAS,60.0,174.68,0.0,0.0,0.0
SAL60710,Upper Stowport,TAS,99.0,27.84,200.0,200.0,200.0
SAL60711,Upper Woodstock,TAS,66.0,24.06,300.0,300.0,300.0
SAL60712,Uxbridge,TAS,40.0,78.95,350.0,350.0,350.0
SAL60713,Verona Sands,TAS,131.0,3.07,260.0,260.0,260.0
SAL60714,Victoria Valley (Tas.),TAS,18.0,242.42,0.0,0.0,0.0
SAL60715,Waddamana,TAS,3.0,386.77,0.0,0.0,0.0
SAL60716,Walls Of Jerusalem,TAS,0.0,919.68,0.0,0.0,0.0
SAL60717,Waratah (Tas.),TAS,249.0,214.45,245.0,245.0,245.0
SAL60718,Warrane,TAS,2695.0,7.43,300.0,300.0,300.0
SAL60719,Warrentinna,TAS,5.0,65.19,0.0,0.0,0.0
SAL60720,Waterhouse,TAS,100.0,536.52,130.0,130.0,130.0
SAL60721,Waterloo (Tas.),TAS,104.0,12.26,185.0,185.0,185.0
SAL60722,Wattle Grove (Tas.),TAS,135.0,11.51,310.0,310.0,310.0
SAL60723,Wattle Hill (Tas.),TAS,176.0,88.98,235.0,235.0,235.0
SAL60724,Waverley (Tas.),TAS,1583.0,19.38,237.0,237.0,237.0
SAL60725,Wayatinah,TAS,18.0,109.17,250.0,250.0,250.0
SAL60726,Weegena,TAS,89.0,70.47,320.0,320.0,320.0
SAL60727,Weetah,TAS,75.0,32.54,250.0,250.0,250.0
SAL60728,Weldborough,TAS,33.0,165.19,0.0,0.0,0.0
SAL60729,Wellington Park,TAS,0.0,306.74,0.0,0.0,0.0
SAL60730,Wesley Vale,TAS,483.0,50.62,200.0,200.0,200.0
SAL60731,West Coast,TAS,8.0,10538.57,0.0,0.0,0.0
SAL60732,West Hobart,TAS,6525.0,7.6,400.0,400.0,400.0
SAL60733,West Kentish,TAS,160.0,31.64,250.0,250.0,250.0
SAL60734,West Launceston,TAS,4316.0,7.13,300.0,300.0,300.0
SAL60735,West Montagu,TAS,39.0,418.59,0.0,0.0,0.0
SAL60736,West Moonah,TAS,4522.0,3.39,340.0,340.0,340.0
SAL60737,West Mooreville,TAS,121.0,28.34,200.0,200.0,200.0
SAL60738,West Pine,TAS,142.0,24.28,325.0,325.0,325.0
SAL60739,West Ridgley,TAS,124.0,48.09,320.0,320.0,320.0
SAL60740,West Scottsdale,TAS,57.0,39.52,240.0,240.0,240.0
SAL60741,West Takone,TAS,6.0,219.73,0.0,0.0,0.0
SAL60742,West Ulverstone,TAS,4515.0,32.06,240.0,240.0,240.0
SAL60743,Westbury (Tas.),TAS,2272.0,167.43,260.0,260.0,260.0
SAL60744,Western Creek (Tas.),TAS,128.0,105.74,300.0,300.0,300.0
SAL60745,Western Junction,TAS,128.0,26.47,220.0,220.0,220.0
SAL60746,Westerway,TAS,210.0,60.87,285.0,285.0,285.0
SAL60747,Westwood (Tas.),TAS,88.0,151.4,180.0,180.0,180.0
SAL60748,Weymouth,TAS,111.0,47.5,210.0,210.0,210.0
SAL60749,White Beach,TAS,311.0,58.37,263.0,263.0,263.0
SAL60750,White Hills (Tas.),TAS,172.0,107.53,275.0,275.0,275.0
SAL60751,Whitefoord,TAS,46.0,59.23,140.0,140.0,140.0
SAL60752,Whitemark,TAS,308.0,181.44,135.0,135.0,135.0
SAL60753,Whitemore,TAS,197.0,81.66,250.0,250.0,250.0
SAL60754,Wickham (Tas.),TAS,11.0,67.54,0.0,0.0,0.0
SAL60755,Wilburville,TAS,23.0,9.98,0.0,0.0,0.0
SAL60756,Wilmot,TAS,287.0,118.66,240.0,240.0,240.0
SAL60757,Wiltshire,TAS,32.0,21.37,200.0,200.0,200.0
SAL60758,Windermere (Tas.),TAS,252.0,11.78,350.0,350.0,350.0
SAL60759,Wingaroo,TAS,0.0,302.43,0.0,0.0,0.0
SAL60760,Winkleigh,TAS,189.0,83.08,255.0,255.0,255.0
SAL60761,Winnaleah,TAS,225.0,127.71,226.0,226.0,226.0
SAL60762,Wivenhoe,TAS,235.0,2.63,243.0,243.0,243.0
SAL60763,Woodbridge (Tas.),TAS,547.0,30.72,350.0,350.0,350.0
SAL60764,Woodbury (Tas.),TAS,31.0,248.16,150.0,150.0,150.0
SAL60765,Woodsdale,TAS,84.0,174.66,150.0,150.0,150.0
SAL60766,Woodstock (Tas.),TAS,35.0,8.96,0.0,0.0,0.0
SAL60767,Woolnorth,TAS,161.0,626.07,235.0,235.0,235.0
SAL60768,Wyena,TAS,22.0,51.12,0.0,0.0,0.0
SAL60769,Wynyard,TAS,6296.0,91.42,221.0,221.0,221.0
SAL60770,Yambacoona,TAS,41.0,182.37,0.0,0.0,0.0
SAL60771,Yarra Creek,TAS,19.0,49.74,8.0,8.0,8.0
SAL60772,Yolla,TAS,286.0,57.31,200.0,200.0,200.0
SAL60773,York Plains (Tas.),TAS,69.0,182.43,195.0,195.0,195.0
SAL60774,York Town,TAS,78.0,39.13,0.0,0.0,0.0
SAL60775,Youngtown,TAS,4315.0,7.79,295.0,295.0,295.0
SAL60776,Zeehan,TAS,722.0,163.89,160.0,160.0,160.0
SAL69494,No Usual Address (Tas.),TAS,1377.0,,0.0,0.0,0.0
SAL69797,Migratory - Offshore - Shipping (Tas.),TAS,19.0,,0.0,0.0,0.0
SAL70001,Acacia Hills (Nt),NT,711.0,134.64,390.0,390.0,390.0
SAL70002,Adelaide River,NT,317.0,155.7,200.0,200.0,200.0
SAL70003,Alawa,NT,2078.0,1.31,340.0,340.0,340.0
SAL70004,Ali Curung,NT,394.0,511.16,65.0,65.0,65.0
SAL70005,Alice Springs,NT,231.0,1.61,313.0,313.0,313.0
SAL70006,Alpurrurulam,NT,350.0,11.52,92.0,92.0,92.0
SAL70007,Alyangula,NT,751.0,2.93,80.0,80.0,80.0
SAL70008,Amoonguna,NT,229.0,6.7,50.0,50.0,50.0
SAL70009,Ampilatwatja,NT,439.0,32.9,65.0,65.0,65.0
SAL70010,Anatye,NT,160.0,53398.33,25.0,25.0,25.0
SAL70011,Angurugu,NT,883.0,1.62,70.0,70.0,70.0
SAL70012,Anindilyakwa,NT,375.0,2770.07,100.0,100.0,100.0
SAL70013,Anmatjere,NT,446.0,63706.26,73.0,73.0,73.0
SAL70014,Anula,NT,2385.0,1.39,400.0,400.0,400.0
SAL70015,Araluen (Nt),NT,2673.0,4.97,440.0,440.0,440.0
SAL70016,Archer,NT,3.0,11.96,0.0,0.0,0.0
SAL70017,Areyonga,NT,236.0,8.41,65.0,65.0,65.0
SAL70018,Arnold (Nt),NT,75.0,19867.21,0.0,0.0,0.0
SAL70019,Arumbera,NT,257.0,84.08,100.0,100.0,100.0
SAL70020,Atitjere,NT,204.0,8.32,80.0,80.0,80.0
SAL70021,Baines,NT,239.0,25512.36,74.0,74.0,74.0
SAL70022,Bakewell,NT,3091.0,1.39,380.0,380.0,380.0
SAL70023,Barunga,NT,337.0,8.0,100.0,100.0,100.0
SAL70024,Batchelor,NT,396.0,122.69,150.0,150.0,150.0
SAL70025,Bayview (Nt),NT,1702.0,1.39,560.0,560.0,560.0
SAL70026,Bees Creek,NT,803.0,19.55,408.0,408.0,408.0
SAL70027,Bellamack,NT,2423.0,1.36,360.0,360.0,360.0
SAL70028,Belyuen,NT,149.0,43.72,75.0,75.0,75.0
SAL70029,Berrimah,NT,1199.0,11.01,400.0,400.0,400.0
SAL70030,Berry Springs,NT,870.0,91.29,300.0,300.0,300.0
SAL70031,Beswick,NT,542.0,2.95,64.0,64.0,64.0
SAL70032,Beswick Creek,NT,16.0,4381.8,0.0,0.0,0.0
SAL70033,Binjari,NT,240.0,3.01,100.0,100.0,100.0
SAL70034,Birdum,NT,63.0,18266.92,0.0,0.0,0.0
SAL70035,Black Jungle,NT,0.0,38.33,0.0,0.0,0.0
SAL70036,Blackmore,NT,0.0,89.54,0.0,0.0,0.0
SAL70037,Borroloola,NT,755.0,13.68,33.0,33.0,33.0
SAL70038,Bradshaw,NT,55.0,15285.51,257.0,257.0,257.0
SAL70039,Braitling,NT,3160.0,5.84,430.0,430.0,430.0
SAL70040,Brinkin,NT,1117.0,1.5,360.0,360.0,360.0
SAL70041,Buchanan (Nt),NT,80.0,26902.8,0.0,0.0,0.0
SAL70042,Buffalo Creek,NT,0.0,10.72,0.0,0.0,0.0
SAL70043,Bulman Weemol,NT,263.0,14.8,115.0,115.0,115.0
SAL70044,Burrundie,NT,8.0,3490.31,0.0,0.0,0.0
SAL70045,Burt Plain,NT,230.0,11656.3,25.0,25.0,25.0
SAL70046,Bynoe,NT,98.0,400.38,353.0,353.0,353.0
SAL70047,Bynoe Harbour,NT,0.0,54.16,0.0,0.0,0.0
SAL70048,Calvert (Nt),NT,21.0,25857.9,0.0,0.0,0.0
SAL70049,Camp Creek (Nt),NT,0.0,103.54,0.0,0.0,0.0
SAL70050,Canteen Creek,NT,147.0,1.38,60.0,60.0,60.0
SAL70051,Casuarina (Nt),NT,406.0,0.44,460.0,460.0,460.0
SAL70052,Channel Island,NT,0.0,1.44,0.0,0.0,0.0
SAL70053,Charles Darwin,NT,0.0,10.29,0.0,0.0,0.0
SAL70054,Charlotte,NT,19.0,489.1,80.0,80.0,80.0
SAL70055,Chilla Well,NT,0.0,25772.63,0.0,0.0,0.0
SAL70056,Ciccone,NT,281.0,2.48,240.0,240.0,240.0
SAL70057,Claravale,NT,5.0,2890.89,0.0,0.0,0.0
SAL70058,Cobourg,NT,32.0,2148.17,50.0,50.0,50.0
SAL70059,Coconut Grove,NT,2892.0,1.5,300.0,300.0,300.0
SAL70060,Collett Creek,NT,0.0,75.44,0.0,0.0,0.0
SAL70061,Connellan,NT,371.0,47.02,300.0,300.0,300.0
SAL70062,Coolalinga,NT,510.0,1.2,340.0,340.0,340.0
SAL70063,Coomalie Creek,NT,8.0,188.35,0.0,0.0,0.0
SAL70064,Coonawarra (Nt),NT,20.0,1.69,0.0,0.0,0.0
SAL70065,Cossack (Nt),NT,1293.0,275.65,250.0,250.0,250.0
SAL70066,Costello,NT,23.0,45158.03,0.0,0.0,0.0
SAL70067,Cox Peninsula,NT,6.0,822.67,0.0,0.0,0.0
SAL70068,Creswell,NT,54.0,31327.02,114.0,114.0,114.0
SAL70069,Daguragu,NT,196.0,48.8,59.0,59.0,59.0
SAL70070,Daly,NT,0.0,48.9,0.0,0.0,0.0
SAL70071,Daly River,NT,116.0,1969.06,90.0,90.0,90.0
SAL70072,Daly Waters,NT,55.0,5.42,0.0,0.0,0.0
SAL70073,Darwin City,NT,7149.0,3.35,450.0,450.0,450.0
SAL70074,Darwin River,NT,627.0,150.48,268.0,268.0,268.0
SAL70075,Darwin River Dam,NT,0.0,280.44,0.0,0.0,0.0
SAL70076,Davenport (Nt),NT,145.0,33143.67,70.0,70.0,70.0
SAL70077,Delamere (Nt),NT,65.0,12341.13,0.0,0.0,0.0
SAL70078,Desert Springs,NT,1536.0,2.97,500.0,500.0,500.0
SAL70079,Douglas-Daly,NT,173.0,5230.82,0.0,0.0,0.0
SAL70080,Driver,NT,2747.0,1.81,350.0,350.0,350.0
SAL70081,Dundee Beach,NT,267.0,79.1,190.0,190.0,190.0
SAL70082,Dundee Downs,NT,112.0,39.11,0.0,0.0,0.0
SAL70083,Dundee Forest,NT,85.0,189.05,250.0,250.0,250.0
SAL70084,Durack (Nt),NT,3730.0,3.1,500.0,500.0,500.0
SAL70085,East Arm,NT,15.0,15.15,635.0,635.0,635.0
SAL70086,East Arnhem,NT,1194.0,32674.54,35.0,35.0,35.0
SAL70087,East Point,NT,0.0,2.51,0.0,0.0,0.0
SAL70088,East Side,NT,3098.0,4.65,393.0,393.0,393.0
SAL70089,Eaton (Nt),NT,284.0,16.25,254.0,254.0,254.0
SAL70090,Edith (Nt),NT,186.0,1217.54,300.0,300.0,300.0
SAL70091,Elliott (Nt),NT,287.0,3.31,129.0,129.0,129.0
SAL70092,Elrundie,NT,0.0,8.2,0.0,0.0,0.0
SAL70093,Elsey,NT,12.0,9112.03,150.0,150.0,150.0
SAL70094,Emungalan,NT,254.0,75.07,200.0,200.0,200.0
SAL70095,Engawala,NT,164.0,4.52,70.0,70.0,70.0
SAL70096,Eva Valley,NT,101.0,60.67,400.0,400.0,400.0
SAL70097,Fannie Bay,NT,2875.0,2.23,390.0,390.0,390.0
SAL70098,Farrar,NT,1650.0,1.55,455.0,455.0,455.0
SAL70099,Finke,NT,191.0,35.52,75.0,75.0,75.0
SAL70100,Finniss Valley,NT,84.0,114.2,100.0,100.0,100.0
SAL70101,Florina,NT,118.0,1514.33,277.0,277.0,277.0
SAL70102,Fly Creek,NT,189.0,34.9,380.0,380.0,380.0
SAL70103,Flying Fox (Nt),NT,64.0,18742.67,20.0,20.0,20.0
SAL70104,Flynn (Nt),NT,119.0,17.39,90.0,90.0,90.0
SAL70105,Freds Pass,NT,12.0,2.44,0.0,0.0,0.0
SAL70106,Galiwinku,NT,2199.0,5.1,200.0,200.0,200.0
SAL70107,Gapuwiyak,NT,705.0,12.59,90.0,90.0,90.0
SAL70108,Ghan,NT,132.0,67903.2,0.0,0.0,0.0
SAL70109,Gillen,NT,4466.0,3.05,400.0,400.0,400.0
SAL70110,Girraween (Nt),NT,1668.0,24.91,420.0,420.0,420.0
SAL70111,Glyde Point,NT,0.0,43.36,0.0,0.0,0.0
SAL70112,Gray (Nt),NT,3142.0,1.59,300.0,300.0,300.0
SAL70113,Gregory (Nt),NT,107.0,16930.98,20.0,20.0,20.0
SAL70114,Gulung Mardrulk,NT,0.0,19221.37,0.0,0.0,0.0
SAL70115,Gunbalanya,NT,1177.0,539.77,70.0,70.0,70.0
SAL70116,Gunn,NT,2564.0,1.53,480.0,480.0,480.0
SAL70117,Gunn Point,NT,3.0,39.46,0.0,0.0,0.0
SAL70118,Gunyangara,NT,241.0,3.04,90.0,90.0,90.0
SAL70119,Gurindji,NT,18.0,36083.79,0.0,0.0,0.0
SAL70120,Haasts Bluff,NT,82.0,6.94,100.0,100.0,100.0
SAL70121,Hale,NT,72.0,26454.23,10.0,10.0,10.0
SAL70122,Hart (Nt),NT,105.0,21553.91,53.0,53.0,53.0
SAL70123,Herbert,NT,1610.0,37.68,460.0,460.0,460.0
SAL70124,Hermannsburg,NT,551.0,16.0,90.0,90.0,90.0
SAL70125,Hidden Valley (Nt),NT,3.0,8.17,0.0,0.0,0.0
SAL70126,Holmes,NT,0.0,14.49,0.0,0.0,0.0
SAL70127,Holtze,NT,1940.0,43.47,230.0,230.0,230.0
SAL70128,Hotham,NT,6.0,942.65,0.0,0.0,0.0
SAL70129,Howard Springs,NT,3153.0,81.09,400.0,400.0,400.0
SAL70130,Hugh,NT,895.0,11570.73,30.0,30.0,30.0
SAL70131,Hughes (Nt),NT,73.0,13.38,277.0,277.0,277.0
SAL70132,Humpty Doo,NT,4313.0,75.68,400.0,400.0,400.0
SAL70133,Ilparpa,NT,542.0,34.62,260.0,260.0,260.0
SAL70134,Imanpa,NT,124.0,19.94,50.0,50.0,50.0
SAL70135,Irlpme,NT,0.0,47.93,0.0,0.0,0.0
SAL70136,Jabiru,NT,755.0,14.28,65.0,65.0,65.0
SAL70137,Jilkminggan,NT,263.0,6.57,48.0,48.0,48.0
SAL70138,Jingili,NT,1841.0,1.39,400.0,400.0,400.0
SAL70139,Johnston,NT,2386.0,2.75,370.0,370.0,370.0
SAL70140,Kakadu,NT,315.0,16828.24,92.0,92.0,92.0
SAL70141,Kalkarindji,NT,383.0,6.88,76.0,76.0,76.0
SAL70142,Kaltukatjara,NT,229.0,46.75,65.0,65.0,65.0
SAL70143,Karama,NT,4803.0,2.18,293.0,293.0,293.0
SAL70144,Katherine,NT,1254.0,5.39,360.0,360.0,360.0
SAL70145,Katherine East,NT,3061.0,8.45,350.0,350.0,350.0
SAL70146,Katherine South,NT,1507.0,5.5,320.0,320.0,320.0
SAL70147,Kilgariff,NT,551.0,12.16,202.0,202.0,202.0
SAL70148,Kintore,NT,420.0,9.76,100.0,100.0,100.0
SAL70149,Knuckey Lagoon,NT,498.0,19.22,300.0,300.0,300.0
SAL70150,Koolpinyah,NT,0.0,824.54,0.0,0.0,0.0
SAL70151,Kunparrka,NT,121.0,6992.48,62.0,62.0,62.0
SAL70152,Lajamanu,NT,655.0,8108.07,70.0,70.0,70.0
SAL70153,Lake Bennett,NT,129.0,174.16,300.0,300.0,300.0
SAL70154,Lake Mackay,NT,25.0,91939.86,0.0,0.0,0.0
SAL70155,Lambells Lagoon,NT,239.0,99.17,135.0,135.0,135.0
SAL70156,Lansdowne (Nt),NT,499.0,221.12,250.0,250.0,250.0
SAL70157,Laramba,NT,189.0,5.98,75.0,75.0,75.0
SAL70158,Larapinta (Nt),NT,2368.0,17.37,350.0,350.0,350.0
SAL70159,Larrakeyah,NT,3943.0,2.05,395.0,395.0,395.0
SAL70160,Larrimah,NT,27.0,66.35,25.0,25.0,25.0
SAL70161,Leanyer,NT,4597.0,2.64,400.0,400.0,400.0
SAL70162,Lee Point,NT,94.0,4.6,180.0,180.0,180.0
SAL70163,Limmen,NT,203.0,16159.83,25.0,25.0,25.0
SAL70164,Litchfield Park,NT,34.0,1552.62,70.0,70.0,70.0
SAL70165,Livingstone,NT,443.0,53.4,350.0,350.0,350.0
SAL70166,Lloyd Creek,NT,225.0,53.67,470.0,470.0,470.0
SAL70167,Ludmilla,NT,1667.0,4.16,300.0,300.0,300.0
SAL70168,Lyons (Nt),NT,2219.0,1.02,265.0,265.0,265.0
SAL70169,Malak,NT,3013.0,1.85,301.0,301.0,301.0
SAL70170,Manbulloo,NT,14.0,4552.21,250.0,250.0,250.0
SAL70171,Mandorah,NT,0.0,1.24,0.0,0.0,0.0
SAL70172,Maningrida,NT,2518.0,11.63,90.0,90.0,90.0
SAL70173,Manton (Nt),NT,87.0,88.57,50.0,50.0,50.0
SAL70174,Maranunga,NT,0.0,5.58,0.0,0.0,0.0
SAL70175,Margaret River (Nt),NT,14.0,1157.69,0.0,0.0,0.0
SAL70176,Marlow Lagoon,NT,754.0,5.21,550.0,550.0,550.0
SAL70177,Marrakai,NT,564.0,2333.03,190.0,190.0,190.0
SAL70178,Marrara,NT,1323.0,3.25,370.0,370.0,370.0
SAL70179,Mataranka,NT,384.0,249.71,100.0,100.0,100.0
SAL70180,Mcarthur,NT,392.0,33666.62,34.0,34.0,34.0
SAL70181,Mcminns Lagoon,NT,687.0,14.16,400.0,400.0,400.0
SAL70182,Mereenie,NT,4.0,5951.11,0.0,0.0,0.0
SAL70183,Micket Creek,NT,0.0,13.94,0.0,0.0,0.0
SAL70184,Middle Point,NT,55.0,118.14,200.0,200.0,200.0
SAL70185,Milikapiti,NT,414.0,12.02,70.0,70.0,70.0
SAL70186,Milingimbi,NT,1097.0,4.68,45.0,45.0,45.0
SAL70187,Millner,NT,2576.0,1.55,340.0,340.0,340.0
SAL70188,Milyakburra,NT,106.0,5.52,60.0,60.0,60.0
SAL70189,Miniyeri,NT,650.0,3.14,70.0,70.0,70.0
SAL70190,Minjilang,NT,265.0,11.95,70.0,70.0,70.0
SAL70191,Mitchell (Nt),NT,0.0,8.28,0.0,0.0,0.0
SAL70192,Moil,NT,2000.0,1.1,310.0,310.0,310.0
SAL70193,Moulden,NT,3053.0,1.85,295.0,295.0,295.0
SAL70194,Mount Bundey,NT,16.0,2655.71,0.0,0.0,0.0
SAL70195,Mount Johns,NT,541.0,17.77,345.0,345.0,345.0
SAL70196,Mount Liebig,NT,240.0,8.26,120.0,120.0,120.0
SAL70197,Mount Zeil,NT,69.0,7972.0,0.0,0.0,0.0
SAL70198,Muirhead,NT,3689.0,1.8,313.0,313.0,313.0
SAL70199,Murrumujuk,NT,0.0,71.09,0.0,0.0,0.0
SAL70200,Mutitjulu,NT,296.0,3.09,90.0,90.0,90.0
SAL70201,Nakara,NT,1906.0,0.89,420.0,420.0,420.0
SAL70202,Namatjira,NT,164.0,5202.27,30.0,30.0,30.0
SAL70203,Nauiyu,NT,350.0,45.54,100.0,100.0,100.0
SAL70204,Nemarluk,NT,305.0,14821.58,50.0,50.0,50.0
SAL70205,Newcastle Waters,NT,122.0,4.81,25.0,25.0,25.0
SAL70206,Nganmarriyanga,NT,364.0,49.72,50.0,50.0,50.0
SAL70207,Ngukurr,NT,1088.0,12.94,90.0,90.0,90.0
SAL70208,Nhulunbuy,NT,3350.0,69.04,120.0,120.0,120.0
SAL70209,Nicholson (Nt),NT,57.0,29855.56,0.0,0.0,0.0
SAL70210,Nightcliff,NT,3884.0,1.53,350.0,350.0,350.0
SAL70211,Nitmiluk,NT,212.0,7013.32,69.0,69.0,69.0
SAL70212,Noonamah,NT,328.0,36.36,290.0,290.0,290.0
SAL70213,Numbulwar,NT,681.0,5.57,75.0,75.0,75.0
SAL70214,Numburindi,NT,36.0,4713.27,25.0,25.0,25.0
SAL70215,Nyirripi,NT,251.0,9.69,82.0,82.0,82.0
SAL70216,Palmerston City,NT,194.0,0.64,259.0,259.0,259.0
SAL70217,Pamayu,NT,40.0,37547.19,84.0,84.0,84.0
SAL70218,Papunya,NT,438.0,5.64,83.0,83.0,83.0
SAL70219,Parap,NT,2819.0,1.16,415.0,415.0,415.0
SAL70220,Pellew Islands,NT,3.0,718.2,110.0,110.0,110.0
SAL70221,Peppimenarti,NT,190.0,6.05,70.0,70.0,70.0
SAL70222,Petermann,NT,138.0,85240.07,20.0,20.0,20.0
SAL70223,Pigeon Hole,NT,121.0,40.94,90.0,90.0,90.0
SAL70224,Pine Creek (Nt),NT,318.0,428.93,120.0,120.0,120.0
SAL70225,Pinelands (Nt),NT,19.0,3.84,275.0,275.0,275.0
SAL70226,Pirlangimpi,NT,317.0,12.41,80.0,80.0,80.0
SAL70227,Point Stuart,NT,35.0,2286.69,200.0,200.0,200.0
SAL70228,Rakula,NT,59.0,3016.15,80.0,80.0,80.0
SAL70229,Ramingining,NT,814.0,29.9,40.0,40.0,40.0
SAL70230,Ranken,NT,51.0,22591.32,143.0,143.0,143.0
SAL70231,Rapid Creek,NT,3261.0,2.02,350.0,350.0,350.0
SAL70232,Robin Falls,NT,46.0,584.1,0.0,0.0,0.0
SAL70233,Robinson River,NT,180.0,1.25,95.0,95.0,95.0
SAL70234,Rosebery (Nt),NT,4127.0,1.99,420.0,420.0,420.0
SAL70235,Ross (Nt),NT,806.0,22.36,300.0,300.0,300.0
SAL70236,Rum Jungle,NT,88.0,145.77,0.0,0.0,0.0
SAL70237,Sadadeen,NT,2307.0,5.57,320.0,320.0,320.0
SAL70238,Sandover,NT,569.0,22065.18,50.0,50.0,50.0
SAL70239,Santa Teresa,NT,609.0,1501.29,85.0,85.0,85.0
SAL70240,Shoal Bay (Nt),NT,0.0,216.93,130.0,130.0,130.0
SAL70241,Simpson (Nt),NT,0.0,61275.16,0.0,0.0,0.0
SAL70242,Southport (Nt),NT,215.0,5.21,335.0,335.0,335.0
SAL70243,Stapleton,NT,63.0,110.02,577.0,577.0,577.0
SAL70244,Stuart (Nt),NT,459.0,9.86,150.0,150.0,150.0
SAL70245,Stuart Park,NT,4101.0,1.74,400.0,400.0,400.0
SAL70246,Sturt Plateau,NT,37.0,13471.86,0.0,0.0,0.0
SAL70247,Tablelands (Nt),NT,188.0,37522.73,250.0,250.0,250.0
SAL70248,Tanami (Nt),NT,144.0,80143.1,0.0,0.0,0.0
SAL70249,Tanami East,NT,13.0,59170.35,75.0,75.0,75.0
SAL70250,Tara (Nt),NT,62.0,7.68,70.0,70.0,70.0
SAL70251,Tennant Creek,NT,3080.0,47.67,180.0,180.0,180.0
SAL70252,Thamarrurr,NT,188.0,3589.1,30.0,30.0,30.0
SAL70253,The Gap (Nt),NT,1945.0,1.98,350.0,350.0,350.0
SAL70254,The Gardens (Nt),NT,726.0,1.9,388.0,388.0,388.0
SAL70255,The Narrows (Nt),NT,632.0,0.35,300.0,300.0,300.0
SAL70256,Ti Tree,NT,88.0,75.81,25.0,25.0,25.0
SAL70257,Timber Creek,NT,278.0,173.21,90.0,90.0,90.0
SAL70258,Tindal,NT,850.0,114.09,260.0,260.0,260.0
SAL70259,Tipperary (Nt),NT,54.0,7606.68,0.0,0.0,0.0
SAL70260,Titjikala,NT,196.0,4.69,93.0,93.0,93.0
SAL70261,Tivendale,NT,0.0,3.88,0.0,0.0,0.0
SAL70262,Tiwi,NT,2511.0,3.29,375.0,375.0,375.0
SAL70263,Tiwi Islands,NT,194.0,7809.62,40.0,40.0,40.0
SAL70264,Top Springs,NT,11.0,3.05,145.0,145.0,145.0
SAL70265,Tortilla Flats,NT,37.0,65.87,0.0,0.0,0.0
SAL70266,Tumbling Waters,NT,254.0,67.5,350.0,350.0,350.0
SAL70267,Umbakumba,NT,419.0,7.33,125.0,125.0,125.0
SAL70268,Undoolya,NT,11.0,20.71,20.0,20.0,20.0
SAL70269,Uralla (Nt),NT,194.0,24.66,300.0,300.0,300.0
SAL70270,Van Diemen Gulf,NT,0.0,1.88,0.0,0.0,0.0
SAL70271,Venn,NT,189.0,634.17,398.0,398.0,398.0
SAL70272,Vernon Islands,NT,0.0,56.04,0.0,0.0,0.0
SAL70273,Victoria River,NT,126.0,29890.59,35.0,35.0,35.0
SAL70274,Virginia (Nt),NT,1811.0,34.46,460.0,460.0,460.0
SAL70275,Wadeye,NT,1924.0,22.31,50.0,50.0,50.0
SAL70276,Wagait Beach,NT,422.0,5.32,250.0,250.0,250.0
SAL70277,Wagaman,NT,2023.0,0.88,340.0,340.0,340.0
SAL70278,Wak Wak,NT,0.0,152.85,0.0,0.0,0.0
SAL70279,Wallace Rockhole,NT,87.0,5.11,40.0,40.0,40.0
SAL70280,Wanguri,NT,1836.0,0.93,410.0,410.0,410.0
SAL70281,Warruwi,NT,432.0,16.64,105.0,105.0,105.0
SAL70282,Warumungu,NT,146.0,45405.65,60.0,60.0,60.0
SAL70283,Weddell,NT,61.0,151.86,275.0,275.0,275.0
SAL70284,West Arnhem,NT,785.0,32558.13,30.0,30.0,30.0
SAL70285,White Gums,NT,182.0,28.47,265.0,265.0,265.0
SAL70286,Wickham (Nt),NT,10.0,72.73,0.0,0.0,0.0
SAL70287,Willowra,NT,222.0,15.91,75.0,75.0,75.0
SAL70288,Wilora,NT,59.0,3.11,75.0,75.0,75.0
SAL70289,Wilton (Nt),NT,118.0,8998.8,73.0,73.0,73.0
SAL70290,Winnellie,NT,197.0,4.65,270.0,270.0,270.0
SAL70291,Wishart (Nt),NT,0.0,2.28,0.0,0.0,0.0
SAL70292,Woodroffe,NT,3175.0,1.69,360.0,360.0,360.0
SAL70293,Woolner,NT,962.0,1.12,440.0,440.0,440.0
SAL70294,Wulagi,NT,2510.0,1.33,425.0,425.0,425.0
SAL70295,Wurrumiyanga,NT,1421.0,10.57,80.0,80.0,80.0
SAL70296,Wutunugurra,NT,143.0,1.14,60.0,60.0,60.0
SAL70297,Yarralin,NT,283.0,164.77,113.0,113.0,113.0
SAL70298,Yarrawonga (Nt),NT,49.0,1.52,285.0,285.0,285.0
SAL70299,Yirrkala,NT,657.0,8.74,83.0,83.0,83.0
SAL70300,Yuelamu,NT,149.0,31.23,75.0,75.0,75.0
SAL70301,Yuendumu,NT,740.0,12.12,90.0,90.0,90.0
SAL70302,Yulara,NT,853.0,126.51,134.0,134.0,134.0
SAL70303,Zuccoli,NT,4131.0,3.52,550.0,550.0,550.0
SAL79494,No Usual Address (Nt),NT,3500.0,,0.0,0.0,0.0
SAL79797,Migratory - Offshore - Shipping (Nt),NT,99.0,,0.0,0.0,0.0
SAL80001,Act Remainder - Belconnen,ACT,40.0,56.9,300.0,300.0,300.0
SAL80002,Act Remainder - Booth,ACT,64.0,176.03,400.0,400.0,400.0
SAL80003,Act Remainder - Canberra Central,ACT,0.0,10.12,0.0,0.0,0.0
SAL80004,Act Remainder - Coree,ACT,15.0,120.44,450.0,450.0,450.0
SAL80005,Act Remainder - Cotter River,ACT,0.0,508.9,330.0,330.0,330.0
SAL80006,Act Remainder - Gungahlin,ACT,19.0,61.57,227.0,227.0,227.0
SAL80007,Act Remainder - Hall,ACT,0.0,1.6,0.0,0.0,0.0
SAL80008,Act Remainder - Jerrabomberra,ACT,61.0,30.78,880.0,880.0,880.0
SAL80009,Act Remainder - Kowen,ACT,25.0,115.79,340.0,340.0,340.0
SAL80010,Act Remainder - Majura,ACT,161.0,123.82,380.0,380.0,380.0
SAL80011,Act Remainder - Molonglo Valley,ACT,11.0,20.11,0.0,0.0,0.0
SAL80012,Act Remainder - Paddys River,ACT,76.0,386.84,375.0,375.0,375.0
SAL80013,Act Remainder - Rendezvous Creek,ACT,0.0,1139.7,0.0,0.0,0.0
SAL80014,Act Remainder - Stromlo,ACT,75.0,113.87,415.0,415.0,415.0
SAL80015,Act Remainder - Tuggeranong,ACT,49.0,144.67,360.0,360.0,360.0
SAL80016,Act Remainder - Weston Creek,ACT,0.0,2.34,245.0,245.0,245.0
SAL80017,Acton (Act),ACT,2848.0,9.01,9.0,9.0,9.0
SAL80018,Ainslie,ACT,5376.0,5.32,367.0,367.0,367.0
SAL80019,Amaroo (Act),ACT,6129.0,3.88,460.0,460.0,460.0
SAL80020,Aranda,ACT,2605.0,2.35,530.0,530.0,530.0
SAL80021,Banks,ACT,5100.0,3.4,424.0,424.0,424.0
SAL80022,Barton,ACT,1946.0,3.24,525.0,525.0,525.0
SAL80023,Beard,ACT,3.0,0.67,0.0,0.0,0.0
SAL80024,Belconnen,ACT,8502.0,6.65,430.0,430.0,430.0
SAL80025,Bonner,ACT,7339.0,4.13,520.0,520.0,520.0
SAL80026,Bonython,ACT,3839.0,4.38,445.0,445.0,445.0
SAL80027,Braddon,ACT,6383.0,2.12,495.0,495.0,495.0
SAL80028,Bruce (Act),ACT,7520.0,9.93,430.0,430.0,430.0
SAL80029,Calwell,ACT,5730.0,5.88,448.0,448.0,448.0
SAL80030,Campbell,ACT,6564.0,8.38,500.0,500.0,500.0
SAL80031,Canberra Airport,ACT,125.0,6.82,420.0,420.0,420.0
SAL80032,Capital Hill,ACT,3.0,1.06,178.0,178.0,178.0
SAL80033,Casey,ACT,6471.0,3.93,502.0,502.0,502.0
SAL80034,Chapman,ACT,2867.0,2.8,450.0,450.0,450.0
SAL80035,Charnwood,ACT,3055.0,2.79,380.0,380.0,380.0
SAL80036,Chifley (Act),ACT,2680.0,2.39,450.0,450.0,450.0
SAL80037,Chisholm (Act),ACT,5268.0,4.69,410.0,410.0,410.0
SAL80038,City,ACT,4835.0,2.15,550.0,550.0,550.0
SAL80039,Conder,ACT,5108.0,6.83,390.0,390.0,390.0
SAL80040,Cook,ACT,2965.0,2.38,440.0,440.0,440.0
SAL80041,Coombs,ACT,4851.0,3.49,480.0,480.0,480.0
SAL80042,Crace,ACT,4800.0,2.48,460.0,460.0,460.0
SAL80043,Curtin,ACT,5569.0,7.24,450.0,450.0,450.0
SAL80044,Deakin,ACT,3124.0,5.38,560.0,560.0,560.0
SAL80045,Denman Prospect,ACT,2759.0,7.14,498.0,498.0,498.0
SAL80046,Dickson,ACT,3292.0,2.37,500.0,500.0,500.0
SAL80047,Downer,ACT,4296.0,2.46,420.0,420.0,420.0
SAL80048,Duffy,ACT,3395.0,4.21,445.0,445.0,445.0
SAL80049,Dunlop,ACT,7265.0,5.41,465.0,465.0,465.0
SAL80050,Evatt,ACT,5531.0,4.6,466.0,466.0,466.0
SAL80051,Fadden,ACT,3006.0,4.69,620.0,620.0,620.0
SAL80052,Farrer,ACT,3787.0,3.12,450.0,450.0,450.0
SAL80053,Fisher (Act),ACT,3219.0,2.38,415.0,415.0,415.0
SAL80054,Florey,ACT,4781.0,4.14,415.0,415.0,415.0
SAL80055,Flynn (Act),ACT,3671.0,3.15,481.0,481.0,481.0
SAL80056,Forde,ACT,4435.0,2.95,590.0,590.0,590.0
SAL80057,Forrest (Act),ACT,1827.0,2.39,570.0,570.0,570.0
SAL80058,Franklin (Act),ACT,7484.0,3.45,460.0,460.0,460.0
SAL80059,Fraser,ACT,2126.0,3.71,450.0,450.0,450.0
SAL80060,Fyshwick,ACT,52.0,14.7,323.0,323.0,323.0
SAL80061,Garran,ACT,3706.0,4.06,550.0,550.0,550.0
SAL80062,Gilmore (Act),ACT,2706.0,3.09,430.0,430.0,430.0
SAL80063,Giralang,ACT,3372.0,3.67,460.0,460.0,460.0
SAL80064,Gordon (Act),ACT,7892.0,6.71,420.0,420.0,420.0
SAL80065,Gowrie (Act),ACT,3140.0,2.91,440.0,440.0,440.0
SAL80066,Greenway,ACT,4129.0,8.01,450.0,450.0,450.0
SAL80067,Griffith (Act),ACT,5328.0,4.15,462.0,462.0,462.0
SAL80068,Gungahlin,ACT,8586.0,6.85,450.0,450.0,450.0
SAL80069,Hackett,ACT,3227.0,2.93,374.0,374.0,374.0
SAL80070,Hall,ACT,298.0,2.7,375.0,375.0,375.0
SAL80071,Harrison,ACT,8244.0,4.38,450.0,450.0,450.0
SAL80072,Hawker (Act),ACT,3008.0,2.94,375.0,375.0,375.0
SAL80073,Higgins,ACT,3321.0,2.51,400.0,400.0,400.0
SAL80074,Holder (Act),ACT,2816.0,2.82,465.0,465.0,465.0
SAL80075,Holt,ACT,5628.0,4.95,396.0,396.0,396.0
SAL80076,Hughes (Act),ACT,3210.0,2.69,400.0,400.0,400.0
SAL80077,Hume,ACT,395.0,12.91,110.0,110.0,110.0
SAL80078,Isaacs,ACT,2379.0,4.65,520.0,520.0,520.0
SAL80079,Isabella Plains,ACT,4329.0,3.77,450.0,450.0,450.0
SAL80080,Jacka,ACT,712.0,4.36,450.0,450.0,450.0
SAL80081,Kaleen,ACT,7672.0,9.05,460.0,460.0,460.0
SAL80082,Kambah,ACT,15670.0,17.09,400.0,400.0,400.0
SAL80083,Kingston (Act),ACT,6579.0,2.11,510.0,510.0,510.0
SAL80084,Latham (Act),ACT,3767.0,4.1,400.0,400.0,400.0
SAL80085,Lawson (Act),ACT,2739.0,4.63,548.0,548.0,548.0
SAL80086,Lyneham,ACT,5703.0,8.23,425.0,425.0,425.0
SAL80087,Lyons (Act),ACT,3271.0,3.41,360.0,360.0,360.0
SAL80088,Macarthur (Act),ACT,1405.0,1.96,520.0,520.0,520.0
SAL80089,Macgregor (Act),ACT,7049.0,6.42,464.0,464.0,464.0
SAL80090,Macnamara,ACT,0.0,6.32,0.0,0.0,0.0
SAL80091,Macquarie,ACT,3104.0,2.56,400.0,400.0,400.0
SAL80092,Mawson,ACT,3440.0,3.18,400.0,400.0,400.0
SAL80093,Mckellar,ACT,2740.0,2.12,438.0,438.0,438.0
SAL80094,Melba,ACT,3383.0,3.46,400.0,400.0,400.0
SAL80095,Mitchell (Act),ACT,7.0,5.11,0.0,0.0,0.0
SAL80096,Molonglo,ACT,0.0,3.29,0.0,0.0,0.0
SAL80097,Monash (Act),ACT,5644.0,5.15,450.0,450.0,450.0
SAL80098,Moncrieff,ACT,5310.0,2.87,470.0,470.0,470.0
SAL80099,Narrabundah,ACT,6455.0,6.16,440.0,440.0,440.0
SAL80100,Ngunnawal,ACT,10957.0,6.24,450.0,450.0,450.0
SAL80101,Nicholls,ACT,6680.0,10.06,502.0,502.0,502.0
SAL80102,O'Connor (Act),ACT,5917.0,6.19,451.0,451.0,451.0
SAL80103,O'Malley,ACT,928.0,3.93,975.0,975.0,975.0
SAL80104,Oaks Estate,ACT,375.0,0.62,220.0,220.0,220.0
SAL80105,Oxley (Act),ACT,1703.0,1.64,400.0,400.0,400.0
SAL80106,Page,ACT,3054.0,1.99,438.0,438.0,438.0
SAL80107,Palmerston (Act),ACT,5579.0,2.92,450.0,450.0,450.0
SAL80108,Parkes (Act),ACT,0.0,4.62,0.0,0.0,0.0
SAL80109,Pearce,ACT,2687.0,2.57,430.0,430.0,430.0
SAL80110,Phillip,ACT,5197.0,3.88,440.0,440.0,440.0
SAL80111,Pialligo,ACT,138.0,12.56,320.0,320.0,320.0
SAL80112,Red Hill (Act),ACT,3146.0,7.32,500.0,500.0,500.0
SAL80113,Reid (Act),ACT,1544.0,1.41,430.0,430.0,430.0
SAL80114,Richardson,ACT,3058.0,3.38,391.0,391.0,391.0
SAL80115,Rivett,ACT,3354.0,2.43,322.0,322.0,322.0
SAL80116,Russell,ACT,0.0,0.74,0.0,0.0,0.0
SAL80117,Scullin,ACT,3069.0,2.14,390.0,390.0,390.0
SAL80118,Spence (Act),ACT,2587.0,2.28,375.0,375.0,375.0
SAL80119,Stirling (Act),ACT,2191.0,1.99,460.0,460.0,460.0
SAL80120,Strathnairn,ACT,714.0,6.3,515.0,515.0,515.0
SAL80121,Symonston,ACT,655.0,14.75,275.0,275.0,275.0
SAL80122,Taylor,ACT,2220.0,6.12,282.0,282.0,282.0
SAL80123,Tharwa,ACT,82.0,6.01,187.0,187.0,187.0
SAL80124,Theodore (Act),ACT,3798.0,4.73,430.0,430.0,430.0
SAL80125,Throsby,ACT,2405.0,2.22,375.0,375.0,375.0
SAL80126,Torrens,ACT,2424.0,1.96,478.0,478.0,478.0
SAL80127,Turner,ACT,4470.0,2.31,480.0,480.0,480.0
SAL80128,Uriarra Village,ACT,309.0,1.38,410.0,410.0,410.0
SAL80129,Wanniassa,ACT,7885.0,8.14,400.0,400.0,400.0
SAL80130,Waramanga,ACT,2785.0,2.58,379.0,379.0,379.0
SAL80131,Watson,ACT,6727.0,5.52,437.0,437.0,437.0
SAL80132,Weetangera,ACT,2795.0,2.38,490.0,490.0,490.0
SAL80133,Weston (Act),ACT,4000.0,5.79,420.0,420.0,420.0
SAL80134,Whitlam,ACT,7.0,4.9,0.0,0.0,0.0
SAL80135,Wright,ACT,3808.0,1.91,461.0,461.0,461.0
SAL80136,Yarralumla,ACT,3120.0,12.48,547.0,547.0,547.0
SAL89494,No Usual Address (Act),ACT,605.0,,0.0,0.0,0.0
SAL89797,Migratory - Offshore - Shipping (Act),ACT,0.0,,0.0,0.0,0.0
SAL90001,Christmas Island,,1692.0,141.68,150.0,150.0,150.0
SAL90002,Home Island,,448.0,8.21,250.0,250.0,250.0
SAL90003,Jervis Bay,,310.0,100.8,90.0,90.0,90.0
SAL90004,Norfolk Island,,2188.0,50.74,240.0,240.0,240.0
SAL90005,West Island,,147.0,6.24,68.0,68.0,68.0
SAL99494,No Usual Address (Ot),,11.0,,0.0,0.0,0.0
SAL99797,Migratory - Offshore - Shipping (Ot),,0.0,,0.0,0.0,0.0
nan,Outside Australia,,,,,,
